filename,group,bytes,sha256,width,height,datetime,lat,lon,alt_m,gps_valid
Buildings_1-1.jpg,Buildings_1,14272426,abfdc41953f45667fdcdefc06419acb7233fcffe7e7eae0f50396f94a3120c24,5467,3582,2020:06:28 06:17:37,41.868113,-87.6194153883333,249,true
Buildings_1-10.jpg,Buildings_1,11956858,d43b615474b7f65613a21ca7fb957f2001fe55c5d293c5f9ff21bf5f5b142160,5467,3582,2020:06:28 06:18:04,41.8681137216667,-87.6194181116667,313,true
Buildings_1-11.jpg,Buildings_1,9802153,90510cbe1fc36dd65f9103b8658ba18a75a34dcb35f4c49294cc551ad88b8f31,5467,3582,2020:06:28 06:18:07,41.868113305,-87.6194182216667,313,true
Buildings_1-12.jpg,Buildings_1,10441714,7a1ad27ef60799852928c428b86cc208e2ed7d4e7151534a31fb048ffa4b7539,5467,3582,2020:06:28 06:18:39,41.8682932783333,-87.6196106666667,313,true
Buildings_1-13.jpg,Buildings_1,10453965,8496c5b7811eb7a35efc63eb0b28b07c554149bb61d876fbaf32cc01625843fa,5467,3582,2020:06:28 06:18:42,41.8682936383333,-87.619611,313,true
Buildings_1-14.jpg,Buildings_1,10376504,155ca3683ead55bb6368fff5640a3c3fad023b44b8aef21b83da103d77337cd8,5467,3582,2020:06:28 06:18:45,41.8682941116667,-87.6196120833333,312,true
Buildings_1-15.jpg,Buildings_1,10562411,adad3025dbd5d362a527b5c2e29ea822917d94b61b91b6127f5065dab5ef47d0,5467,3582,2020:06:28 06:18:48,41.8682938616667,-87.6196113883333,308,true
Buildings_1-16.jpg,Buildings_1,10160726,f969cd43f7530b5c46202feddbc795bad7d32f840d1b51eb9f59f4f14395786a,5467,3582,2020:06:28 06:18:51,41.8682942783333,-87.6196109716667,300,true
Buildings_1-17.jpg,Buildings_1,11759428,2d11835d2082c6392f61e1e64d511dda31667fff8cbfad9e911a232c633861a6,5467,3582,2020:06:28 06:18:54,41.8682955,-87.6196106116667,294,true
Buildings_1-18.jpg,Buildings_1,11950620,a17d03b3c9b3f9d1e51098401fba3ae3a633dd1a2377761e95a190e836ed3732,5467,3582,2020:06:28 06:18:57,41.8682940833333,-87.619609445,289,true
Buildings_1-19.jpg,Buildings_1,12361146,72989fcae31221da0ebf73b8cbaea895740fa25b40ccf75791affdef95aca3d6,5467,3582,2020:06:28 06:19:00,41.8682944166667,-87.6196095283333,280,true
Buildings_1-2.jpg,Buildings_1,14209546,23bdb7f0e1e65456bb1321a512046d39aed06418a2a1d67d38309cfbbc17cb9b,5467,3582,2020:06:28 06:17:40,41.8681130833333,-87.6194156116667,253,true
Buildings_1-20.jpg,Buildings_1,13376247,5a6b6685941778e209a7ac61cd25fd426066100976ce3f4daf7e14b9715f5b38,5467,3582,2020:06:28 06:19:03,41.8682939716667,-87.6196086383333,271,true
Buildings_1-21.jpg,Buildings_1,13571004,6b541cdc3ba49dc24e73f4feb849c045a9c4a7a5ea3520f11fd5938573d4a61d,5467,3582,2020:06:28 06:19:06,41.8682937216667,-87.6196091666667,264,true
Buildings_1-22.jpg,Buildings_1,13771229,b2c17990f381b734f8a374991de69270c7df1c297b3e69ba95c928cc984f275c,5467,3582,2020:06:28 06:19:09,41.868292445,-87.6196104166667,258,true
Buildings_1-23.jpg,Buildings_1,13831851,57dc8adfdd3c7ce87a6a7761dc9252410e127f859728d6da02140d89a89b1231,5467,3582,2020:06:28 06:19:12,41.8682928883333,-87.6196105833333,249,true
Buildings_1-24.jpg,Buildings_1,13805641,06377641807aef28f46703afe76d6d490b8f28f676dfe5d4da7e59218d0d6e3f,5467,3582,2020:06:28 06:19:15,41.8682933333333,-87.6196106116667,245,true
Buildings_1-25.jpg,Buildings_1,13898847,a784ed1f82f98ac1bddb97fffe9ddc99741f712af6aee408b90dfc247fdefc16,5467,3582,2020:06:28 06:19:18,41.8682934166667,-87.6196107216667,237,true
Buildings_1-26.jpg,Buildings_1,13935871,b7d8218e45b7dee02de8e39c2f825e8d1a9fd433a9b12b30fed7373f85eb3d28,5467,3582,2020:06:28 06:19:22,41.8682935,-87.619610195,232,true
Buildings_1-27.jpg,Buildings_1,13893565,ce2af4ffef1582f61337014928f0b6a843fe4d80190a6e203922a4afd449a3cc,5467,3582,2020:06:28 06:19:25,41.868294,-87.6196111666667,228,true
Buildings_1-28.jpg,Buildings_1,14017737,82eb365886a550b177571a66e9d804819c89a8c7e88607bf224123c717e8eccc,5467,3582,2020:06:28 06:19:54,41.8684235283333,-87.6198440833333,230,true
Buildings_1-29.jpg,Buildings_1,14015200,9a5b91b9a38297a31aa33117a7298d4700351b9521100741cf6b1d82e9a266ce,5467,3582,2020:06:28 06:19:57,41.8684241116667,-87.6198435283333,232,true
Buildings_1-3.jpg,Buildings_1,14095816,dbd038b11045985e84861f9ead1d615d9cf19094f0c81eeb06d685464fcce441,5467,3582,2020:06:28 06:17:43,41.8681134166667,-87.6194148333333,262,true
Buildings_1-30.jpg,Buildings_1,13933395,268d6bd2573d75875a8d128ecd97184f6cead9d120df4e8acbcc0dbef0a3ac0a,5467,3582,2020:06:28 06:20:00,41.868424195,-87.6198438333333,238,true
Buildings_1-31.jpg,Buildings_1,13859166,2b981be5ea2fcf5e0da1e8bc28c27ca187e7cd35a85c4d61e06285a0ba08bc1c,5467,3582,2020:06:28 06:20:03,41.8684251383333,-87.6198433883333,244,true
Buildings_1-32.jpg,Buildings_1,13857955,1709a107e7e018a080aa75b7e4bd289caa24d021f84244376df6e2f2bb2a6a7d,5467,3582,2020:06:28 06:20:06,41.8684258883333,-87.6198448616667,250,true
Buildings_1-33.jpg,Buildings_1,13683918,6dbc513d7654134779bab851594cbb659a0e7b7ca220afe33d404e95ae579f9b,5467,3582,2020:06:28 06:20:09,41.8684253616667,-87.6198435833333,256,true
Buildings_1-34.jpg,Buildings_1,13693929,60f4fc5ddd7ba37bae353ae6c9135a0b679e063669391ecd769e4a38f84728b5,5467,3582,2020:06:28 06:20:12,41.8684254716667,-87.6198433616667,263,true
Buildings_1-35.jpg,Buildings_1,13213318,f98a4c71134e0e50fd065ccf622ec853a1b1e85bc8f92990113b9f1c5192c11a,5467,3582,2020:06:28 06:20:15,41.8684250833333,-87.619844805,271,true
Buildings_1-36.jpg,Buildings_1,12709941,eb9ab9ec07eec57df406d79f15b24e8d8237a8ee33d322647ecd03e5a1dcdfd5,5467,3582,2020:06:28 06:20:18,41.8684268883333,-87.619844,279,true
Buildings_1-37.jpg,Buildings_1,12270268,d975e1b8e9326ac9185bf47d50f0dea315c0a6ee97a6edbce1132011be4ccaae,5467,3582,2020:06:28 06:20:21,41.86842725,-87.6198438883333,287,true
Buildings_1-38.jpg,Buildings_1,12138890,b253e8aa841909b66b586f7401c03839f11940a2f5ad898f8225d569c37b3b8b,5467,3582,2020:06:28 06:20:24,41.8684277783333,-87.6198443616667,295,true
Buildings_1-39.jpg,Buildings_1,11966379,505e38e93607e517ec34842a4e231a25154ad812956eee827b1d212c4a39ce72,5467,3582,2020:06:28 06:20:27,41.8684275,-87.6198451666667,305,true
Buildings_1-4.jpg,Buildings_1,14001849,28c0fb8c25d9f4a887748a4b549e744ed0b6eb68217e33176d5bbad092462c76,5467,3582,2020:06:28 06:17:46,41.8681132216667,-87.619415,271,true
Buildings_1-40.jpg,Buildings_1,11677782,7859f9893d854cbb4c4d08426ebdcb6a785630a55a40a0eeeb60e7dac8e7718f,5467,3582,2020:06:28 06:20:31,41.8684271383333,-87.619845695,313,true
Buildings_1-41.jpg,Buildings_1,10804630,9bb70a13063754a32c1673c98796f8cab4dc09d674862352467573cec6c9cef9,5467,3582,2020:06:28 06:20:37,41.8684257783333,-87.61984775,315,true
Buildings_1-42.jpg,Buildings_1,10784782,1529f0af30d792d2fb8b3c4315ff94e0bfca653a4670b8b696e39c8c29d7f64d,5467,3582,2020:06:28 06:21:10,41.8685881383333,-87.620065445,314,true
Buildings_1-43.jpg,Buildings_1,11008383,905efa013c9d8663198788727b0edba59236eb1d665b4a7e3f32d3c32bdf00a8,5467,3582,2020:06:28 06:21:13,41.86858775,-87.620064695,313,true
Buildings_1-44.jpg,Buildings_1,11037334,6fa345340e433a3fea5f70ba402b02af32eb5159d1fb67e4ebcf619fa2628eb8,5467,3582,2020:06:28 06:21:16,41.868587,-87.6200639166667,311,true
Buildings_1-45.jpg,Buildings_1,11571637,6a1aac6947455663f293ace48875cdde8e07f35f9b607d8d689528a51ed74a03,5467,3582,2020:06:28 06:21:19,41.868586555,-87.620063195,307,true
Buildings_1-46.jpg,Buildings_1,11675886,c7b127111054e976c13a45e6b2bb7ffc19838a25465381cf2af5c40ec423099d,5467,3582,2020:06:28 06:21:22,41.8685868616667,-87.620062945,303,true
Buildings_1-47.jpg,Buildings_1,11763346,13917438cc0b4c5351f0bcab65ea06513cfe9b416bc79c02d854e38202974170,5467,3582,2020:06:28 06:21:25,41.868587195,-87.620063195,298,true
Buildings_1-48.jpg,Buildings_1,11901767,08a786c4c0250ea185cea607d7d6c271e015026a4fa983e9da35f99dc370d22b,5467,3582,2020:06:28 06:21:28,41.8685877216667,-87.6200631666667,291,true
Buildings_1-49.jpg,Buildings_1,12265330,f4aa65362ef54995abc54f4cc79b8d163d49d7268caa290745467648ede0be40,5467,3582,2020:06:28 06:21:31,41.8685886666667,-87.6200635833333,282,true
Buildings_1-5.jpg,Buildings_1,13886124,0bbee5e8901a51231003039fb51847ae2120c1e5692447eb5951ee804f602d2b,5467,3582,2020:06:28 06:17:49,41.8681134716667,-87.619416555,279,true
Buildings_1-50.jpg,Buildings_1,12418764,fc6cc3b8103e83d926b3de801b60b4f8d0eac55fb038b1c9aaa4361c1c15e338,5467,3582,2020:06:28 06:21:34,41.8685888883333,-87.6200636383333,273,true
Buildings_1-51.jpg,Buildings_1,12556135,96dc090b1617f456afd1fd0964fdba574e81f1f3e19b4315a91436d6e2ef6f1f,5467,3582,2020:06:28 06:21:37,41.86858925,-87.6200649166667,264,true
Buildings_1-52.jpg,Buildings_1,13481603,4ceee0c4a40f64f86fb8ab821dad5d14b859b7e4810e795758e9194d3f1bde85,5467,3582,2020:06:28 06:21:40,41.8685906116667,-87.620064055,256,true
Buildings_1-53.jpg,Buildings_1,13237900,396475840f38f9fe75889f669c89eb49fa68d5fc684bdb20dc2f576a242d5321,5467,3582,2020:06:28 06:21:43,41.8685910283333,-87.6200645833333,246,true
Buildings_1-54.jpg,Buildings_1,13921623,6e27a2501f941b1a837cb992cdee55f0f86ed79f7e7e682f231c99e6344d6f24,5467,3582,2020:06:28 06:21:46,41.8685916116667,-87.6200648883333,239,true
Buildings_1-55.jpg,Buildings_1,13823313,38b55e31d819efc6e8bb4211b71fb2db45bec35442cc65ca79f93c19f51e3a60,5467,3582,2020:06:28 06:22:14,41.8687680283333,-87.6203428883333,239,true
Buildings_1-56.jpg,Buildings_1,13440158,3898fdacd1f722866ea99ecab31ad8bab8877860942bad5ed1931dbbae8c98b3,5467,3582,2020:06:28 06:22:18,41.8687678333333,-87.6203430833333,239,true
Buildings_1-57.jpg,Buildings_1,13514331,9de5229eb83b6e218ef0ba758f5b0abdb9bd5b76d305bca9c3b73fbbe71bf536,5467,3582,2020:06:28 06:22:21,41.8687682216667,-87.620342445,244,true
Buildings_1-58.jpg,Buildings_1,13570819,962b58cf3a8883f3430afc1b04aaa9414a2f12e5df9e652b4528895b7fdd7843,5467,3582,2020:06:28 06:22:24,41.8687675833333,-87.6203425,250,true
Buildings_1-59.jpg,Buildings_1,13412669,0b9a6f329eb62b4709ae0963c68cf99bdabe32325cffa6c14c5a23eb639b7b20,5467,3582,2020:06:28 06:22:27,41.8687674166667,-87.6203445283333,258,true
Buildings_1-6.jpg,Buildings_1,13622059,60c05a0bd5911afe036a5da7461d2b3f1cf84fcba8036fa1c1fc5a43ea9ff492,5467,3582,2020:06:28 06:17:52,41.8681134166667,-87.6194168616667,288,true
Buildings_1-60.jpg,Buildings_1,13190160,34227c048e11e86cab4fca079ba34b709d9551a87a8f0d6d8d4c8e187bd12233,5467,3582,2020:06:28 06:22:30,41.8687681383333,-87.620344305,266,true
Buildings_1-61.jpg,Buildings_1,12975462,5fe0315bde0ccc044f6ddc5189c25eb223abc30f720ed8befaa92042668f9590,5467,3582,2020:06:28 06:22:33,41.8687667216667,-87.6203468333333,275,true
Buildings_1-62.jpg,Buildings_1,12933791,2dbea38ef3b321d7ab2a90cf965b618475bbaff572abc38ccc51671191db8df7,5467,3582,2020:06:28 06:22:36,41.868768695,-87.6203453883333,284,true
Buildings_1-63.jpg,Buildings_1,12744664,4bd750740c1baffe5ae1cdc0a9ecff1bfb95837e54fd326b3be615a1a2923811,5467,3582,2020:06:28 06:22:39,41.8687686383333,-87.6203461116667,292,true
Buildings_1-64.jpg,Buildings_1,12672922,76ec54abb936a78caab431a19062fd0200cf7a94a8933b494c9d253ef0efefee,5467,3582,2020:06:28 06:22:42,41.868769,-87.6203445283333,301,true
Buildings_1-65.jpg,Buildings_1,12132822,f3d6e60d29db0c93cb207a848b62c1023eef8ccfcaed36d2e0c64e1016f2e8db,5467,3582,2020:06:28 06:22:45,41.8687693616667,-87.620343195,310,true
Buildings_1-66.jpg,Buildings_1,11871799,1547fbf45fef49a7ced117d8aa459d6dd12bbdf26fa58111de72e0d4782d76ab,5467,3582,2020:06:28 06:22:48,41.8687693883333,-87.620344055,314,true
Buildings_1-67.jpg,Buildings_1,10600538,4acc54d67e79aad5f99fe16ce07114ef22a27ac97d30fb09c538dbece074d90c,5467,3582,2020:06:28 06:22:51,41.868769055,-87.6203447783333,315,true
Buildings_1-68.jpg,Buildings_1,10584985,d5e93f4296c5ab0795c68fa831bb0a9239740abedb90465aef968d01ed8ef701,5467,3582,2020:06:28 06:23:10,41.8689145,-87.620698,315,true
Buildings_1-69.jpg,Buildings_1,10603944,e62aae6d5555cb931291cfe2420fd46a3b277a9e76b3f27ef40079d89543195a,5467,3582,2020:06:28 06:23:13,41.868915805,-87.6206997783333,314,true
Buildings_1-7.jpg,Buildings_1,13393152,13e3f3f9c7bed4e7d59693d8988718f29c00d4948a128cea2e58a4a3445cbf8d,5467,3582,2020:06:28 06:17:55,41.8681134716667,-87.619417195,297,true
Buildings_1-70.jpg,Buildings_1,11096132,603369322f55d2940ff06c924f1d7f4e7638437b208c103ac965e84fb23152bd,5467,3582,2020:06:28 06:23:16,41.8689159166667,-87.6206993883333,309,true
Buildings_1-71.jpg,Buildings_1,11231518,e01ede5170d905f9b7447b1ea26d5b5eb87bea12c85637ba77ecbcab2d3f1554,5467,3582,2020:06:28 06:23:19,41.86891725,-87.620700055,304,true
Buildings_1-72.jpg,Buildings_1,11347259,b962d15dce1752402a041b8c3a45fb709086fd160aec2c3b42ec5ac166733256,5467,3582,2020:06:28 06:23:22,41.8689175283333,-87.6207004166667,299,true
Buildings_1-73.jpg,Buildings_1,11450699,be2b81e6c320d19425373cbf9ac4d516668fada0b01f03896aa4ac4a168e9805,5467,3582,2020:06:28 06:23:25,41.868917055,-87.620700555,292,true
Buildings_1-74.jpg,Buildings_1,11886303,eaeeea61431c0755b8a34c02b9851e2f7d462d3b9505b6b0ab23562e0b6e37b7,5467,3582,2020:06:28 06:23:28,41.8689173616667,-87.6207005833333,285,true
Buildings_1-75.jpg,Buildings_1,12358678,88c7bfbc6d7cbe6c903356d36fde128b07851506407aa39b5eb3aa519aa9290a,5467,3582,2020:06:28 06:23:31,41.8689163883333,-87.620700195,277,true
Buildings_1-76.jpg,Buildings_1,12540838,e668b3950ba61e37598895b4c62470aa01b00d5e869f74b7c4d5b063bc7e4cd7,5467,3582,2020:06:28 06:23:35,41.868915805,-87.6207002783333,267,true
Buildings_1-77.jpg,Buildings_1,12854828,9526125f30dd6ac4806cdfdfdf684992c7371a78e5df0007afdcaba7c0800b32,5467,3582,2020:06:28 06:23:37,41.86891575,-87.6207006666667,260,true
Buildings_1-78.jpg,Buildings_1,13358043,0b2adc5bdb684cfa2a3ecfec857685f171938814f6251a8eb466f9efee117b4e,5467,3582,2020:06:28 06:23:40,41.8689153883333,-87.6206996666667,251,true
Buildings_1-79.jpg,Buildings_1,13652344,4dff82bd9897ad055b6fe8ccef7f584355f8b78e6ef445d91fecfc7217db86a1,5467,3582,2020:06:28 06:23:44,41.8689151383333,-87.6206988883333,242,true
Buildings_1-8.jpg,Buildings_1,13297079,ee0fc88b8c4e5441a2747fd4cdf12b796dff48f69dec6377eb4f7532555e80fb,5467,3582,2020:06:28 06:17:58,41.8681147783333,-87.6194174166667,306,true
Buildings_1-80.jpg,Buildings_1,13695691,1f75e79f8985aed43d1aa3dd01a6887a1469b372c8dc6f144848f7f6afcd82c0,5467,3582,2020:06:28 06:23:47,41.868914555,-87.6206984716667,232,true
Buildings_1-81.jpg,Buildings_1,14054446,379488be8f8975b347b6c3d4a47e61b6f07651eab22b688e03662a7211a09253,5467,3582,2020:06:28 06:23:50,41.8689162783333,-87.6206980283333,225,true
Buildings_1-9.jpg,Buildings_1,13394006,af30e8b7b53a7dc08b4ee21dceeb2affee40ac1cb97096bb113d0a92f295f69f,5467,3582,2020:06:28 06:18:01,41.868114695,-87.61941825,313,true
Buildings_2-1.jpg,Buildings_2,12101414,f55ae68af6d85f6527654cca41fbb82cb92c0ff192754fc3cdfae656a0ed1448,5467,3582,2020:06:28 06:36:39,41.86965,-87.6231342216667,267,true
Buildings_2-10.jpg,Buildings_2,14382439,36a39db162a9bae6661897c6a74608adec797079a9482012f2aa3fefd25fbb4e,5467,3582,2020:06:28 06:37:29,41.8696268616667,-87.623340195,224,true
Buildings_2-100.jpg,Buildings_2,16025711,139fcc5a809e0ad7314a3fcbe1235b7b005d3f3b656480b5a714c3621a6acd08,5467,3582,2020:06:28 06:43:57,41.8690859166667,-87.6228051383333,218,true
Buildings_2-101.jpg,Buildings_2,16034455,0080f516bb9aef6d79e9a34ad8a9f7baa026ee4ca8fe56110aab65bf9bbde4df,5467,3582,2020:06:28 06:44:20,41.8689293883333,-87.6227352783333,218,true
Buildings_2-102.jpg,Buildings_2,15940073,64295bb53e28d30b149aae7902db6d223b0ca818a7834317427991da5bcc57ab,5467,3582,2020:06:28 06:44:23,41.8689292783333,-87.622735445,220,true
Buildings_2-103.jpg,Buildings_2,15627517,45c16a5a3097c0c913afb53b996e64c8f8aa0a63ed0895ee448e08afec196fd9,5467,3582,2020:06:28 06:44:26,41.8689310833333,-87.6227351383333,226,true
Buildings_2-104.jpg,Buildings_2,15198988,7dee34cad754419c8f8c78428e8f8bd7439dd09c925919eb15869c0ca9cfae98,5467,3582,2020:06:28 06:44:29,41.8689317783333,-87.6227346383333,235,true
Buildings_2-105.jpg,Buildings_2,14935191,d19c784de54ec329ec3ca0499d75f24de6398236372ea652fa1cb7bd13a9c9ef,5467,3582,2020:06:28 06:44:32,41.8689309716667,-87.622734195,244,true
Buildings_2-106.jpg,Buildings_2,14536018,575fe0ad10a874ada468c311c5257338c5c8a3ab27820e7c1c16f59edbad0787,5467,3582,2020:06:28 06:44:35,41.8689315,-87.622734055,253,true
Buildings_2-107.jpg,Buildings_2,14273882,72a4e8e3c1cce860cba163fee75030fb820d2045b1dc53f668b576d9558f5dd9,5467,3582,2020:06:28 06:44:38,41.8689313616667,-87.6227325283333,262,true
Buildings_2-108.jpg,Buildings_2,13761832,38fb7b00279586f730330901cf37b60a9253cb2053d7d1fbbb5470b44f313669,5467,3582,2020:06:28 06:44:41,41.8689307783333,-87.62273225,271,true
Buildings_2-109.jpg,Buildings_2,14162554,9b63dbead33150629fc55e388ff6e2fd125f29368036169b4fe81ac2d2bd6814,5467,3582,2020:06:28 06:44:44,41.8689311666667,-87.6227317216667,280,true
Buildings_2-11.jpg,Buildings_2,14125460,e6ca05996251306e760fe1bc4742434f3fab3c080431a4009d0c1761155a5302,5467,3582,2020:06:28 06:37:32,41.8696271116667,-87.623341195,232,true
Buildings_2-110.jpg,Buildings_2,14243834,7c2e671c497b18fc0c0b95854e0b3c15ccefd2e40b6a4ccc86f638c7624b241f,5467,3582,2020:06:28 06:44:47,41.8689301383333,-87.6227318333333,290,true
Buildings_2-111.jpg,Buildings_2,14125960,2bcf3fff3fd9bfc19193b7cee10a70dd0ee21f052a2211587ca0935dabfce00b,5467,3582,2020:06:28 06:44:50,41.868928305,-87.62273175,299,true
Buildings_2-112.jpg,Buildings_2,14013220,3047a86d5569e6d909724e637d555141548b14f5a93bfd3c1c303e5d765469ee,5467,3582,2020:06:28 06:44:53,41.868928,-87.6227308333333,308,true
Buildings_2-113.jpg,Buildings_2,15198305,f7067b74630b6119e21876959f42aa82af476918fa11df71384f42c20b9fb960,5467,3582,2020:06:28 06:44:56,41.86892575,-87.622731695,314,true
Buildings_2-114.jpg,Buildings_2,14953098,3bb19c6df0d08814cc3e5470019d44be9d7bea87fcfd0ca1a01b38eb2cb6606b,5467,3582,2020:06:28 06:44:59,41.8689238333333,-87.6227324166667,314,true
Buildings_2-115.jpg,Buildings_2,14834361,57db654a2bcb1756924665ebd3c96cd44242505daa584a38bcf0a184104bf04a,5467,3582,2020:06:28 06:45:17,41.8687825833333,-87.6226917216667,314,true
Buildings_2-116.jpg,Buildings_2,14828402,2289999a9fafdd6c095de99c337a0e84f3996da1378198254e188a85e1d29c45,5467,3582,2020:06:28 06:45:20,41.8687836666667,-87.6226919716667,314,true
Buildings_2-117.jpg,Buildings_2,14812323,01ada687fe93eb5c4d1b05f04c0a5a4fbeb312e3a1960d30447f3544ec145c62,5467,3582,2020:06:28 06:45:23,41.8687832216667,-87.6226928333333,312,true
Buildings_2-118.jpg,Buildings_2,14765147,c0ee17adf73b8a2b26d0cc1eff7c6a3938c700996550d3116369f6b0ba4a7c22,5467,3582,2020:06:28 06:45:26,41.8687823616667,-87.6226948616667,307,true
Buildings_2-119.jpg,Buildings_2,14781489,b38cab74936d1632f6316e00c27c9413a78b35e25853698cb446c3e11ebe2c9a,5467,3582,2020:06:28 06:45:29,41.8687827216667,-87.622695305,299,true
Buildings_2-12.jpg,Buildings_2,13574456,64e400b2af9479547e98b52511a425ebe5cf4ffb7e49bd1fe16018871debf1af,5467,3582,2020:06:28 06:37:35,41.8696277216667,-87.623340695,241,true
Buildings_2-120.jpg,Buildings_2,14944314,b118f1083335f74c539815de5acf843d4552dba5b49886f70b13b259ff2e5298,5467,3582,2020:06:28 06:45:32,41.8687833333333,-87.6226933333333,291,true
Buildings_2-121.jpg,Buildings_2,14936743,9d48a71aad608c8e259127011496800247934027a130e2997aa7513c1d2d6733,5467,3582,2020:06:28 06:45:35,41.868784805,-87.622693805,284,true
Buildings_2-122.jpg,Buildings_2,14691647,38bdad6a035208623ad4988dd2cc2491509b3354dfa73ef1a3514042652ba633,5467,3582,2020:06:28 06:45:38,41.868786,-87.622693,276,true
Buildings_2-123.jpg,Buildings_2,14874743,4539c182387ac01ed2b11dffde7e622ddfd22f6d0a7aa972d288af6f36b45724,5467,3582,2020:06:28 06:45:41,41.8687865833333,-87.62269225,272,true
Buildings_2-124.jpg,Buildings_2,14689745,6ee7bd9dc25306ffaeedafccc26933874269b07b7c1c1e53557c302ffd5c108a,5467,3582,2020:06:28 06:45:44,41.8687863883333,-87.6226924716667,266,true
Buildings_2-125.jpg,Buildings_2,14637332,a3c68f2c4867f6796bb2665ce357dcc0add57cf996a5f2a7d8a29bf72b10f081,5467,3582,2020:06:28 06:45:47,41.8687857783333,-87.6226916116667,259,true
Buildings_2-126.jpg,Buildings_2,14827627,5df6fc7d4c675692906ee3ba23fb994cbc3c5825b09cf0f7e25bbec6b81550ef,5467,3582,2020:06:28 06:45:50,41.8687866383333,-87.6226909716667,253,true
Buildings_2-127.jpg,Buildings_2,14976390,e8ab754f54caec60cbfd6f7fe13fedbc5609297e825d528a465748b7f47b0f9e,5467,3582,2020:06:28 06:45:53,41.868785445,-87.622690945,245,true
Buildings_2-128.jpg,Buildings_2,14789950,c524fa9e6ffe91a51c465f9d491c8972efe57ea6f716c95f19151dfd5498899c,5467,3582,2020:06:28 06:45:56,41.8687861666667,-87.6226911383333,238,true
Buildings_2-129.jpg,Buildings_2,15259604,8a4f6e0c7e1cf51ad85ba66931ff8262a9eb881a874a2b7e79f90a5780b6abdb,5467,3582,2020:06:28 06:45:59,41.8687869716667,-87.6226908883333,233,true
Buildings_2-13.jpg,Buildings_2,13283096,d9870711c87a9886f0deea2a9251683b1d62893605c6eec37b52ed821411a98c,5467,3582,2020:06:28 06:37:38,41.8696282216667,-87.6233408883333,249,true
Buildings_2-130.jpg,Buildings_2,15161923,41fc2112ad3c2f088fc4c05e0e5f93c0368f44b3eedc4657b4969b5fdb8bd8b1,5467,3582,2020:06:28 06:46:02,41.8687868616667,-87.6226910283333,229,true
Buildings_2-131.jpg,Buildings_2,15361068,7389ad5ea0151f3b2f2c85b0963e13fb84ef226c7ade7752453046cf99540bfc,5467,3582,2020:06:28 06:46:05,41.868788055,-87.6226911666667,225,true
Buildings_2-132.jpg,Buildings_2,15553656,94a639776d6d3ae4b57546634b6025018d74ec31e3bfe5d69c5930e2996b5ab0,5467,3582,2020:06:28 06:46:08,41.868786695,-87.6226909716667,220,true
Buildings_2-133.jpg,Buildings_2,15337408,546e7e9741c6ac808aee50365481a8bed94d9ea0ca49876e2a34b0635b85f5a8,5467,3582,2020:06:28 06:46:11,41.8687880833333,-87.6226908616667,218,true
Buildings_2-134.jpg,Buildings_2,15429906,cd4e4c26b9f5b15a4c7fd9d3541748f4e3b6da7220a9613962366747281ea706,5467,3582,2020:06:28 06:46:45,41.869299555,-87.6228563616667,211,true
Buildings_2-135.jpg,Buildings_2,15347438,e12f8a111aa50bdd0094d4adf74bd591af8164d51c34b8be7095b12454477acc,5467,3582,2020:06:28 06:46:48,41.8693066666667,-87.6228585283333,213,true
Buildings_2-136.jpg,Buildings_2,15016936,41bfb241bc7de494fce0bde9b410007be3d1ec7cfb44d79a206e849ae9c11a65,5467,3582,2020:06:28 06:46:51,41.8693088333333,-87.6228601116667,220,true
Buildings_2-137.jpg,Buildings_2,14671038,85f5acf92cace3e8601071f743cf9b7561c37ee4a3d8f6811cd978f2df7f469c,5467,3582,2020:06:28 06:46:54,41.8693093883333,-87.6228606383333,228,true
Buildings_2-138.jpg,Buildings_2,14293516,9c5cddbbbdc7377ce668e8427b22ad792b8e213160bf39abb34b19ce9bc978f7,5467,3582,2020:06:28 06:46:57,41.8693094166667,-87.622861195,238,true
Buildings_2-139.jpg,Buildings_2,13829748,22492b3e214ed74d088d2e105d2d05213957dd0103ec1853ece21aab742e3338,5467,3582,2020:06:28 06:47:00,41.8693098333333,-87.622860305,247,true
Buildings_2-14.jpg,Buildings_2,12678256,cfa9cb7024d2d6ac13ce861a51691b431644e367ef51a17e0329941e794f404c,5467,3582,2020:06:28 06:37:41,41.8696288616667,-87.6233395283333,258,true
Buildings_2-140.jpg,Buildings_2,13422268,3abd2077ac46d78f88f6037085fc955d8211b392af3e9bff169661cb6c4fbb53,5467,3582,2020:06:28 06:47:03,41.86931025,-87.622858945,256,true
Buildings_2-141.jpg,Buildings_2,13035849,b8d232781c9953da8d74cfd51742fd6e1a1d132bfbd905dfde91d54ebd04b904,5467,3582,2020:06:28 06:47:06,41.86931025,-87.622858695,265,true
Buildings_2-142.jpg,Buildings_2,12674030,903b4d485de46e3583f960b066f1f1307d528eba11b821df4a1bddff60a19e3b,5467,3582,2020:06:28 06:47:09,41.8693098616667,-87.6228587783333,274,true
Buildings_2-143.jpg,Buildings_2,12571263,92577fabfac42d6065d63bbcc2c3551371085aa7f3aa4e6924b7f2521eed735a,5467,3582,2020:06:28 06:47:12,41.8693078616667,-87.622858555,277,true
Buildings_2-144.jpg,Buildings_2,11969980,dd5f7ce28c421b8846d5bad918ada101ee89ecb18b4013dd7264c19d957f278d,5467,3582,2020:06:28 06:47:36,41.869519555,-87.6229048333333,277,true
Buildings_2-145.jpg,Buildings_2,12090275,e69fed5fbcf6e6584728ed85957a8c799e2fd2fe9adfd6cdcb7f4a9674a15e90,5467,3582,2020:06:28 06:47:39,41.8695182783333,-87.6229051666667,273,true
Buildings_2-146.jpg,Buildings_2,12633335,9d5df29191fbb759eacaffc5ec0aff40e5cdb7c13132c5fb37cc0bed1e388dfa,5467,3582,2020:06:28 06:47:42,41.869517945,-87.62290575,264,true
Buildings_2-147.jpg,Buildings_2,12327151,73f0d5a5b3877eb928293fffee9c7c693e92cc7596ce14c12b0c0b9fd9a85f35,5467,3582,2020:06:28 06:47:45,41.8695206383333,-87.6229048333333,256,true
Buildings_2-148.jpg,Buildings_2,12867944,fdbacbd9c5d42d7ce2e87260057f5f102944c25e16790607c31a6c2a11e4e8ed,5467,3582,2020:06:28 06:47:48,41.869520195,-87.6229058616667,248,true
Buildings_2-149.jpg,Buildings_2,13145251,a63d9355bd354de815d9f24dfb43550fc0c86f88d501eb53f44d0cfb222c9975,5467,3582,2020:06:28 06:47:51,41.8695218883333,-87.622904555,238,true
Buildings_2-15.jpg,Buildings_2,12303202,d0b522063af814aa3ded13e5dca82f3555833667231954dc87436098a263c2ad,5467,3582,2020:06:28 06:37:44,41.8696293883333,-87.623339195,267,true
Buildings_2-150.jpg,Buildings_2,13767885,49cdaad4bf1e1e3626984f52f649b5e77df53a06b98d37ff2bad8110091ac9af,5467,3582,2020:06:28 06:47:54,41.869520805,-87.6229054166667,229,true
Buildings_2-151.jpg,Buildings_2,13909411,7c4e8c189f56abd617421ba6d290c51e99906ec99f51ac88716963eed6988b41,5467,3582,2020:06:28 06:47:57,41.8695218333333,-87.62290575,221,true
Buildings_2-152.jpg,Buildings_2,14864937,74840bd7b8fe72df6872dfc94e7d8113d50a005efefc4d9a4ae1783fbba46604,5467,3582,2020:06:28 06:48:00,41.8695213883333,-87.6229066116667,212,true
Buildings_2-153.jpg,Buildings_2,15416296,68a270c62388a19db90082972fbb5fa9f2dac1a8c20f0441abeae250375ce273,5467,3582,2020:06:28 06:48:03,41.869521805,-87.6229065283333,206,true
Buildings_2-154.jpg,Buildings_2,15009208,e8a7b5a3d370c46b21db0587b1e90e5f5256bde27da2d8b3e2059a62862bf91b,5467,3582,2020:06:28 06:48:06,41.8695268333333,-87.6229044716667,209,true
Buildings_2-16.jpg,Buildings_2,11816841,666cb90c19591c2f23c18907d42c5a3059d01355f79bf995211b4b89b8299a88,5467,3582,2020:06:28 06:37:47,41.8696291116667,-87.6233396383333,276,true
Buildings_2-17.jpg,Buildings_2,11241195,60f85859e30dea8169942eab76259ecf314e2ce7cc5b20b07b798e85009d527a,5467,3582,2020:06:28 06:37:50,41.8696297216667,-87.6233408883333,285,true
Buildings_2-18.jpg,Buildings_2,10852762,3383b5ffcb27941338b39f016d4c2342b36b5abeb15636a8cd507649f3c81724,5467,3582,2020:06:28 06:37:53,41.8696296383333,-87.6233410283333,294,true
Buildings_2-19.jpg,Buildings_2,10638441,ccfbbf9bfc7dc119e6dc4e803543d3372c76065fe926c71c4b1e3261f236a443,5467,3582,2020:06:28 06:37:56,41.8696287216667,-87.6233413333333,303,true
Buildings_2-2.jpg,Buildings_2,12333879,c52c896153a376ef362ddc1ad0e0b84a781ae99eb0011e8444abb71858605098,5467,3582,2020:06:28 06:36:42,41.8696510283333,-87.6231341666667,258,true
Buildings_2-20.jpg,Buildings_2,10756273,6078350b605d4a0f52575cd5cce548a484f647f24343a084b7e925e38078421b,5467,3582,2020:06:28 06:37:59,41.8696281383333,-87.6233406383333,312,true
Buildings_2-21.jpg,Buildings_2,10369008,70770049035b68dac1f55ffb08609e9efba0bf7bb35078579481a8a6a2dc31d0,5467,3582,2020:06:28 06:38:02,41.8696262216667,-87.6233412783333,313,true
Buildings_2-22.jpg,Buildings_2,10087612,edbb5d904c77024b08ca3347637ebeea2f3fc93cef335c28c276e60f7b1b096c,5467,3582,2020:06:28 06:38:32,41.8696508616667,-87.6235809166667,313,true
Buildings_2-23.jpg,Buildings_2,10413035,3302c8513133ae81e5d3c300accde11de203a79cdb41e4704084a0a078a9f7d4,5467,3582,2020:06:28 06:38:35,41.8696505833333,-87.6235806383333,313,true
Buildings_2-24.jpg,Buildings_2,10480840,e524c2cbe0914025ee988af32ba5351d0a49e9db56e63b2d47131136063eb340,5467,3582,2020:06:28 06:38:38,41.8696504166667,-87.6235805833333,309,true
Buildings_2-25.jpg,Buildings_2,10616463,8b7b8e46bea6b91cda9a71842d9e4e173e4c467fe8ed7f6c83b4e9bbb0bd541c,5467,3582,2020:06:28 06:38:41,41.869648805,-87.623579055,303,true
Buildings_2-26.jpg,Buildings_2,10769992,0c8a3015c584d0d65d23c520d0f02b4074e861484cfd3f9f16a003d647f5f50c,5467,3582,2020:06:28 06:38:44,41.869648,-87.6235778616667,296,true
Buildings_2-27.jpg,Buildings_2,10981382,fa2a9c697fc27753420f014555d8838c841885a6a9e9dcd3c4ec5eef613d381c,5467,3582,2020:06:28 06:38:47,41.86964875,-87.6235770833333,287,true
Buildings_2-28.jpg,Buildings_2,11158325,2a929cd9cb73cc620faed5edf40c050df0e6c14e86c0276910412ba0dea8747f,5467,3582,2020:06:28 06:38:50,41.8696496383333,-87.6235772783333,279,true
Buildings_2-29.jpg,Buildings_2,11728392,909dfd653cf176f27b39b133853b079381c439143aabfebf87afb8999832bf7e,5467,3582,2020:06:28 06:38:53,41.8696501383333,-87.6235768616667,270,true
Buildings_2-3.jpg,Buildings_2,12820689,480d834bdceb27a5e19e63058b940378b62268253af9f6ad49b8879ab67139a6,5467,3582,2020:06:28 06:36:45,41.8696512783333,-87.6231353883333,248,true
Buildings_2-30.jpg,Buildings_2,11903391,3da19f054a09fd0583d79f370f31139ee33d57da9a6a83ca5c1b20692af19eba,5467,3582,2020:06:28 06:38:56,41.8696496666667,-87.623577305,262,true
Buildings_2-31.jpg,Buildings_2,12205483,9f94392837d143f27900c154d1af0a48fb18a756269d15de66bd1d2dc9dfb230,5467,3582,2020:06:28 06:38:59,41.8696507216667,-87.62357825,253,true
Buildings_2-32.jpg,Buildings_2,12548570,ee8abcaf96a11980da04bad65ba03876663d639796dd43dd96aa1ac4cdcd4c18,5467,3582,2020:06:28 06:39:02,41.8696499716667,-87.6235799166667,244,true
Buildings_2-33.jpg,Buildings_2,12545723,ab7774b16c9f97736065a2841029d59601cadc0cdd55b778ebc8ead87f3b7a15,5467,3582,2020:06:28 06:39:05,41.8696509166667,-87.6235780833333,237,true
Buildings_2-34.jpg,Buildings_2,13309971,3009ab676fbeed6478edabc0a19f9afb3d5bc0256cd02d00afe1cc33d36b5dde,5467,3582,2020:06:28 06:39:08,41.8696505,-87.6235800833333,227,true
Buildings_2-35.jpg,Buildings_2,13884977,8df0957eb1dfb3021410f6562555aa9353dc5c8a8742f705f2ff3ec6f9ce6f48,5467,3582,2020:06:28 06:39:11,41.8696514716667,-87.623578695,221,true
Buildings_2-36.jpg,Buildings_2,14395546,307e4a1b44f53b078effbd51ed76316731865446d0e750460b125a9bde915206,5467,3582,2020:06:28 06:39:14,41.8696505833333,-87.6235782216667,216,true
Buildings_2-37.jpg,Buildings_2,15435981,d5782fefc735441432fb8a1f6b63f5fa8753bbcf7243f5b571cca5c2e9ab9311,5467,3582,2020:06:28 06:39:59,41.869503445,-87.623238945,218,true
Buildings_2-38.jpg,Buildings_2,15362518,05fe7966a2f5428bb84ce8e4254894d5de511db6332409139734990a2b4d1223,5467,3582,2020:06:28 06:40:02,41.8695063883333,-87.623245305,220,true
Buildings_2-39.jpg,Buildings_2,15153913,40a3d090c146dda34b595420c5befc52dd7b5e844e9251cc7ad44d09ee6770f3,5467,3582,2020:06:28 06:40:05,41.869509055,-87.6232469716667,224,true
Buildings_2-4.jpg,Buildings_2,12899871,4db61ae6758702a714c7b65408d5c1ec2de0e4268c0a51793ec54751c66483bb,5467,3582,2020:06:28 06:36:48,41.8696520283333,-87.62313475,239,true
Buildings_2-40.jpg,Buildings_2,14910496,52d5ad27a1f037558bf8b8fb787e18e85a313100075d29e21ed5526066e3ef7d,5467,3582,2020:06:28 06:40:08,41.8695111383333,-87.623246695,230,true
Buildings_2-41.jpg,Buildings_2,14543957,8dd4489df855dc01631293bc6b7e4401fa2d062c4121b3bf1de9ee95d70e1537,5467,3582,2020:06:28 06:40:11,41.8695134716667,-87.6232463333333,238,true
Buildings_2-42.jpg,Buildings_2,14129381,94632a8ccab49b0ce127e84530eca46ac81be0f23b2d45b1840f5840ffa81da4,5467,3582,2020:06:28 06:40:14,41.869516195,-87.623244445,247,true
Buildings_2-43.jpg,Buildings_2,13794704,a6a4e4cba1962d77645d84ee2f3f0c2cba6a208c10b2edd1b5b3769ac751f228,5467,3582,2020:06:28 06:40:17,41.8695175283333,-87.6232428616667,257,true
Buildings_2-44.jpg,Buildings_2,13359328,13835f318ced6a26518fc8b56b3a816e33748a757c1333d39c4e2b8611aa9601,5467,3582,2020:06:28 06:40:20,41.8695190283333,-87.6232410833333,266,true
Buildings_2-45.jpg,Buildings_2,13233174,c588042942a738d38f37c658b253f9ced05ba5ab6db86e07c1d093513f9de5a9,5467,3582,2020:06:28 06:40:23,41.8695198333333,-87.623240195,273,true
Buildings_2-46.jpg,Buildings_2,12923646,8b350545e3a0ec3f2f37ab7c75af59e5b184a0f2d7562529505acff5ff804bd7,5467,3582,2020:06:28 06:40:26,41.8695199166667,-87.6232402216667,282,true
Buildings_2-47.jpg,Buildings_2,13020609,8e47c72a557ce3fa53b811ec62fe541560d4e0693a562a0391500a702eff3300,5467,3582,2020:06:28 06:40:29,41.8695199716667,-87.6232401383333,290,true
Buildings_2-48.jpg,Buildings_2,13038595,804195df327ea44379324b2a8c64f2405d6ea1a30952ea26769ec4afcab42028,5467,3582,2020:06:28 06:40:32,41.8695199166667,-87.623239695,299,true
Buildings_2-49.jpg,Buildings_2,13145460,2bdc13c7f9e203cf4c33f3b876024c30793e536d5573702e575bc463c7c1dc35,5467,3582,2020:06:28 06:40:35,41.8695189166667,-87.6232395833333,308,true
Buildings_2-5.jpg,Buildings_2,13496137,5f693aab25c48832db244c2567083b75c72aa30ea47a12818b083e306b8756ad,5467,3582,2020:06:28 06:36:51,41.869652555,-87.623133695,230,true
Buildings_2-50.jpg,Buildings_2,13912984,b96c2e566b3d4b3c9d4f15518c535c70b33f9c01cf97dc1a7c801bf603d483ca,5467,3582,2020:06:28 06:40:38,41.8695185833333,-87.623238805,314,true
Buildings_2-51.jpg,Buildings_2,13945787,bd2790e4cc3e366d0c5487194ffd8a49cdfa97f2cf2c396eff19d466216229e4,5467,3582,2020:06:28 06:40:41,41.8695179716667,-87.6232386666667,314,true
Buildings_2-52.jpg,Buildings_2,14236789,159be850fc08f96a595ba2f97fe2ba9115cd144f4d063c5481b5dda2a0e31c2a,5467,3582,2020:06:28 06:40:56,41.8693873333333,-87.6230326383333,314,true
Buildings_2-53.jpg,Buildings_2,14231116,86ff5c51d8e002ce721d9b3ec9fd039f0eb93f66d49d26df90a77d2d8b844576,5467,3582,2020:06:28 06:40:59,41.8693879166667,-87.623033805,312,true
Buildings_2-54.jpg,Buildings_2,14163821,19bec96c3e54c457cf8d255763fc58e38563aae4938f9cd247078a8d4bd10878,5467,3582,2020:06:28 06:41:02,41.8693866116667,-87.6230331666667,307,true
Buildings_2-55.jpg,Buildings_2,13832014,b62e0dc9c708e425f3f830af040e2f4822d0c56f835f1c38882a73ba3a29c95b,5467,3582,2020:06:28 06:41:05,41.8693863333333,-87.6230330833333,301,true
Buildings_2-56.jpg,Buildings_2,13900086,7d1516d27c843b70351eb16afa1dbfc4bc962a3c0420b8e502a60119d962af9f,5467,3582,2020:06:28 06:41:08,41.8693853883333,-87.6230330833333,294,true
Buildings_2-57.jpg,Buildings_2,14041227,37dee54df3f58ab673a53df791f79202858f414609b8cae8920b1a60c1a1b6bc,5467,3582,2020:06:28 06:41:11,41.869386555,-87.6230326116667,286,true
Buildings_2-58.jpg,Buildings_2,14205059,0d5d15fe5bce9644fb6568d0026f473f42b7de3537bbda7af560c8f67618db3e,5467,3582,2020:06:28 06:41:14,41.8693873616667,-87.623033445,277,true
Buildings_2-59.jpg,Buildings_2,14559315,1d5d00a45246a7c65ead848ba0c3632b25f2a7afe69e9db6631d8db4612683d5,5467,3582,2020:06:28 06:41:17,41.8693886666667,-87.6230325283333,270,true
Buildings_2-6.jpg,Buildings_2,13812121,f03faec3966d08d6dc151e42ba6a46cdf60f150e3e88b8a00e8f075e30ce8eeb,5467,3582,2020:06:28 06:36:54,41.8696523883333,-87.6231349716667,221,true
Buildings_2-60.jpg,Buildings_2,14707987,777e7db39188e7de30e635ea697cb3459c44f38b5e98e3f31dfeab3253730529,5467,3582,2020:06:28 06:41:20,41.8693894716667,-87.6230333333333,262,true
Buildings_2-61.jpg,Buildings_2,14995480,1000d0f4a99669ca6af4b2643c95e18afec096f77789f8d093ac28caa9b6dd57,5467,3582,2020:06:28 06:41:23,41.8693897783333,-87.6230321666667,254,true
Buildings_2-62.jpg,Buildings_2,15126631,7ebb85bd95a230f22d597748769939f00666677f75ae9a494fadc82156cd468b,5467,3582,2020:06:28 06:41:26,41.8693909716667,-87.62303225,246,true
Buildings_2-63.jpg,Buildings_2,15443635,e146cc744e9339096621bf6ab90c26ee2854484ca369b467e53bead5e04975bb,5467,3582,2020:06:28 06:41:29,41.8693913883333,-87.6230324166667,237,true
Buildings_2-64.jpg,Buildings_2,15693750,11f3061e566d0b046d5ddd76269267a17cf9b0211666e8d692c4846e7101fefa,5467,3582,2020:06:28 06:41:32,41.869390555,-87.6230333883333,228,true
Buildings_2-65.jpg,Buildings_2,15889090,d8b5dd0a5e662b0cca8e6cebdd3f971002c05838969dc69d6f07eeb94190d753,5467,3582,2020:06:28 06:41:35,41.8693905,-87.6230328883333,220,true
Buildings_2-66.jpg,Buildings_2,16463273,8ed9c0f74cb79b7b2523548d48aa6d4b1957e341b31408ff4c917afa48a19f20,5467,3582,2020:06:28 06:41:38,41.8693960283333,-87.6230326666667,218,true
Buildings_2-67.jpg,Buildings_2,16501341,128cfe36857f0c37000a78da0b107039e940d0a612c5c217f709db536562e436,5467,3582,2020:06:28 06:42:02,41.8692758883333,-87.6229263616667,217,true
Buildings_2-68.jpg,Buildings_2,16468192,e7e1dafa9e5a98d05485a77eed917c4dd9e6fe74a65aac738594117b7c14290b,5467,3582,2020:06:28 06:42:05,41.869277195,-87.6229268616667,218,true
Buildings_2-69.jpg,Buildings_2,16169710,b437a50934a0c56f71e17065314f024de94e6a1e874684c44e40e61f2289d9fc,5467,3582,2020:06:28 06:42:08,41.8692805,-87.6229257216667,222,true
Buildings_2-7.jpg,Buildings_2,14333555,87d42105a00fd4deec0b9f4b63e6a2890c5120b4e384d7a18c64500c3da4990d,5467,3582,2020:06:28 06:36:57,41.869654555,-87.6231336666667,216,true
Buildings_2-70.jpg,Buildings_2,15919163,f8a68ed2ee285c6df02c7b389baa92b341aac0fb848a63c285e441c442b28685,5467,3582,2020:06:28 06:42:11,41.869281555,-87.6229257783333,228,true
Buildings_2-71.jpg,Buildings_2,15685242,9ccb671e3f3dc35c6a7637bf52afb4c771226a8c8caa0ba3f62824fffac8b8b8,5467,3582,2020:06:28 06:42:14,41.869282805,-87.6229261116667,236,true
Buildings_2-72.jpg,Buildings_2,15356265,ffeb7c6dd69a247683d2737c475a49e9cac7223f6854ebb64339848ff1ad6bb7,5467,3582,2020:06:28 06:42:17,41.869282695,-87.6229267216667,245,true
Buildings_2-73.jpg,Buildings_2,14854484,83ccebffc983eac933bb9732730bb1839dc49e61d71bc8cdd4b817798f438216,5467,3582,2020:06:28 06:42:20,41.8692815,-87.6229265,253,true
Buildings_2-74.jpg,Buildings_2,14666939,9f231033493b8e7f24fa2406c45eb15f9a483fe1d3bd59536f2aa2dc9b34bbbc,5467,3582,2020:06:28 06:42:23,41.8692806116667,-87.6229254166667,259,true
Buildings_2-75.jpg,Buildings_2,14411327,6207ce9c99edee6e15740d9b60d9373fdf10b92acf011a96e442e146c10e65be,5467,3582,2020:06:28 06:42:26,41.8692828883333,-87.622924055,265,true
Buildings_2-76.jpg,Buildings_2,14091351,8820290798aa5ae286e2594987b430e29a8fd24e8c2344f187ad37c19cecc0ad,5467,3582,2020:06:28 06:42:29,41.869284,-87.622924555,274,true
Buildings_2-77.jpg,Buildings_2,13908679,12fa09d52b7d1dd355cf0a951a8dbfa229cc09c632d3c6f25cf38bede4a4c655,5467,3582,2020:06:28 06:42:32,41.8692825,-87.6229245833333,282,true
Buildings_2-78.jpg,Buildings_2,13756541,0bc2a320f1a5c946a532113eebe6ae8b04f3a4398907df6f992065b709f059dc,5467,3582,2020:06:28 06:42:35,41.8692820283333,-87.6229235833333,290,true
Buildings_2-79.jpg,Buildings_2,13214239,0af89c1c5d4eb47bc11f35d8d477980a5b1dc5f59ca84776103389918aba83f7,5467,3582,2020:06:28 06:42:38,41.8692799166667,-87.622924195,298,true
Buildings_2-8.jpg,Buildings_2,14511948,b3d793fd054cf10b7ea7871d681eca9210e798c9b747cff6acc1a275958855d7,5467,3582,2020:06:28 06:37:23,41.8696259716667,-87.6233391383333,216,true
Buildings_2-80.jpg,Buildings_2,14019999,995cacf8e40571336787d408e5f69895cd32e2b0724d37e8a306ad9ff37de020,5467,3582,2020:06:28 06:42:41,41.8692784716667,-87.6229242216667,300,true
Buildings_2-81.jpg,Buildings_2,14175533,a0f61b5f36a7dbaf5ac3cf521eddc26016dc62ba199acd3416df3ba2868e4527,5467,3582,2020:06:28 06:42:44,41.8692782216667,-87.6229246383333,305,true
Buildings_2-82.jpg,Buildings_2,14181721,8baeaca0f5f54d01a975d91fb8369a50e18eb12fc5689646f3f8d303b129cd00,5467,3582,2020:06:28 06:42:47,41.8692773616667,-87.622925195,311,true
Buildings_2-83.jpg,Buildings_2,14522834,a0668e0464dbc7c8d8b35e38efc41420bc1b2e518a28911b1523707080616d27,5467,3582,2020:06:28 06:42:50,41.8692765,-87.6229248616667,314,true
Buildings_2-84.jpg,Buildings_2,14433571,eca74ef9bf2c7e175c5ab5fdc74163942a1e125478ebcc0e4af0bcd21e65d279,5467,3582,2020:06:28 06:43:09,41.869077945,-87.6228045833333,313,true
Buildings_2-85.jpg,Buildings_2,14463285,1a6acd74c5abe97af5710a1b2916ced60f94eaf589059cb9c4842472f1e36d26,5467,3582,2020:06:28 06:43:12,41.8690785,-87.6228041383333,313,true
Buildings_2-86.jpg,Buildings_2,14494514,2f7f7ceb4066781e26ed62a34af0e65a2f8507dba75ba8195aad8d625a1481c6,5467,3582,2020:06:28 06:43:15,41.8690785283333,-87.622803,308,true
Buildings_2-87.jpg,Buildings_2,14560539,9dadc7280f3bee7c80cc9d4150805f7524ebd0c257240d245ec987cae81f8cab,5467,3582,2020:06:28 06:43:18,41.8690786666667,-87.6228020833333,303,true
Buildings_2-88.jpg,Buildings_2,14647434,cebfb6005d62076681795f44e36f4f4bdb1704a5ca9ccb1a7428d983a127f354,5467,3582,2020:06:28 06:43:21,41.8690786666667,-87.622802445,300,true
Buildings_2-89.jpg,Buildings_2,14659561,edbb78600659e33168c3179a0d545a9a4d499bc93cb9b5fcc1921819c7a2379e,5467,3582,2020:06:28 06:43:24,41.8690781383333,-87.622804,296,true
Buildings_2-9.jpg,Buildings_2,14579593,c11cac4cef21339198ce03f77e6a9fea1d5b02b2a3ca990b80a088dda98f7333,5467,3582,2020:06:28 06:37:26,41.8696258616667,-87.6233394166667,217,true
Buildings_2-90.jpg,Buildings_2,14596211,86d8dbf7a41889d8a1ad19a3d0c812198d58d92f6410b248ff23f828e14812d1,5467,3582,2020:06:28 06:43:27,41.8690798883333,-87.62280325,292,true
Buildings_2-91.jpg,Buildings_2,14437697,ad6158c8073cf55013eb37a2133c5a1ea8745ac330a7eb6d934c9489fb9c764a,5467,3582,2020:06:28 06:43:30,41.8690803883333,-87.62280375,289,true
Buildings_2-92.jpg,Buildings_2,14560291,043beea6e4acaaf28123419776952ce4064bf69a55eac2a6d9bd7108fdc7af6c,5467,3582,2020:06:28 06:43:33,41.8690786116667,-87.622803805,282,true
Buildings_2-93.jpg,Buildings_2,14951628,41eb2b59ba433cc0241538872420aed396c0e4143e7b0f2972911c338e33e127,5467,3582,2020:06:28 06:43:36,41.8690794716667,-87.622803695,273,true
Buildings_2-94.jpg,Buildings_2,14948394,8c1da86ee80dd6aded5e9a63f9006290dcc5ae4a21813fe9962024cb3b1c92d2,5467,3582,2020:06:28 06:43:39,41.86908025,-87.6228046383333,263,true
Buildings_2-95.jpg,Buildings_2,15185754,bd5535331fb9f982b3b611db32ab4a68fb7f323ab5bc0405659b42d2aafca4a1,5467,3582,2020:06:28 06:43:42,41.8690811116667,-87.622804055,254,true
Buildings_2-96.jpg,Buildings_2,15402582,9dcbdc84340e00d0c355a6ac020db0f1d12932806ad9ad39bd002d8cff38b3e0,5467,3582,2020:06:28 06:43:45,41.869081805,-87.6228049166667,245,true
Buildings_2-97.jpg,Buildings_2,15726126,7215f274292c1e5b0ce52134aa479d8079409fe3dd88374d1cfacdfd13caf5a3,5467,3582,2020:06:28 06:43:48,41.8690822783333,-87.6228053333333,236,true
Buildings_2-98.jpg,Buildings_2,16150717,e827fa0c166233f08178c1215ce55d6090868750ecfc42c45adf8e9b4290c858,5467,3582,2020:06:28 06:43:51,41.869082805,-87.6228046383333,227,true
Buildings_2-99.jpg,Buildings_2,16443133,6ee0cecdd396a5efedb4e4a51ea11dce794e6f94196516d6ede7ade22679563b,5467,3582,2020:06:28 06:43:54,41.8690856666667,-87.6228049716667,221,true
Buildings_3-1.jpg,Buildings_3,15059225,2bc02fdb72bb0e5f85eed3588fde449dc7776d15e47861b1424dd1f4f11646f5,5467,3582,2020:06:28 06:56:55,41.869918695,-87.6229157783333,309,true
Buildings_3-10.jpg,Buildings_3,13008188,8a9da1eabb5e7e18d258ed4502183700149cb6ca7a600f265462895da5ffcfff,5467,3582,2020:06:28 06:56:08,41.8697220283333,-87.6230038883333,277,true
Buildings_3-100.jpg,Buildings_3,14728601,8cb6296032f4cd04cdeca372d218f202d79a147de45e434b7ea1f795484c8bb4,5467,3582,2020:06:28 07:02:28,41.8711110833333,-87.622574195,312,true
Buildings_3-101.jpg,Buildings_3,13510418,3641c53f4ade9cceb85815f04d4267d863de2eb041285c784c9e61fddfcff0a4,5467,3582,2020:06:28 07:02:46,41.8713189166667,-87.6225454166667,313,true
Buildings_3-102.jpg,Buildings_3,13472883,f339ad90d58aae0315d0df0f14ccdca110e05bd7bf625adc496e31769117bead,5467,3582,2020:06:28 07:02:49,41.8713199166667,-87.622545305,310,true
Buildings_3-103.jpg,Buildings_3,13391796,38331a22b17eabcc4c6a6ec02ba4edfa29a88aa18d230a120925a2d1b8cdd0c0,5467,3582,2020:06:28 07:02:52,41.8713210283333,-87.622545945,304,true
Buildings_3-104.jpg,Buildings_3,13727774,75a6bbc338f0d91e38408af14338683fb29c06b5a891db1ff996f9206e516e29,5467,3582,2020:06:28 07:02:55,41.8713224716667,-87.6225465833333,301,true
Buildings_3-105.jpg,Buildings_3,13685129,5a359aa15b238f0fb8ec126e63523f9fc041db96147beebe550eac79149ab40f,5467,3582,2020:06:28 07:02:58,41.8713226383333,-87.62254675,296,true
Buildings_3-106.jpg,Buildings_3,14003809,77cb6e1f82d8720fe3430da3f55fdf5f110bf95a55a914449d07920bb244f06f,5467,3582,2020:06:28 07:03:01,41.8713222216667,-87.622547445,290,true
Buildings_3-107.jpg,Buildings_3,13954002,82eaed58bf99be5e6094276782693814f7e672c2328122f9844879a1269b203e,5467,3582,2020:06:28 07:03:04,41.87132125,-87.6225463333333,281,true
Buildings_3-108.jpg,Buildings_3,14018603,1f2f935af1c45b4f0dcba153153b6f35d33355e9cbb4b65de0be420c67f9fa0e,5467,3582,2020:06:28 07:03:07,41.8713195283333,-87.6225464166667,272,true
Buildings_3-109.jpg,Buildings_3,13834828,f4539d57a6cc086a229ab0a1229deabc6496445c5a72f9e69680db07f4c92225,5467,3582,2020:06:28 07:03:10,41.8713198616667,-87.6225460833333,263,true
Buildings_3-11.jpg,Buildings_3,13715429,77c4edc46e55e16473c80462edd82376b3e86b49d52c7ee55c7c5518e68b8fa0,5467,3582,2020:06:28 06:56:11,41.8697231116667,-87.6230031116667,286,true
Buildings_3-110.jpg,Buildings_3,14622670,affa53a6c17ba407370fe3bc51b07afdc38403398a5e50f3ecb19f5e6bda44bb,5467,3582,2020:06:28 07:03:13,41.87132,-87.6225474166667,255,true
Buildings_3-111.jpg,Buildings_3,15110336,763706178bdcf3e01466f6079911b7f2e2f301cd0d8c42bec67a7ca1565573ee,5467,3582,2020:06:28 07:03:16,41.87132,-87.6225455,249,true
Buildings_3-112.jpg,Buildings_3,15234396,9c82e7f05f3f92c3e367e78d588c1aec59a7fbf59aede1bc3aaba320dcb9ce20,5467,3582,2020:06:28 07:03:19,41.8713201383333,-87.62254575,245,true
Buildings_3-113.jpg,Buildings_3,15403746,cefcc10f1c703c98c43a18aea655da6f3472b37740bdb4f45980b85885551ff2,5467,3582,2020:06:28 07:03:22,41.8713196666667,-87.6225457216667,237,true
Buildings_3-114.jpg,Buildings_3,15018008,74304f196bd7a65bbe92ef7b07f005539858bc5ea762b8ef7888b095bbd79488,5467,3582,2020:06:28 07:03:25,41.8713202216667,-87.622544945,228,true
Buildings_3-115.jpg,Buildings_3,15234357,43dbf768a6d2bd9da54cd2c6a0d765c39fb4ccb41af5d46ef384c64ad2031f2b,5467,3582,2020:06:28 07:03:28,41.8713204166667,-87.622545,220,true
Buildings_3-116.jpg,Buildings_3,15354949,9b5fbff24e73d4d86f73f831d5f73c5233f0568153477bf7596368356e6ea5e9,5467,3582,2020:06:28 07:04:00,41.8715085283333,-87.6225185,217,true
Buildings_3-117.jpg,Buildings_3,15259557,e3c43986d533544f53e05f5c7a92a6cd80e4b0302ae21f07d8ad01ae9fa28299,5467,3582,2020:06:28 07:04:03,41.8715074166667,-87.6225193883333,220,true
Buildings_3-118.jpg,Buildings_3,15165397,acff93fea240d92bfea2d5d4146caafc958277d8f3a0fe1c9e76cd17fe2c1665,5467,3582,2020:06:28 07:04:06,41.871508,-87.62252075,226,true
Buildings_3-119.jpg,Buildings_3,15244302,5d82b3dce51a086fca543637a930bb89ee219b7349ddbd8815c870a4b9c01ca3,5467,3582,2020:06:28 07:04:09,41.8715074166667,-87.622520195,235,true
Buildings_3-12.jpg,Buildings_3,13582789,214b3f678bd1d2fef5136e5328de3169d921e6ce4527491b84cf23ca32a9d399,5467,3582,2020:06:28 06:56:14,41.8697233333333,-87.6230026666667,295,true
Buildings_3-120.jpg,Buildings_3,14379202,10564b082c72d253149a9d92fd4a595a9aae18012c708d6ff93f701f952738f2,5467,3582,2020:06:28 07:04:12,41.8715086666667,-87.6225205283333,244,true
Buildings_3-121.jpg,Buildings_3,14883513,cac667556c816e863032b33efba3a31d18d509b62ee1b1007652ea8adf0327f5,5467,3582,2020:06:28 07:04:15,41.871509305,-87.622519555,253,true
Buildings_3-122.jpg,Buildings_3,14563415,07c94b0f47e7da402378656897246fe40bf634c257982a0c2873c1087d59dc3e,5467,3582,2020:06:28 07:04:18,41.8715105283333,-87.622519695,262,true
Buildings_3-123.jpg,Buildings_3,14408880,eb18fbd106280300da767046612cb16f61aadffda008bcdad5077afc37016f5a,5467,3582,2020:06:28 07:04:21,41.8715106383333,-87.6225185283333,271,true
Buildings_3-124.jpg,Buildings_3,14835015,ad32b0b8f76f26a915c3705a6c23d2d9dcb155db758006f51ef01946b776d2fd,5467,3582,2020:06:28 07:04:24,41.8715109166667,-87.6225177783333,280,true
Buildings_3-125.jpg,Buildings_3,14875172,a5eb1d08dcbc4cc0189ebd4ed57c0616a1b1c5a9e38bb22c1978cafed2e236db,5467,3582,2020:06:28 07:04:27,41.8715113333333,-87.622516945,290,true
Buildings_3-126.jpg,Buildings_3,15587589,db2d2b987649ac18298158c2c38cf58fba80014cc3afe2be5f70bd0ab9eff162,5467,3582,2020:06:28 07:04:30,41.8715113883333,-87.6225161116667,299,true
Buildings_3-127.jpg,Buildings_3,15579516,5a67e4928d433ab51e8410da9aef0516b82d665c347eac392fb082249aba92d1,5467,3582,2020:06:28 07:04:49,41.8716772216667,-87.622489195,314,true
Buildings_3-128.jpg,Buildings_3,16635442,835ee152a9d6a3d6f3a8375b3d2d3cfbeadb615262d804767389b6d17ad6b61a,5467,3582,2020:06:28 07:04:52,41.871679,-87.6224863616667,311,true
Buildings_3-129.jpg,Buildings_3,16292922,05872779dcda494dc0fc9e7f2340df80d05cba02c586de629ba2be132eac6af1,5467,3582,2020:06:28 07:04:55,41.8716783333333,-87.622484195,307,true
Buildings_3-13.jpg,Buildings_3,13833502,398b937384ea79e60955dde6f74d4f5dd8fad3350d64ab54dd3a0184de76376d,5467,3582,2020:06:28 06:56:17,41.869723945,-87.62300175,305,true
Buildings_3-130.jpg,Buildings_3,14801070,b99e665c526a45c04c5a374a5dd4b2aeb2734bc974de42853c8a9457190bff1f,5467,3582,2020:06:28 07:05:01,41.8716779716667,-87.622482,298,true
Buildings_3-131.jpg,Buildings_3,14771263,57ce1f5f77d743117906614e7194121865f480516e939fb4144bd5833932a83a,5467,3582,2020:06:28 07:05:04,41.8716782783333,-87.6224817783333,294,true
Buildings_3-132.jpg,Buildings_3,14701866,beffbe025d568a01b62c69ca9e7449c8efc29957b496cbcc8fc7671ca36f35d6,5467,3582,2020:06:28 07:05:07,41.8716781116667,-87.62248275,285,true
Buildings_3-133.jpg,Buildings_3,14677360,f55fc1905c80cf8413ce2c29ee3ed8c43aacba7e19fda7c9df155f63e7295efb,5467,3582,2020:06:28 07:05:10,41.871677305,-87.6224821383333,280,true
Buildings_3-134.jpg,Buildings_3,14785399,7c3d59a96284b804f67e199c78250f3d15ef970428dbbd843a7f368a626efa5c,5467,3582,2020:06:28 07:05:13,41.8716770833333,-87.6224825,280,true
Buildings_3-135.jpg,Buildings_3,14797438,6d36648adb58e6b9933aa5d627c0b38e107acf8f2ceea51b99182d3c6ea81d83,5467,3582,2020:06:28 07:05:16,41.871677695,-87.6224821383333,277,true
Buildings_3-136.jpg,Buildings_3,14621085,4fde6d92218adfe2ea208a7cfcc648e50a3540b95c98a16d49c8aa520c23d315,5467,3582,2020:06:28 07:05:19,41.8716778616667,-87.6224830833333,273,true
Buildings_3-137.jpg,Buildings_3,14635922,16992e0dd3e00917694d53ac656269c903e18bf1d1542929ca6046971b5f81c7,5467,3582,2020:06:28 07:05:22,41.8716768333333,-87.6224837783333,266,true
Buildings_3-138.jpg,Buildings_3,14648595,8ceee310add3b3483605aa526c693a8ce6a6f489c3389be68210da4b36a80b74,5467,3582,2020:06:28 07:05:26,41.871677305,-87.6224844166667,257,true
Buildings_3-139.jpg,Buildings_3,14709046,294c1ace9c8da737f6b46376d28f70cae7a9d41f0002898df6d026ce7b1b168b,5467,3582,2020:06:28 07:05:29,41.8716771383333,-87.622485805,248,true
Buildings_3-14.jpg,Buildings_3,14628764,0ecc47ba7c36322a05f7f619c1bf63727f39133407f4d6ad07440e6bec21310f,5467,3582,2020:06:28 06:56:20,41.8697245,-87.6230023616667,310,true
Buildings_3-140.jpg,Buildings_3,14894293,371334d1e2e7ed3f86497400df7ad5c94b7ede14824c55017416a8eddd60aa8f,5467,3582,2020:06:28 07:05:32,41.8716771116667,-87.6224861383333,239,true
Buildings_3-141.jpg,Buildings_3,15265410,c14905c8ff76d2eb31a7eb8a6d9334586a18e1c6306d5536bfdbc54c19b41ca2,5467,3582,2020:06:28 07:05:35,41.8716802783333,-87.622485695,230,true
Buildings_3-142.jpg,Buildings_3,15853601,c3df1d7a01dcf29f952cf5101adfaa2d364ac091c11930fadec3637fbfa80fad,5467,3582,2020:06:28 07:05:38,41.8716793616667,-87.622486305,221,true
Buildings_3-143.jpg,Buildings_3,15644149,25dbf881a3d026de08cb482152609acabaa6149801fc56e2bbe6839dd025ee88,5467,3582,2020:06:28 07:05:41,41.871679695,-87.6224858616667,212,true
Buildings_3-144.jpg,Buildings_3,16175512,081cce15b719c487f13897b9986d9eebb84874bf4008a8215b8401983cd922f8,5467,3582,2020:06:28 07:05:59,41.8718341116667,-87.6224744716667,211,true
Buildings_3-145.jpg,Buildings_3,16067705,20fc18e454bf7a698583bc2bb376dd82f9ef72ad0294c3701a2dcedbf77a02da,5467,3582,2020:06:28 07:06:02,41.871833695,-87.622474695,211,true
Buildings_3-146.jpg,Buildings_3,15624886,32efcbc55a718d0c33848056b82da76a64573fbcc6b99de462d96b4a2a3a9f95,5467,3582,2020:06:28 07:06:05,41.871832805,-87.6224740283333,215,true
Buildings_3-147.jpg,Buildings_3,15435107,a8c28d78680ab9a3a177165ea962154a10126511649857a24b8f2c98ad1f2997,5467,3582,2020:06:28 07:06:08,41.871832555,-87.6224730283333,220,true
Buildings_3-148.jpg,Buildings_3,15090071,ce047cd1b2525bf52828cb2a15ec193fbb4d5aa8f8097781b90428b7aaa53cb8,5467,3582,2020:06:28 07:06:11,41.8718319166667,-87.6224728883333,227,true
Buildings_3-149.jpg,Buildings_3,15092352,e92e8d59a77b4f99cccfaa74799eecdfa3ea3700b10af7252304f1c8d9ae27a9,5467,3582,2020:06:28 07:06:14,41.8718316116667,-87.6224728883333,233,true
Buildings_3-15.jpg,Buildings_3,15218297,ad277bb7d3e4170068e16b1a2139418deee3744de715db440f3e6e5f6bcb460c,5467,3582,2020:06:28 06:56:23,41.8697246666667,-87.6230026666667,310,true
Buildings_3-150.jpg,Buildings_3,14954724,0aa075059ffb8d772af09d2dd0e43982405ce41215d88ac2f1817380e327fcbf,5467,3582,2020:06:28 07:06:17,41.8718311666667,-87.6224729716667,241,true
Buildings_3-151.jpg,Buildings_3,14728887,d6c5bdaf177f34b561aae2e601a618cacd6659cdb5e123fa34c0a59c7a32201c,5467,3582,2020:06:28 07:06:20,41.8718307216667,-87.6224727783333,250,true
Buildings_3-152.jpg,Buildings_3,14637671,b7eba232ee6a5c2a9fead550e6691d14e9dd5bbbcbf768a0ee85481122632497,5467,3582,2020:06:28 07:06:23,41.8718305833333,-87.6224736116667,260,true
Buildings_3-153.jpg,Buildings_3,14725643,1fada32ab9aef4c83a516e47b2b4030f7ccf89d41488ef0075208f8e3fbec98b,5467,3582,2020:06:28 07:06:26,41.871830305,-87.6224753333333,269,true
Buildings_3-154.jpg,Buildings_3,14807664,f8aa6a144c06e38e2db95095d0b02737bb804cb78c344a18ac4ebdd4cd4ee752,5467,3582,2020:06:28 07:06:29,41.871830445,-87.6224752783333,278,true
Buildings_3-155.jpg,Buildings_3,14820814,8b8838f91d066ae7429b2408cd1ecbf680555e475be2873fd293b00f563b41af,5467,3582,2020:06:28 07:06:32,41.871829805,-87.6224762216667,288,true
Buildings_3-156.jpg,Buildings_3,14971167,595a8b14c9ebf593779291d64ee58f9b2134f0d80829b353e9053e0391525834,5467,3582,2020:06:28 07:06:35,41.871829555,-87.6224761383333,297,true
Buildings_3-157.jpg,Buildings_3,15141551,d3b97b122a625175c801d9e6ebab653bf0040eca92abc21f2617062ebacbed30,5467,3582,2020:06:28 07:06:38,41.8718293333333,-87.6224763333333,306,true
Buildings_3-158.jpg,Buildings_3,15112472,c81809ab9f1f3ed26117e8bc6b1c9150cafaad6ccf0487722ea5eb854aef5cd9,5467,3582,2020:06:28 07:06:41,41.8718295833333,-87.6224764166667,313,true
Buildings_3-159.jpg,Buildings_3,15165140,940c3e12dd51b42a3ce874cc32e5e3d31189422313e4f8ee9f4b04c935f48abe,5467,3582,2020:06:28 07:06:44,41.871830305,-87.6224772216667,313,true
Buildings_3-16.jpg,Buildings_3,15056115,4851dd1dbc246e0cb1f611b79ddb526a1935acff582dce3729a646acd844e500,5467,3582,2020:06:28 06:56:52,41.8699178333333,-87.6229151666667,312,true
Buildings_3-160.jpg,Buildings_3,15107354,d39577f8a9d810a15f184bb3641f26759310a640f9010448770b39b8ca5b85d1,5467,3582,2020:06:28 07:06:47,41.8718299166667,-87.6224774716667,313,true
Buildings_3-161.jpg,Buildings_3,15058320,5d816f433cdb3c35c0cd64e3afffe276d653afaeadd949097e6d9135479e92aa,5467,3582,2020:06:28 07:06:50,41.871829055,-87.6224784716667,313,true
Buildings_3-162.jpg,Buildings_3,15111453,014cae9822f93096aeee6af1cbf47bdde3766de40245b7a8c84bf48fcaa54787,5467,3582,2020:06:28 07:07:07,41.8719983333333,-87.6224908333333,315,true
Buildings_3-163.jpg,Buildings_3,15172436,6641642567089e48551114b40d7d472d3144a2dd96cac0198882bb7a1e3d538a,5467,3582,2020:06:28 07:07:10,41.8719985,-87.6224910833333,313,true
Buildings_3-164.jpg,Buildings_3,15166932,a60b624fde52f37c50622ac27fcc08fc7827dd26752c339b61f784cfb266ce15,5467,3582,2020:06:28 07:07:13,41.8719982783333,-87.6224922783333,307,true
Buildings_3-165.jpg,Buildings_3,15114567,e4794fd2ca9d9f76a246f1b53016fc42af984c80da47c703a8c7efe7e9c65790,5467,3582,2020:06:28 07:07:16,41.8719981116667,-87.622491695,302,true
Buildings_3-166.jpg,Buildings_3,15122432,743b854b466d64348465dddbd64ed6c7ad832d1f72b36d7f1e65450a9b426412,5467,3582,2020:06:28 07:07:19,41.8719985283333,-87.6224911666667,296,true
Buildings_3-167.jpg,Buildings_3,15133007,6d7f4c100fd004f2f21ed75eb8b7c1074073a33b55ec110b9c55ef12db41c0f2,5467,3582,2020:06:28 07:07:22,41.8719992216667,-87.6224899166667,290,true
Buildings_3-168.jpg,Buildings_3,15028245,4d15c46ff64143126eb957842ee79ff9453d857b16819d439a436edf2406702a,5467,3582,2020:06:28 07:07:25,41.8720001666667,-87.6224897783333,282,true
Buildings_3-169.jpg,Buildings_3,14906121,c52610845800b117fce952bc08c15063ce97c08bfc00217f2b4a578375db7a43,5467,3582,2020:06:28 07:07:28,41.8720009716667,-87.6224895283333,273,true
Buildings_3-17.jpg,Buildings_3,14694435,05102648885add619a4d43114eeaf6ecbc0cdddf5a9ba73b2d36a21daad8d77e,5467,3582,2020:06:28 07:04:33,41.8715108883333,-87.6225158333333,309,true
Buildings_3-170.jpg,Buildings_3,14231069,c7ffa8f9893b289298a634d883360d83fa1e1da7a421cfab7b68ace1d9a43e96,5467,3582,2020:06:28 07:07:31,41.8720012783333,-87.6224874166667,263,true
Buildings_3-171.jpg,Buildings_3,15077912,0a8c3a6c70f5c2bf7370f12e35f00b6ce97822ef5df9b6a5cf5881f4aa883cc4,5467,3582,2020:06:28 07:07:34,41.8720005,-87.6224901383333,254,true
Buildings_3-172.jpg,Buildings_3,15091101,d56570bd152ee77b5bc85cc1e6b1ab46b8bb8e5db3ef944f84deecdb863ab72a,5467,3582,2020:06:28 07:07:37,41.8720011666667,-87.62248875,245,true
Buildings_3-173.jpg,Buildings_3,15044362,89e1681ccfe7105578ca101a76808880a906837b29d492e23a9b6f1d9b64cf53,5467,3582,2020:06:28 07:07:40,41.8720008883333,-87.6224878883333,236,true
Buildings_3-174.jpg,Buildings_3,15462149,b34a772c2b40bc9440fc5b98d4b4023c95e4745bc79a7c0afa355be859613304,5467,3582,2020:06:28 07:07:43,41.8720003616667,-87.6224880283333,227,true
Buildings_3-175.jpg,Buildings_3,14992906,90c0f503e44a049dea42806a1976673b6749cc7b8318e4d3590d312dac199632,5467,3582,2020:06:28 07:07:46,41.8720010833333,-87.6224876116667,218,true
Buildings_3-176.jpg,Buildings_3,15039975,cd06d296a05760ff5b029c1236be56cabec7a2a1076c83abb3f71a6c1556d51f,5467,3582,2020:06:28 07:08:02,41.8721436383333,-87.6224872783333,216,true
Buildings_3-177.jpg,Buildings_3,15674027,da35d071c783ae76acc56d22085c41d07e7e401df7c43900857fe91b79214483,5467,3582,2020:06:28 07:08:05,41.8721497216667,-87.6224870833333,218,true
Buildings_3-178.jpg,Buildings_3,15439394,2be2f468410c1f9cd90aa3cc44bcbfe2dfbaa8674e05e175a3f24985f4b35df6,5467,3582,2020:06:28 07:08:08,41.872149945,-87.6224871116667,224,true
Buildings_3-179.jpg,Buildings_3,15291117,aed1f701fc7129723505e22ae03b50c7076e1bf9c7f512d0d1156829432b26c9,5467,3582,2020:06:28 07:08:11,41.8721495,-87.6224864716667,229,true
Buildings_3-18.jpg,Buildings_3,15121372,85bfdef85a0ea55d80b198958ef6e8908383763a6dfd6a6abbbf08097f0a454b,5467,3582,2020:06:28 07:04:58,41.8716782783333,-87.6224826116667,302,true
Buildings_3-180.jpg,Buildings_3,15040294,783c0485636640dd819963392c2c912f86cfa0af82a0876c0b1fc2174a288ee9,5467,3582,2020:06:28 07:08:14,41.872149,-87.6224862783333,235,true
Buildings_3-181.jpg,Buildings_3,14948023,078191b91a9e9ba3771dc5b54a24a743d7b8ed7c08781b788dcf323641b03d73,5467,3582,2020:06:28 07:08:17,41.872147305,-87.6224870283333,243,true
Buildings_3-182.jpg,Buildings_3,14788470,bcb5715ef473eb273da2b4f4756a841d2e2aee1c3c5f02100bfb78c85b0e3cbe,5467,3582,2020:06:28 07:08:20,41.8721474716667,-87.6224875283333,252,true
Buildings_3-183.jpg,Buildings_3,14594915,e111e656381edd9ef02e6e42ce28478cd4ef974b1a16c4a030db1bfe65f4d67b,5467,3582,2020:06:28 07:08:23,41.872147055,-87.6224886383333,261,true
Buildings_3-184.jpg,Buildings_3,14313631,cb3154f92dd314dbb40d860a28e14df2cd50f1a86ad3c64b3b519c55449c3838,5467,3582,2020:06:28 07:08:26,41.872146805,-87.6224899166667,271,true
Buildings_3-185.jpg,Buildings_3,14107783,9409bb59b64c7473a24e5a8a347ca9cc494007b7e0f08fda79a06b5dfbaa4564,5467,3582,2020:06:28 07:08:29,41.872146695,-87.622490695,280,true
Buildings_3-186.jpg,Buildings_3,14015579,9987400bd7e8ed158ec47012fee0d958123378c17915e77c8f78bbb4a9ff9778,5467,3582,2020:06:28 07:08:32,41.872146695,-87.6224912783333,289,true
Buildings_3-187.jpg,Buildings_3,13996302,9419783f52e287476a3bad0e2646c8f9863b15356303b18d1ddc74987a7af5bc,5467,3582,2020:06:28 07:08:35,41.8721462783333,-87.6224925,299,true
Buildings_3-188.jpg,Buildings_3,14374852,35519bbf5cc0234ea5d9e3d945ab7abe363d3ce73b748906a3ca974ab4636bd8,5467,3582,2020:06:28 07:08:38,41.8721467216667,-87.6224933333333,308,true
Buildings_3-189.jpg,Buildings_3,14671895,d43ae17c73b6c7e481353a765b113a0c3857ba7c31154f59e13c155ee9288051,5467,3582,2020:06:28 07:08:41,41.8721475283333,-87.622493305,313,true
Buildings_3-19.jpg,Buildings_3,14409048,2826d2c8f8f3b92798d8ee5cad17a3831938c8539c50e090b08d28f6aa159c18,5467,3582,2020:06:28 06:56:58,41.8699181116667,-87.6229156666667,307,true
Buildings_3-190.jpg,Buildings_3,14806651,c3254bc3f344c6bbe6ed0cb3d8bdbc5587263a551184dfe5939aaa9b7763cfd5,5467,3582,2020:06:28 07:08:56,41.8722821383333,-87.622485805,314,true
Buildings_3-191.jpg,Buildings_3,14869687,705d5b1831730f22f9697213be1f57dbff657f2e136bdc2c6b84783834e07e6a,5467,3582,2020:06:28 07:08:59,41.8722830833333,-87.6224865833333,312,true
Buildings_3-192.jpg,Buildings_3,14700306,19331058fd2777b71bcd93adab72f651ee6f6d2b00474430ba9f4d6dace058e5,5467,3582,2020:06:28 07:09:02,41.8722835833333,-87.6224869166667,307,true
Buildings_3-193.jpg,Buildings_3,15298939,27dccd69841c0d84477d0c09ed83948514ad3d1d3f57a937cd976622562b2cca,5467,3582,2020:06:28 07:09:05,41.872283555,-87.62248775,302,true
Buildings_3-194.jpg,Buildings_3,15363976,6640515b68ed3676b074bd1e28c2c730820e44748ad0d58474e63e9c7ac1942f,5467,3582,2020:06:28 07:09:08,41.87228325,-87.622487555,295,true
Buildings_3-195.jpg,Buildings_3,15503793,8b48e782d87eb0e753fbb261e16eb798ade8a35acf5479ece45638a33bfde227,5467,3582,2020:06:28 07:09:11,41.8722831666667,-87.6224876116667,287,true
Buildings_3-196.jpg,Buildings_3,15416184,f9c0dcaa81cbd9c8bc3da348c56cd5bd39a43a3fada45f0579dc4cee4a1906ad,5467,3582,2020:06:28 07:09:14,41.8722840833333,-87.6224883616667,278,true
Buildings_3-197.jpg,Buildings_3,15262408,b6cab182cba204720b4c75b88ec9b4e8978a23ec7e6d0ac216a2312c01e9a80f,5467,3582,2020:06:28 07:09:17,41.8722849166667,-87.6224881116667,269,true
Buildings_3-198.jpg,Buildings_3,15039300,c1ab2c86b80cdad0104b8ceb4c9abcb0b7486179136b70f6a9ee2674b71f46da,5467,3582,2020:06:28 07:09:20,41.8722843883333,-87.6224881383333,260,true
Buildings_3-199.jpg,Buildings_3,15356093,5fe95cd53c050ecd2f06a148005800644c38277948ed64fc93dfbaad9578cc52,5467,3582,2020:06:28 07:09:23,41.8722837216667,-87.622487695,251,true
Buildings_3-2.jpg,Buildings_3,15727498,845b1d407cc91661e07b5def01a470274cb7a70383b1ea0fd5f93afc0b577fe8,5467,3582,2020:06:28 06:55:44,41.8697227216667,-87.623005555,217,true
Buildings_3-20.jpg,Buildings_3,14376630,47dd532b19e4b985e20a2f94e9a77e36721c15a254c4673ac224004efbe245ab,5467,3582,2020:06:28 06:57:01,41.8699183333333,-87.6229143333333,303,true
Buildings_3-200.jpg,Buildings_3,15330541,6567870582750e00447b198dcc91eaff9a702c09e88a2d500a145085694a77e3,5467,3582,2020:06:28 07:09:26,41.8722853333333,-87.6224878883333,242,true
Buildings_3-201.jpg,Buildings_3,15675109,b22a8fd5d2d96bcf2c3e4d207e4b5dd344d18bec25310fc112e2cba275772600,5467,3582,2020:06:28 07:09:29,41.872284695,-87.6224881116667,232,true
Buildings_3-202.jpg,Buildings_3,15861666,e82714979fb65e7bd08979ff62d8ed7887b5cf35532c9693d7e21ede4f2f49e3,5467,3582,2020:06:28 07:09:32,41.8722859716667,-87.6224880833333,223,true
Buildings_3-203.jpg,Buildings_3,16075878,daa0f53176551e0371e0bf61edd6755ec74e6eb0abf2d306dc193f7addd31606,5467,3582,2020:06:28 07:09:35,41.872284945,-87.6224879166667,218,true
Buildings_3-204.jpg,Buildings_3,16740359,c65e5cff171dfe6730aa0276861e463dff64ade8de6f6d07053ce867cedb7c78,5467,3582,2020:06:28 07:09:51,41.872459055,-87.622483055,215,true
Buildings_3-205.jpg,Buildings_3,16663370,0f939e72dd8fdbc234050f163308f7a84273400201d87911bc5eb8744ed2e0aa,5467,3582,2020:06:28 07:09:54,41.8724597783333,-87.6224830833333,217,true
Buildings_3-206.jpg,Buildings_3,16500546,de66474c7fb4f7b607718a700cc46a75a78f17151f51ee44bb0ff7397cf18f1a,5467,3582,2020:06:28 07:09:57,41.872459805,-87.622483,222,true
Buildings_3-207.jpg,Buildings_3,16333105,308348d345088091547509fdb17464d8a5edee30aaa4942298bde4520161745e,5467,3582,2020:06:28 07:10:00,41.872459695,-87.6224842783333,228,true
Buildings_3-208.jpg,Buildings_3,16344190,3a415f070245c807d2e9c986986177c3c1da77387edd79580e08232b2ce4266f,5467,3582,2020:06:28 07:10:03,41.872459695,-87.6224843616667,235,true
Buildings_3-209.jpg,Buildings_3,16063454,be2ee372a5e5a63a724ae0212a93ca93abf05f9a816d6f09f616cb98aa466e35,5467,3582,2020:06:28 07:10:06,41.8724592216667,-87.622485,243,true
Buildings_3-21.jpg,Buildings_3,14162700,bbd1ec5123bc82aa7b623834e6bf7f3fc9e25c434c83e53cdf8419352bb48610,5467,3582,2020:06:28 06:57:04,41.869918195,-87.622913805,295,true
Buildings_3-210.jpg,Buildings_3,15648108,891f6f6697b994a2bcad70bbb7ebb61dbb841fbeff859fcd846728f00cb684a0,5467,3582,2020:06:28 07:10:09,41.872458945,-87.6224846383333,252,true
Buildings_3-211.jpg,Buildings_3,15540896,8fc5760f4bd1729cf7894c39510d210a73f90cffa0c2580d8d89f023d60b8eaf,5467,3582,2020:06:28 07:10:12,41.8724589716667,-87.6224850283333,261,true
Buildings_3-212.jpg,Buildings_3,15470675,85ad4fa0e7445ac5d357cec79d0de6674c1896c3bcd69358b86057459a501fb8,5467,3582,2020:06:28 07:10:15,41.8724591383333,-87.6224855283333,271,true
Buildings_3-213.jpg,Buildings_3,15429835,a69409b6b7c324f7478caf0a925d8d15257502327eb9153e3517c66668e45cf1,5467,3582,2020:06:28 07:10:18,41.8724592783333,-87.6224860833333,280,true
Buildings_3-214.jpg,Buildings_3,16307563,d5b0dcca06bb1278869d1ebf8ce4672f8ba39afc83549dffc8c884697a08e8c8,5467,3582,2020:06:28 07:10:21,41.8724595,-87.622486305,290,true
Buildings_3-215.jpg,Buildings_3,15995077,9fe253e20176f141c7807a68e1474d1d16915f093f9faed4924e6634b272063b,5467,3582,2020:06:28 07:10:24,41.8724600283333,-87.6224864166667,299,true
Buildings_3-216.jpg,Buildings_3,15189826,ca79bb628152a9899646392ffa0fc342cda9464364d2f07ba5cf8b6b852e2ca5,5467,3582,2020:06:28 07:10:27,41.87246,-87.6224868333333,307,true
Buildings_3-217.jpg,Buildings_3,15637501,4db2a517f88c7be234111ee41b529744c98c14929d17e88e2c2a6b66e70f637e,5467,3582,2020:06:28 07:10:30,41.8724595833333,-87.6224876116667,313,true
Buildings_3-218.jpg,Buildings_3,15230262,17c884eb1566c982bb49101ed2899506e0e4e98f67016d28743e8a8230e828d7,5467,3582,2020:06:28 07:10:33,41.8724605833333,-87.622488,314,true
Buildings_3-219.jpg,Buildings_3,15725286,7f63fec235b8cee45b3c72ca037982746a11a13b3fe75c8707656896ec9678af,5467,3582,2020:06:28 07:10:36,41.8724606116667,-87.62248825,314,true
Buildings_3-22.jpg,Buildings_3,14215837,97d6d88fbf73cb1ed4c837a2bd124cbdee98d9963a1ba4dacc5902c095404d8a,5467,3582,2020:06:28 06:57:07,41.8699178616667,-87.6229143883333,285,true
Buildings_3-220.jpg,Buildings_3,15648760,9f4c4d31333dad4f20409a8a92e8d816011660ff3da061bfc69ca4a2c291a013,5467,3582,2020:06:28 07:10:57,41.872557695,-87.6225018333333,315,true
Buildings_3-221.jpg,Buildings_3,15664819,b8de4b0a742583b31b96c0af6b1b0163a1be285f21ddb20f9c176d5a649f5d99,5467,3582,2020:06:28 07:11:00,41.8725581383333,-87.622501195,315,true
Buildings_3-222.jpg,Buildings_3,15655525,ab8245294be237667ebebd6f3bb2cc18fe711a781689b13d9975ffb5ad4422a0,5467,3582,2020:06:28 07:11:03,41.872558695,-87.6224997783333,312,true
Buildings_3-223.jpg,Buildings_3,15621206,6962de0ee6491f808b5a7bfd4882a8693486e18e7b5c538abe7e32b50a7e58ca,5467,3582,2020:06:28 07:11:06,41.8725587783333,-87.6224988883333,304,true
Buildings_3-224.jpg,Buildings_3,15637526,438bd2048972f8b080866b25598206e7f7180c135e8d0d63433bbfb8c973b7ad,5467,3582,2020:06:28 07:11:09,41.87255825,-87.6224987783333,296,true
Buildings_3-225.jpg,Buildings_3,15349368,4a0dfbba55e1080c77624aecb61862bf36f08cfdeab4eb9d2f16020f7d143854,5467,3582,2020:06:28 07:11:12,41.872557445,-87.622498305,289,true
Buildings_3-226.jpg,Buildings_3,16192185,22fe94296a93540b3d98028427aee2b629b37389024ebccb09255a63eddb6f8c,5467,3582,2020:06:28 07:11:15,41.872556555,-87.622498305,284,true
Buildings_3-227.jpg,Buildings_3,15930538,7ca92a7193a11b9ac424cc86c777bcaec6eed977b97d0d263175819cfa617663,5467,3582,2020:06:28 07:11:18,41.8725564716667,-87.6224980283333,279,true
Buildings_3-228.jpg,Buildings_3,15902558,2c7375fd901bd761acd8691835376b536522a6237d885cac0e948bdb360add16,5467,3582,2020:06:28 07:11:21,41.8725578883333,-87.6224982783333,270,true
Buildings_3-229.jpg,Buildings_3,15474728,5f2676cfd9fbaba5e59eafe5b6228c9e7570a6961d39e1ff36f9192ce1010c29,5467,3582,2020:06:28 07:11:24,41.8725579716667,-87.6224991116667,261,true
Buildings_3-23.jpg,Buildings_3,14238476,36a6dbe70497cb0fe83223fae95b524e1c2f0445a6260fdf39428b3df0603eab,5467,3582,2020:06:28 06:57:10,41.8699188616667,-87.622915055,277,true
Buildings_3-230.jpg,Buildings_3,15603470,60975779d68c49c64241ede796948e59c49cc87d550e0566ba464caadee84ca7,5467,3582,2020:06:28 07:11:27,41.872557445,-87.6224982783333,255,true
Buildings_3-231.jpg,Buildings_3,15537865,a04da09ed8fed427eced7850ce0f77a5d741daa69e918f652f9d6873f7bc31c0,5467,3582,2020:06:28 07:11:30,41.8725565833333,-87.622498055,254,true
Buildings_3-232.jpg,Buildings_3,15707330,f5f5f685b3cc1b2c47ee9eb22d62a9e9c324b1890e1513e576afff408ff81cef,5467,3582,2020:06:28 07:11:33,41.8725573883333,-87.6224984166667,254,true
Buildings_3-233.jpg,Buildings_3,15901776,6650bade2e0241f756d0c7eab405a2589e541a9f14c25eb9064fba73856f8c79,5467,3582,2020:06:28 07:11:36,41.8725545,-87.6225007783333,253,true
Buildings_3-234.jpg,Buildings_3,15569560,f4e057122c685bc159e26223fd5ed0bddba7ccc8e333417e82ec573c2027f03e,5467,3582,2020:06:28 07:11:39,41.8725556116667,-87.6225004166667,248,true
Buildings_3-235.jpg,Buildings_3,15448521,e21eacfc88bbc4e5e8936e456617e98ab11eb093a892850e3cb4de6afbe584f5,5467,3582,2020:06:28 07:11:42,41.8725560833333,-87.6224998883333,243,true
Buildings_3-236.jpg,Buildings_3,15709193,8be6e2967d572afc3b8e44d051838e2b25c853ed7dabf9aae46377eb87a088c2,5467,3582,2020:06:28 07:11:45,41.8725568616667,-87.622499305,237,true
Buildings_3-237.jpg,Buildings_3,15947037,8bc7c7b27a04d007cbeb110049aec7f7577561e4875188fda1349be9b421c6e1,5467,3582,2020:06:28 07:11:48,41.8725565833333,-87.6224992216667,230,true
Buildings_3-238.jpg,Buildings_3,16191506,4ef9c314f4b7462c95336ad1bdebef828539adda42654283bfbeeb470cdd5adb,5467,3582,2020:06:28 07:11:51,41.8725564166667,-87.62249825,224,true
Buildings_3-239.jpg,Buildings_3,16404015,f48a78b88222951dc46670c9b452962080a68479b9ca6f8f62494c9b6b5fdf5a,5467,3582,2020:06:28 07:11:54,41.872556555,-87.6224988883333,218,true
Buildings_3-24.jpg,Buildings_3,14595711,150cfbbcbd44c721a9865d6fe7683fd22898ea05a07328e39e813f2711ce9780,5467,3582,2020:06:28 06:57:13,41.8699183616667,-87.622914055,268,true
Buildings_3-240.jpg,Buildings_3,15844160,0acad0c550d7e4068bb8757a428d4b6b52d3156d9502178de2db7e95afc1f682,5467,3582,2020:06:28 07:11:57,41.8725561116667,-87.6224973333333,217,true
Buildings_3-241.jpg,Buildings_3,15829318,777f62f0b4878b2a9ba71627d137b44f5509bd815a85102a9b507473d39b59eb,5467,3582,2020:06:28 07:12:16,41.872672555,-87.6225176666667,222,true
Buildings_3-242.jpg,Buildings_3,16233225,7738381e8ef141b67a8f3f48886ece339a1082926e43a4e1fe9109e553a61963,5467,3582,2020:06:28 07:12:19,41.8726714166667,-87.6225190283333,222,true
Buildings_3-243.jpg,Buildings_3,16211186,e5b05b22ce83c9e180a4ac1f8008c49618b60feb56abf876f4ba34dac221e4d4,5467,3582,2020:06:28 07:12:22,41.8726700833333,-87.6225183883333,222,true
Buildings_3-244.jpg,Buildings_3,15921121,6db7c89639652993ffffdac0a5c952376b39b3842649064c60b1348f44c58a15,5467,3582,2020:06:28 07:12:25,41.8726689166667,-87.6225179166667,226,true
Buildings_3-245.jpg,Buildings_3,15826286,6a8df2c8dd07bef8c6a0bd3d161b0b36f5242ca5d9eff4f70a9666cfc0fc4af8,5467,3582,2020:06:28 07:12:28,41.8726693333333,-87.6225181383333,233,true
Buildings_3-246.jpg,Buildings_3,15459915,ca21b91d69432e069cd046e90ebc20cfbaa0d6e7c3026b0a029dca05a1b8d48d,5467,3582,2020:06:28 07:12:31,41.8726701116667,-87.6225185283333,242,true
Buildings_3-247.jpg,Buildings_3,14992815,4e7b9f478d19babb585ee54803cf8ec284417b3d8c29689363e77b3db3d1717c,5467,3582,2020:06:28 07:12:34,41.8726710833333,-87.6225188333333,251,true
Buildings_3-248.jpg,Buildings_3,15807399,618bd51427545d4271105daa4d5b1040abc0aaa168f7061b61e1e8d4554cdc55,5467,3582,2020:06:28 07:12:37,41.8726712216667,-87.6225209166667,261,true
Buildings_3-249.jpg,Buildings_3,15981455,8d5093289efd9d7876ed61a9433d26e7db6f33c42400967738a8c05b34bd7510,5467,3582,2020:06:28 07:12:40,41.8726714166667,-87.622521305,270,true
Buildings_3-25.jpg,Buildings_3,14707590,eb5a962c6b46f372fbc8859141d3517a56f5b2dc8e2ff8e5425c9428e84b1146,5467,3582,2020:06:28 06:57:16,41.869918445,-87.6229130833333,259,true
Buildings_3-250.jpg,Buildings_3,15121640,0425cad35081556772ea5adc559c3fa9ac434c02fe47ca6c662053e2a4a3033f,5467,3582,2020:06:28 07:12:43,41.8726717216667,-87.6225215283333,279,true
Buildings_3-251.jpg,Buildings_3,15178687,433c1e11d0139a37a8a49c0cc4a5291a01f836c641ebd4c1ae2c8fa41ead3f8d,5467,3582,2020:06:28 07:12:46,41.872672,-87.6225210283333,288,true
Buildings_3-252.jpg,Buildings_3,14991751,085c4e3c7be85443d8111422b8062a85620925ab258c04a2fa36bc7217b8d015,5467,3582,2020:06:28 07:12:49,41.872671805,-87.622521445,297,true
Buildings_3-253.jpg,Buildings_3,14764438,79f6e3092bcb71b449549a7381ab878f16ce66e41bf2de795bb4b88854754581,5467,3582,2020:06:28 07:12:52,41.8726716116667,-87.6225213883333,306,true
Buildings_3-254.jpg,Buildings_3,14759315,069db3ec73826380e4320e8f2e57dcd1c5c5216362ddcc7c8e5ce501c8ca3075,5467,3582,2020:06:28 07:12:55,41.8726723616667,-87.622521305,313,true
Buildings_3-255.jpg,Buildings_3,15472255,7230b50736adb7185188af770568f16abbfe172be0d48e8ba9706b893bc8e921,5467,3582,2020:06:28 07:12:58,41.872673445,-87.6225211666667,314,true
Buildings_3-256.jpg,Buildings_3,15454347,92174f98c8ab940e3a8bb8f277e9968685f0612657dfca0edfe4aa886c738beb,5467,3582,2020:06:28 07:13:01,41.872673945,-87.6225210283333,314,true
Buildings_3-257.jpg,Buildings_3,15469508,75f150517a4cb868e72711cbaa2cbe540dec9df87a0d063931f2f50095af907e,5467,3582,2020:06:28 07:13:04,41.872674945,-87.6225214716667,314,true
Buildings_3-258.jpg,Buildings_3,16960219,d4f62988ccaac4bc462d3b44fc2cd22406049c8958c6c9a4e1813da34971b4b0,5467,3582,2020:06:28 07:13:07,41.8726758616667,-87.6225213883333,312,true
Buildings_3-26.jpg,Buildings_3,14582320,e8befb75a0e3852d1391818816c0a18052664ff05a34ae255075e64a42603687,5467,3582,2020:06:28 06:57:19,41.8699185,-87.6229135,252,true
Buildings_3-27.jpg,Buildings_3,14630043,5ddad714ccab421931e6de578c617cde9942e421ae36dac69b61b1fd1fac16d8,5467,3582,2020:06:28 06:57:22,41.8699191666667,-87.6229118333333,245,true
Buildings_3-28.jpg,Buildings_3,14467753,ea49df8d902c4f64a096e3c1d8ffdacf71b35c3db304b2d3c744f307ac681076,5467,3582,2020:06:28 06:57:25,41.8699196116667,-87.622912305,238,true
Buildings_3-29.jpg,Buildings_3,14283950,b717d22e258328dc05762b1fca1f7939c2b77d10798e0f53bf0450a66f86d7e8,5467,3582,2020:06:28 06:57:28,41.8699198883333,-87.6229126116667,230,true
Buildings_3-3.jpg,Buildings_3,15651294,91ba185763fa07c7cce18e0746ee2df3e4a5c0a8b6324dc6410b853638cb6aa9,5467,3582,2020:06:28 06:55:47,41.8697233616667,-87.6230062783333,220,true
Buildings_3-30.jpg,Buildings_3,14422368,e8ac694f55b702f3a4635c4a006cb56e2e0764903deaa80f8a82b19c77299cc9,5467,3582,2020:06:28 06:57:31,41.8699209166667,-87.6229125283333,225,true
Buildings_3-31.jpg,Buildings_3,15871391,27e8ff314c210de58baef93ee9105bdb09e28bfa32a6ca07c62d22b3abe129d3,5467,3582,2020:06:28 06:57:34,41.8699208616667,-87.62291225,220,true
Buildings_3-32.jpg,Buildings_3,15068659,00f5f1e2b851faed9be1e6104c7c4243023dea6399c90a166c8eaa36a8608e20,5467,3582,2020:06:28 06:57:37,41.8699221383333,-87.6229115283333,218,true
Buildings_3-33.jpg,Buildings_3,15102215,42494d833ba3dbb22ac64a0077dcf34f5b77cf64d4ce62b1f623f60620558044,5467,3582,2020:06:28 06:58:15,41.870204445,-87.6226627783333,220,true
Buildings_3-34.jpg,Buildings_3,15006923,b59ea8ea7b6a998f5f4a08e893e68e3f65d539ab7a350bf22cbbdb073fa5aba8,5467,3582,2020:06:28 06:58:18,41.8702054166667,-87.6226643333333,223,true
Buildings_3-35.jpg,Buildings_3,14595932,9a996458b74f4bcbb273cd7f6a81e33c8bf8755268f52efdc0f2841b994d65df,5467,3582,2020:06:28 06:58:21,41.8702056666667,-87.6226650833333,230,true
Buildings_3-36.jpg,Buildings_3,13913073,1e9a4e4617ee6bddc28934d2d776749b4c49fad0701f91f8d6c27f2ea1d0080b,5467,3582,2020:06:28 06:58:24,41.870205,-87.622665,239,true
Buildings_3-37.jpg,Buildings_3,13547926,24ed8ea8fd52eb67d65a2205e9232650b70ef5501db2c388d0f6ebe92254bc89,5467,3582,2020:06:28 06:58:27,41.8702032216667,-87.62266625,248,true
Buildings_3-38.jpg,Buildings_3,13389653,af8bfc995161d6b24ec8b32399bc729443b8820b3a3c4c7a1dfc6808d6f259fe,5467,3582,2020:06:28 06:58:30,41.8702019716667,-87.622668195,257,true
Buildings_3-39.jpg,Buildings_3,12953519,1fa3f6b0901005d12f06666e90656a64a58cf0cc2bdaabdc2883b2562145dbd2,5467,3582,2020:06:28 06:58:33,41.870201945,-87.6226688616667,266,true
Buildings_3-4.jpg,Buildings_3,15163817,74581304ed9c00e129bc5673779fbba6d85073650b623b61b9bb783fea03c731,5467,3582,2020:06:28 06:55:50,41.86972425,-87.6230056383333,226,true
Buildings_3-40.jpg,Buildings_3,13555839,5e621eba7eab4392e9818423d8f9ebbb3fb37fb0a1cf77add703c92d09eb701b,5467,3582,2020:06:28 06:58:36,41.870202195,-87.622668695,275,true
Buildings_3-41.jpg,Buildings_3,13464513,fb5637a778c97885d4d96aeddaedcaf9663175df38a9fd42382fcca36a330086,5467,3582,2020:06:28 06:58:39,41.8702018883333,-87.6226698333333,284,true
Buildings_3-42.jpg,Buildings_3,13911873,4bd612c71657aef379688d83840ecef1d72b8f09490ee28021f0271065b2eda9,5467,3582,2020:06:28 06:58:42,41.8702015283333,-87.6226714716667,293,true
Buildings_3-43.jpg,Buildings_3,14101301,c47c437c503fa20bc131b99cbfd596153f0d1aca807f03a15e905af3733df589,5467,3582,2020:06:28 06:58:45,41.8702016116667,-87.622672555,303,true
Buildings_3-44.jpg,Buildings_3,14358005,b62b0202994ae5efe7da433df5a34036cc331dcb13118c54e85eae257b5fc54d,5467,3582,2020:06:28 06:58:48,41.8702025833333,-87.6226718883333,310,true
Buildings_3-45.jpg,Buildings_3,14359790,95b2a3d58348a94fd90dfb3cf8e3c6e31c91cd5b55d4e83e0c05fb294295a79f,5467,3582,2020:06:28 06:58:51,41.870209305,-87.622671555,310,true
Buildings_3-46.jpg,Buildings_3,14638675,6cce495ef2014c4be033ba2ae33e904c4221ae07017709e8aab6fa6db2d4b04a,5467,3582,2020:06:28 06:59:06,41.8704546666667,-87.6226335,310,true
Buildings_3-47.jpg,Buildings_3,14600282,b04e6db374d7f27118b4a37e93b6926d5305faa59e02984b16a5ba992ade3749,5467,3582,2020:06:28 06:59:09,41.8704588883333,-87.6226333883333,304,true
Buildings_3-48.jpg,Buildings_3,14545552,b9e44fe342733018182c9a0ffffb32bea0ef85e4058a6cad2e2494d3dfa57b5a,5467,3582,2020:06:28 06:59:13,41.8704573616667,-87.6226333333333,298,true
Buildings_3-49.jpg,Buildings_3,14358828,2a5077ded3a7713cd2d1fb5fcae79ddf79a61446f3bd0343e94fda2b57fd06a1,5467,3582,2020:06:28 06:59:16,41.8704561383333,-87.6226328616667,290,true
Buildings_3-5.jpg,Buildings_3,14874974,be0be34ca5aaff9514afdc5be653caf675fe64f43f7c12a2cea84d18c9335d31,5467,3582,2020:06:28 06:55:53,41.869723,-87.6230054716667,233,true
Buildings_3-50.jpg,Buildings_3,14492792,dccf51dcedf197993cedd3030421cc19a331504da5fe58f6c95746c6074e1260,5467,3582,2020:06:28 06:59:19,41.87045475,-87.6226335833333,281,true
Buildings_3-51.jpg,Buildings_3,14124819,2d136493abdd7a3f0d5326b988a720f7e2ba99e07d3159643279fc731a84483b,5467,3582,2020:06:28 06:59:22,41.8704539166667,-87.6226346116667,272,true
Buildings_3-52.jpg,Buildings_3,14036287,181d77e323030884ffbb9f1397d56c3fec2ed56c83b83d3d7badfcc6e46345e5,5467,3582,2020:06:28 06:59:25,41.8704530833333,-87.6226354166667,264,true
Buildings_3-53.jpg,Buildings_3,14173007,47ce9086352e9a8bd48199b2e77ffa26c4a0267a1496e15481c0a9c41de1aae7,5467,3582,2020:06:28 06:59:28,41.8704524716667,-87.6226350283333,257,true
Buildings_3-54.jpg,Buildings_3,14970879,9809d803b1c6febf4d7c53922eca885fc9f2d97cfab204d76995f9869bf1b6d4,5467,3582,2020:06:28 06:59:31,41.870453305,-87.6226351666667,250,true
Buildings_3-55.jpg,Buildings_3,15130249,15637ddf91fffa4b7a65454424d66a1c9d018a705f284464018e436ed47d989b,5467,3582,2020:06:28 06:59:34,41.8704531666667,-87.6226343333333,243,true
Buildings_3-56.jpg,Buildings_3,15247493,9781776f3ae4117ff6a95d3dd4a2eee8e923600d061fafb85249318d0c889976,5467,3582,2020:06:28 06:59:37,41.870453055,-87.6226338333333,234,true
Buildings_3-57.jpg,Buildings_3,15384096,d9d58dec1c9dd011423841c6aabdff0fc9f4b98333589f5f786074df802b0338,5467,3582,2020:06:28 06:59:40,41.8704528883333,-87.6226329716667,225,true
Buildings_3-58.jpg,Buildings_3,16218310,f3666496f49b1636144f073dda6acd5ae24f28f2575acca476dfb3406536df3f,5467,3582,2020:06:28 06:59:54,41.8706610833333,-87.6226347783333,220,true
Buildings_3-59.jpg,Buildings_3,15105340,150570a3b537762c86b81e158760a2facd212fa5c067ca87df1a63eb1a14939c,5467,3582,2020:06:28 07:00:00,41.870665195,-87.6226353616667,226,true
Buildings_3-6.jpg,Buildings_3,14631371,f95de9e1d12a7d9e67705e74f47ac256851750327aebb23f5b63225c0014f7cf,5467,3582,2020:06:28 06:55:56,41.8697217783333,-87.6230057783333,240,true
Buildings_3-60.jpg,Buildings_3,15317149,ce2df67eeb8225f3a4c79e741f3c499c5ea37ed78bdc7c8b2fb5575568aee78c,5467,3582,2020:06:28 07:00:03,41.8706651116667,-87.62263575,235,true
Buildings_3-61.jpg,Buildings_3,14795841,36ae262136aa37122e280ca512742f3e5d08bfe47172010f09a55e3873a53680,5467,3582,2020:06:28 07:00:06,41.8706654166667,-87.62263675,244,true
Buildings_3-62.jpg,Buildings_3,14348810,e0c8f7bfd4972238f07c3f0e641610ecaf08037c76694050510ef0aaa4f99c91,5467,3582,2020:06:28 07:00:09,41.8706654166667,-87.62263725,253,true
Buildings_3-63.jpg,Buildings_3,14272717,e935c9fc6fca0f52bebda6ada9355c5d4e2a31aaeb26b876012b2fe51e18f794,5467,3582,2020:06:28 07:00:12,41.8706649166667,-87.6226382783333,262,true
Buildings_3-64.jpg,Buildings_3,13965262,5d40f9246f5615a75bf82481e7460a02475f540ca5c16d9377bf3f9dc06ad9af,5467,3582,2020:06:28 07:00:15,41.8706643616667,-87.6226380833333,272,true
Buildings_3-65.jpg,Buildings_3,14086078,b720248922fcc7781941dceaa04d710b31e92758f5839ca3482f2961d923aeb0,5467,3582,2020:06:28 07:00:18,41.8706663883333,-87.6226390833333,282,true
Buildings_3-66.jpg,Buildings_3,14559691,7b751d0e5fead5ffd055b0506baa46485683bfe7deedac20d0e04c827ff6bd04,5467,3582,2020:06:28 07:00:21,41.87066525,-87.622638305,291,true
Buildings_3-67.jpg,Buildings_3,13837571,9ac290c2736db6b9435b77f75141af6fa54b1deb599899f0d88bc72f9604e339,5467,3582,2020:06:28 07:00:24,41.8706657783333,-87.622639445,300,true
Buildings_3-68.jpg,Buildings_3,14899581,b6ab6789f89bb836854eaa32201ea3758c8ac103516a583328d09bab7efae59f,5467,3582,2020:06:28 07:00:27,41.8706654166667,-87.6226394166667,310,true
Buildings_3-69.jpg,Buildings_3,14906740,0aff9d1644273b92c2af6db5b3c3f5d730e0275d3decf42ea7e7e478d911ad82,5467,3582,2020:06:28 07:00:30,41.8706652783333,-87.6226388616667,312,true
Buildings_3-7.jpg,Buildings_3,14314901,04e147da0dd9b7c4a6b5be6f9f32bff75c95247a881f8e49d48d600de63605c0,5467,3582,2020:06:28 06:55:59,41.8697216666667,-87.6230051116667,249,true
Buildings_3-70.jpg,Buildings_3,14374343,830b832dc4e3e4fc6745f43cb9c0d94a967418c60267b175fa821e3c727d81bc,5467,3582,2020:06:28 07:00:33,41.870664945,-87.6226378883333,313,true
Buildings_3-71.jpg,Buildings_3,14118045,13e9f9a573e86a62302be0fc93e4a8664ec670354ab0c23f949b5205efc3b094,5467,3582,2020:06:28 07:00:36,41.8706651383333,-87.6226368616667,312,true
Buildings_3-72.jpg,Buildings_3,13844673,52a380897f803e25a7fc36284aace6b2a1bcfc2e7a9aa476dc78a94dc13f884c,5467,3582,2020:06:28 07:00:53,41.8708624716667,-87.622624945,313,true
Buildings_3-73.jpg,Buildings_3,13482231,13e21f0bd07cc6e53b001552f59a70bd77ef105f330a5a77c411cdac572c103a,5467,3582,2020:06:28 07:00:56,41.8708625833333,-87.622625305,312,true
Buildings_3-74.jpg,Buildings_3,13757867,1de95cc3bb8b8a878520a6037b56231379f463c6c7485e0665a9a7077745ea69,5467,3582,2020:06:28 07:00:59,41.8708629166667,-87.6226242783333,306,true
Buildings_3-75.jpg,Buildings_3,14009432,015ac2cbea6f0524e2e0088f77f70a877d342f9ed96537a5b0b9d2fe746905c1,5467,3582,2020:06:28 07:01:02,41.870864445,-87.6226238883333,301,true
Buildings_3-76.jpg,Buildings_3,14270098,dbd5adee7f3ae5749c3c6f58fcdb0b2c5668402beaf87e0066990b6e7580038e,5467,3582,2020:06:28 07:01:05,41.8708646116667,-87.6226227783333,295,true
Buildings_3-77.jpg,Buildings_3,14044893,6d822a8b39a587162918986e0de0a5cf2ca54b04075f073bb9329fdfeb7bb2ab,5467,3582,2020:06:28 07:01:08,41.870864305,-87.6226225,288,true
Buildings_3-78.jpg,Buildings_3,13995234,1efd2f883be70788104b86a9648260db5808db6db25ea3aa2fd5bf9fb369ab4f,5467,3582,2020:06:28 07:01:11,41.87086375,-87.622622,279,true
Buildings_3-79.jpg,Buildings_3,14005879,00a8dc01204f120ec6adb470a6bc34817fbcb051588363908439773a85ff1098,5467,3582,2020:06:28 07:01:14,41.870863055,-87.6226226116667,270,true
Buildings_3-8.jpg,Buildings_3,14039288,536d478f852ba2d1e38aba4c6e3c1a142ef72f68d5c8281d92b0c02906ec562e,5467,3582,2020:06:28 06:56:02,41.8697218616667,-87.6230051666667,258,true
Buildings_3-80.jpg,Buildings_3,13799644,7964d715caae2bbe782e57940d087f797f01a6972e25a3f28b1db7083a64037f,5467,3582,2020:06:28 07:01:17,41.8708629166667,-87.6226226666667,261,true
Buildings_3-81.jpg,Buildings_3,13891919,49e19e9724cfb9d5bfa2426d62945f1997d0f8198287328eea782bf376c2ced1,5467,3582,2020:06:28 07:01:20,41.870863445,-87.6226212783333,253,true
Buildings_3-82.jpg,Buildings_3,14312410,2ed9f3696d2962783f5626dc3270f7453fcb0c38a4984e6e62d68eb624187b47,5467,3582,2020:06:28 07:01:23,41.8708643333333,-87.6226210833333,244,true
Buildings_3-83.jpg,Buildings_3,12822201,00e2349f306bbdac46f10b25fab16252134411c603d47af237623a8a78e505ec,5467,3582,2020:06:28 07:01:26,41.870863,-87.6226213616667,236,true
Buildings_3-84.jpg,Buildings_3,13785456,a3322023f2db9052f8909c4298b1e1fdd6916c1cdea6a920dd5c9f0751bd0c6e,5467,3582,2020:06:28 07:01:29,41.870864305,-87.6226218883333,235,true
Buildings_3-85.jpg,Buildings_3,14297279,ac2e853e92ec0309c2eb030fbbeacc4946d790edc7907c832d3b15ff5ed15176,5467,3582,2020:06:28 07:01:32,41.870863195,-87.6226223616667,230,true
Buildings_3-86.jpg,Buildings_3,15062066,05a1e24fd31c645177d8f00b07f88b894784aa349816e0759f00505638c702f9,5467,3582,2020:06:28 07:01:35,41.8708650833333,-87.6226208616667,221,true
Buildings_3-87.jpg,Buildings_3,16261569,3096959fc4e335d1f8df13aeaa9d3a627215db719fe571f86e5a55886afb9b8a,5467,3582,2020:06:28 07:01:38,41.8708654166667,-87.6226200283333,218,true
Buildings_3-88.jpg,Buildings_3,16412334,39e4bd1fda41e426afa831adf7bff119cd0a0aa023ebae6af518849f237c2e87,5467,3582,2020:06:28 07:01:52,41.8711023616667,-87.6225598883333,217,true
Buildings_3-89.jpg,Buildings_3,16044378,6c98121524e43b0a56a5ea3cc1ac6019244e90ef498f028531dea528fc86a54a,5467,3582,2020:06:28 07:01:55,41.8711109716667,-87.622561445,220,true
Buildings_3-9.jpg,Buildings_3,13896462,c9982d87f45f693c93ea7871631411725ca117da14a9efd8d51030cdec99953e,5467,3582,2020:06:28 06:56:05,41.8697216116667,-87.6230049716667,268,true
Buildings_3-90.jpg,Buildings_3,15305234,ed229c5d7839bdb9cbf0f97b01233a86a2cac6b2d1185438be46b84f0f33652f,5467,3582,2020:06:28 07:01:58,41.871112305,-87.622564055,228,true
Buildings_3-91.jpg,Buildings_3,14823908,2c26ee2b2decf61a874a2440e041fc8b8d351a5b868b96039551af7c38f627a5,5467,3582,2020:06:28 07:02:01,41.871111445,-87.62256625,238,true
Buildings_3-92.jpg,Buildings_3,14332463,e840d9b8fff7079b61bcbf0160c27c9f66dd27b9975f0e33ddacd873bc3e8b55,5467,3582,2020:06:28 07:02:04,41.8711108616667,-87.622568555,247,true
Buildings_3-93.jpg,Buildings_3,14186865,9eac803bacaad792c2de850c373c2d3eb84b2ef72aaf6d230869943ddaa29de7,5467,3582,2020:06:28 07:02:07,41.871109945,-87.6225701666667,256,true
Buildings_3-94.jpg,Buildings_3,14094272,0680a79ec3f2ee48d4764e9c5c5639c011adb053a1e4145b7b467e43bbbb5fca,5467,3582,2020:06:28 07:02:10,41.8711094166667,-87.6225717783333,265,true
Buildings_3-95.jpg,Buildings_3,13901769,c9ab56b8a0e2a40514c0670e355d5604431eb3b121b27b7281fc73129de8361f,5467,3582,2020:06:28 07:02:13,41.8711100833333,-87.622572555,274,true
Buildings_3-96.jpg,Buildings_3,13629958,07692151ff5b36e3a3fc5247c009b747ad7207428b51ce8a5e18141991161546,5467,3582,2020:06:28 07:02:16,41.8711104166667,-87.622575,283,true
Buildings_3-97.jpg,Buildings_3,13211037,fe79fcd27999fdd3f738ff608a7fbe453d2e2a4d49b9ca9ba48322740cf83636,5467,3582,2020:06:28 07:02:19,41.8711098616667,-87.6225741383333,292,true
Buildings_3-98.jpg,Buildings_3,13076330,d0177bd8f872542847a5e0a4e3a5cab7c6764b14566e3b887543f339de65bfb9,5467,3582,2020:06:28 07:02:22,41.871110055,-87.6225735283333,302,true
Buildings_3-99.jpg,Buildings_3,13771992,ed899dbb6efbc4160c24a9877b187e56621a81b7c4b245e88920fdad827243ee,5467,3582,2020:06:28 07:02:25,41.8711101116667,-87.622573195,310,true
Buildings_4-1.jpg,Buildings_4,15287948,0bbc8b9b0a6dd9fa0804dae84804676893e9c3c81533622cf78c99adec956c47,5366,3575,2020:06:28 06:04:34,41.8723531116667,-87.6211106666667,189,true
Buildings_4-10.jpg,Buildings_4,14859453,5bad4b397a705ced5f3da163494388d85bc099486140fbf92b001a36cf102970,5366,3575,2020:06:28 06:07:12,41.8720467783333,-87.6210779716667,189,true
Buildings_4-11.jpg,Buildings_4,14938541,bd668f55c4eeb01ca3ce2462e1e966930a4073fefe5a3fbd46fc86fc255d5f46,5366,3575,2020:06:28 06:07:30,41.8719601116667,-87.621067945,190,true
Buildings_4-12.jpg,Buildings_4,15053500,9b09129aa2958e8b2c0f1651c680000cec4569f3b6430e2d885ed508bab284c5,5366,3575,2020:06:28 06:07:44,41.8721967783333,-87.62108,191,true
Buildings_4-13.jpg,Buildings_4,13758474,caa254e17427528e57066306c1e363d58adaddad4fbbbcde5c523da9b392839c,5366,3575,2020:06:28 06:08:04,41.8723382783333,-87.6211391383333,190,true
Buildings_4-14.jpg,Buildings_4,14486462,e592cc1ec4eb56ce02c6fd7acae0daf470aaaddff4ed50b35386e721ec767c74,5366,3575,2020:06:28 06:08:23,41.8725498333333,-87.62119275,190,true
Buildings_4-15.jpg,Buildings_4,16060664,5a26ddb0e711c4b789ebe1c5075e18e4aba72ca153ab5062412bdf20e22b09e8,5366,3575,2020:06:28 06:08:33,41.8725767783333,-87.6211768883333,191,true
Buildings_4-16.jpg,Buildings_4,14979203,f144cd2d24aefb7a029888381c974792e0d350cfe5a6498ae5955c10748796f3,5366,3575,2020:06:28 06:08:48,41.8727660833333,-87.6213098616667,191,true
Buildings_4-17.jpg,Buildings_4,16345490,88d787735bdcf721bd05241037d7ed1bbe76f96daa7c1d9c598269d38b4aed62,5366,3575,2020:06:28 06:09:01,41.8727721116667,-87.6213006116667,191,true
Buildings_4-18.jpg,Buildings_4,16330429,e03367b06d0c8a82d6650f17079e7ce4786ee25c35c4242d14ceaf7d72b1233d,5366,3575,2020:06:28 06:09:19,41.87283425,-87.6213202783333,191,true
Buildings_4-19.jpg,Buildings_4,16374198,fc524d375162c4148ca0fcb846ec80a30e199d165eb1ca0e4934ac811233f23a,5366,3575,2020:06:28 06:09:33,41.8726261383333,-87.6212891383333,191,true
Buildings_4-2.jpg,Buildings_4,15331044,aec8df95d16679d5ac37bd2257ef4c3ded9962214b63eccbc6fb42fedb8b8a2d,5366,3575,2020:06:28 06:04:52,41.8724004716667,-87.6212668883333,189,true
Buildings_4-20.jpg,Buildings_4,15820139,887c6fe6128ba297b3f55add3caffcc620e61c080380e99f81bffb61b2f08adb,5366,3575,2020:06:28 06:09:48,41.8725234716667,-87.621189945,190,true
Buildings_4-21.jpg,Buildings_4,14979834,4340bb3c96dccf5c8e4dbb9e2f70e4d3231e7dbb5b51ee4a8c06c3149f4dc263,5366,3575,2020:06:28 06:10:08,41.8726100283333,-87.621081,191,true
Buildings_4-22.jpg,Buildings_4,14705734,e19393cbb90182f86ebed956daff7ada431b603a86b4ac9d81b2ed03966c2e58,5366,3575,2020:06:28 06:10:43,41.8724173616667,-87.6211036383333,203,true
Buildings_4-23.jpg,Buildings_4,15571494,4c815415ab5f95b88a38854e40cce58a9c687a8a5ed99c65f3d1a0e09401d8ad,5366,3575,2020:06:28 06:11:00,41.872361695,-87.621080945,204,true
Buildings_4-24.jpg,Buildings_4,15178400,6caaece6bacb0e493799d7de52712f8592aa3dd444bbfedcfa4e149bf417fd21,5366,3575,2020:06:28 06:11:13,41.8723611666667,-87.621082555,218,true
Buildings_4-25.jpg,Buildings_4,14667983,fa48696771d75c1fba80c9ee7abb227aeaa6773a224b3dcde9c40f545e845528,5366,3575,2020:06:28 06:11:29,41.8720858333333,-87.621043555,218,true
Buildings_4-26.jpg,Buildings_4,14502280,e685127f1c718eddaba48e416c5c34e272bcf072f6212febd3220bb012257ba3,5366,3575,2020:06:28 06:11:41,41.8719433883333,-87.621048055,217,true
Buildings_4-27.jpg,Buildings_4,14556895,24fdeeb4e1189ce989fe338535a3c41cb12f070318a231cc8670c5a74df8ee8d,5366,3575,2020:06:28 06:11:51,41.871815695,-87.6210541666667,217,true
Buildings_4-28.jpg,Buildings_4,14795639,5144232e659119181e8da9519e68206c643e963d9b6af227b4c697115a110e10,5366,3575,2020:06:28 06:12:00,41.8714625,-87.6210738333333,218,true
Buildings_4-29.jpg,Buildings_4,14078769,600f7079b0e38e4c52a514a0788d9fcc52e8e6d6574bb54b4d174c53a7898e8c,5366,3575,2020:06:28 06:12:06,41.8712695,-87.6210848883333,218,true
Buildings_4-3.jpg,Buildings_4,15398456,5fad5d31887bebe6f49309ba9ac58a7801eea99b973ed6db056543a714cee123,5366,3575,2020:06:28 06:05:07,41.872426195,-87.6213765,189,true
Buildings_4-30.jpg,Buildings_4,13987153,2372647386229d6a68883e3b610dfa471f556c80925fa509dbd129c8be2ea082,5366,3575,2020:06:28 06:12:13,41.8709879166667,-87.621100305,218,true
Buildings_4-31.jpg,Buildings_4,13946072,5de3450214b40d162da976ba2df2d3791725bd69f146d19db60ba71c870c944f,5366,3575,2020:06:28 06:12:20,41.8708338333333,-87.6211064716667,218,true
Buildings_4-32.jpg,Buildings_4,13878264,1ad3b039f005c22a98b55b996d91a77d7ca6211cf6fc0822ec00e54171af0770,5366,3575,2020:06:28 06:12:27,41.8706309716667,-87.6211155,218,true
Buildings_4-33.jpg,Buildings_4,13892522,d8022415788903a7ca3525e487e41eb7b40d41e1437e190ed0f6bdfb8ed9e843,5366,3575,2020:06:28 06:12:36,41.870371055,-87.6211303616667,218,true
Buildings_4-34.jpg,Buildings_4,14350356,413a72a20835b0b2972186abc307cb14591d10fd176036100f752508a604c279,5366,3575,2020:06:28 06:12:52,41.8703850833333,-87.621331055,219,true
Buildings_4-35.jpg,Buildings_4,14178734,4830498f02ebece8963946e0d9f61fbf7af8ba8e3ebdcbbd22733efb15ea0bec,5366,3575,2020:06:28 06:13:04,41.8702104166667,-87.6212517216667,219,true
Buildings_4-36.jpg,Buildings_4,14146781,997e86a8926ba5abbf7a1b00c81c2a9af76faa152da7b54f9b267e927c31d770,5366,3575,2020:06:28 06:13:10,41.8700825833333,-87.621198195,220,true
Buildings_4-37.jpg,Buildings_4,14666825,ffc60804d43fa88aee8f6902119bc6cb37b8e538bd2d8374521203fe059f4e0f,5366,3575,2020:06:28 06:13:18,41.8700821116667,-87.6211996116667,220,true
Buildings_4-38.jpg,Buildings_4,14049045,a0917c0ef39f45100e27e5be4d38ece65076c2da9b5d524eed1218f71d48d8b5,5366,3575,2020:06:28 06:13:30,41.8700831383333,-87.6211993883333,220,true
Buildings_4-39.jpg,Buildings_4,14537449,e1e6931aefcfc9f0e3fbfea1ef1e54f980ad89276b4006cdd47712465af47742,5366,3575,2020:06:28 06:13:52,41.8699629716667,-87.6211993333333,226,true
Buildings_4-4.jpg,Buildings_4,14999726,297a60abbfeb6cb47fe83709a8b5ebc5ec91e922ddd4fad39c52ed8d9b2691e3,5366,3575,2020:06:28 06:05:20,41.8724480833333,-87.6214802783333,189,true
Buildings_4-40.jpg,Buildings_4,15672673,e127b070ec263596ec3ab0ace0b2c07c916c7479e6a4dd3f7e53abbcbbbe78a7,5366,3575,2020:06:28 06:14:08,41.8699613883333,-87.6211994716667,237,true
Buildings_4-41.jpg,Buildings_4,15237927,45c0d69adbf6f2015c06e649f7e13901c2c86ee1684ec48ec0c8900e64a1bc96,5366,3575,2020:06:28 06:14:19,41.8699624716667,-87.6211984716667,245,true
Buildings_4-42.jpg,Buildings_4,15192961,f4b07642fb6f4182bf904f6f63f77aac1240ae1df762e5783f5666e67f045b58,5366,3575,2020:06:28 06:14:26,41.8699623883333,-87.6211975833333,255,true
Buildings_4-43.jpg,Buildings_4,14987537,4778b0d48e863c6de6ff8da8a61967f26e84798f45910f01a0685540e0301372,5366,3575,2020:06:28 06:14:30,41.8699620833333,-87.6211979166667,267,true
Buildings_4-44.jpg,Buildings_4,14953025,2c41f89cacbc837e1d2b1731c1b59fd9bbc90c0dea9b134fc3e6000fbefbde0e,5366,3575,2020:06:28 06:14:35,41.8699641116667,-87.621200055,275,true
Buildings_4-45.jpg,Buildings_4,14735124,cbdfb30924a18e3921b82d46e53fbb1795c0f3f248a0e521453d27ae0ab2b769,5366,3575,2020:06:28 06:14:40,41.8699631383333,-87.6212014166667,287,true
Buildings_4-46.jpg,Buildings_4,14533059,cd607f564571553d062c904365c4ca2aec66b259285319b05b06e7170422cf90,5366,3575,2020:06:28 06:14:46,41.8699619716667,-87.621201695,302,true
Buildings_4-47.jpg,Buildings_4,13333113,329444bd71b5db4f8a08683535d1cf7f8afd36e5120f17f43ac344771a21e6cc,5366,3575,2020:06:28 06:14:57,41.8699598333333,-87.6212036383333,311,true
Buildings_4-48.jpg,Buildings_4,13525299,8899103be8226e1fe704b14619deb45d6794c67d82f013c744c519d53cabdec7,5366,3575,2020:06:28 06:15:11,41.869961195,-87.6212036383333,311,true
Buildings_4-49.jpg,Buildings_4,13716820,0e7539086b66a1452eb7c4fe5ff78afc35c116e635072de3aaeb9019835f626f,5366,3575,2020:06:28 06:15:21,41.8699647783333,-87.621197805,301,true
Buildings_4-5.jpg,Buildings_4,15027753,52b60aaf8c9c45513c63b6879a46fd43a72f4893ca7b309e99d44c59fd3736f4,5366,3575,2020:06:28 06:05:32,41.8724684716667,-87.62156675,189,true
Buildings_4-50.jpg,Buildings_4,13909763,0493d54d80dfae12d318446fe142573357d8cb914ec0eea95f5e50beab190547,5366,3575,2020:06:28 06:15:27,41.8699665283333,-87.6211943616667,287,true
Buildings_4-51.jpg,Buildings_4,13991253,5ddd99bd837c5130dd7d2ef0c83f7f08940b522986a8a36a726c20f731a08148,5366,3575,2020:06:28 06:15:31,41.8699669166667,-87.6211932216667,275,true
Buildings_4-52.jpg,Buildings_4,14627068,1ad73eda7bc40b9eeab01df0246473f1a39a7a1f86298e037193dc02d8738201,5366,3575,2020:06:28 06:15:36,41.869966945,-87.621192305,262,true
Buildings_4-53.jpg,Buildings_4,14488372,eb92026e99427ad20fdd552e72f4d8eb63592016537023a12679323ca9c18021,5366,3575,2020:06:28 06:15:41,41.8699666383333,-87.62119175,249,true
Buildings_4-54.jpg,Buildings_4,16407749,459ea7ef3812b287e442dab95529e0395deb43980c93e82976834d102f15250a,5366,3575,2020:06:28 06:17:06,41.86811375,-87.61941275,246,true
Buildings_4-6.jpg,Buildings_4,15367646,fc271033326ebada9fdca43c792db150e239a8b2f0f8b664b1d086077ae4802b,5366,3575,2020:06:28 06:06:02,41.8722028333333,-87.6212153333333,190,true
Buildings_4-7.jpg,Buildings_4,15175011,0b19dc0c9492521b75b222d3a1c95cab5f95b2493b852036be46342f807a3880,5366,3575,2020:06:28 06:06:11,41.872174555,-87.6211377783333,190,true
Buildings_4-8.jpg,Buildings_4,15068367,31ec17c03d7c931db95c2d057da400d5eae124935f985cd3e890c78545f5951d,5366,3575,2020:06:28 06:06:24,41.8721422783333,-87.6210576383333,189,true
Buildings_4-9.jpg,Buildings_4,15342245,d186161ec297085fdae18d22d9e9193bdf9aa0f85fe8cd4938f5bd10ad3f386e,5366,3575,2020:06:28 06:06:47,41.8720992783333,-87.621094555,189,true
First_Flight_-1.jpg,First_Flight_,17270973,475056ac0d073fbf27a8024fc16d5c0fe628fcda1ce45786837ce7b05a2085a2,5464,3070,2020:06:27 06:52:34,41.8719028616667,-87.6226608883333,306,true
First_Flight_-10.jpg,First_Flight_,17453743,1b0dbfa044c75a50ca2f360e6adc3210e98948f3de3ee099aaed5cee7ff26ed8,5464,3070,2020:06:27 06:53:42,41.8732363616667,-87.6226605833333,304,true
First_Flight_-100.jpg,First_Flight_,17756340,db457077e1b67d541daff0e0a6b03efa94886de776f02b87b6d47cf60eb98043,5464,3070,2020:06:27 06:58:42,41.86882275,-87.6225028883333,308,true
First_Flight_-101.jpg,First_Flight_,17916363,8f6f2c33a5047115024e477d36f3587bcf041140eed51159da5b6eb9d19919dc,5464,3070,2020:06:27 06:58:44,41.868823195,-87.6225033883333,308,true
First_Flight_-102.jpg,First_Flight_,13225211,19940c8231271b1505b025c09aeeeff0f2411876fc4791d0230058187ad26b09,5464,3070,2020:06:27 06:59:44,41.8690597783333,-87.6234820833333,310,true
First_Flight_-103.jpg,First_Flight_,7753339,c43710a280ca510f1a8adb00bfe571ff5c49f1453ba04de5c40b3dba505e7c89,5464,3070,2020:06:27 06:59:52,41.8690614716667,-87.6234816383333,309,true
First_Flight_-104.jpg,First_Flight_,11026467,a2442c28d5b9f01d6e331d71acddf119f321e503450637c697cb221f14cea538,5464,3070,2020:06:27 06:59:56,41.8690629716667,-87.62348075,309,true
First_Flight_-105.jpg,First_Flight_,11920460,e9dd4580f026a40fb91deb8d5dc35a06b72c033358ac650c9fa7c064aad33d92,5464,3070,2020:06:27 06:59:58,41.8690646116667,-87.623479555,309,true
First_Flight_-106.jpg,First_Flight_,13583882,8bcb696155e0744a9b8c7ac854ede7a36540d86d86f6a426ee563a53790f34d0,5464,3070,2020:06:27 07:00:01,41.869065055,-87.6234811666667,308,true
First_Flight_-107.jpg,First_Flight_,15345705,f3fc94bf11f475649c32d5d6302be6c994ab20cd4dd5f6daa1c03f9c5fd8c06d,5464,3070,2020:06:27 07:00:04,41.869064555,-87.623481,308,true
First_Flight_-108.jpg,First_Flight_,16705061,44a412672e15d867d303c7b9fef230dd5000f30e7bedb93b11916188652d3d68,5464,3070,2020:06:27 07:00:06,41.8690642216667,-87.6234808616667,308,true
First_Flight_-109.jpg,First_Flight_,17897203,b46ab99b07a56f3b4d6a1edf2af7dcda4659beaf73e143499e291b3dfa35a85c,5464,3070,2020:06:27 07:00:08,41.8690647783333,-87.6234805833333,308,true
First_Flight_-11.jpg,First_Flight_,17501927,cb8f810cf98325f07b1e758131ca22370afd5d80e2fc99fc7512f69f83c8f182,5464,3070,2020:06:27 06:53:47,41.873178195,-87.6226583616667,304,true
First_Flight_-110.jpg,First_Flight_,18177221,04947e9969f12ffa384333ad99228fae600a6917b5c5189b12b6b97351b94167,5464,3070,2020:06:27 07:00:10,41.8690645283333,-87.623479945,309,true
First_Flight_-111.jpg,First_Flight_,18501631,3eb903351fccedfb5fd426265cea941a23bc227335490781c4eaf8ba39b64749,5464,3070,2020:06:27 07:00:13,41.869065055,-87.623479945,309,true
First_Flight_-112.jpg,First_Flight_,8161015,d0f16b429c4e359c0e3aeac829aad0959e0f6f03c67ec38b2f80049f87def24c,5464,3070,2020:06:27 07:00:26,41.8690628616667,-87.6233455833333,308,true
First_Flight_-113.jpg,First_Flight_,8249879,4ee122a149087da85d3bafc368abe8044945c01156098702bd223a3a984e1a7d,5464,3070,2020:06:27 07:00:28,41.8690618883333,-87.623130945,308,true
First_Flight_-114.jpg,First_Flight_,8593273,555d2a839c1206fb08e457dcf0968a61d8732386c0e6819a112c5daac7a5e73e,5464,3070,2020:06:27 07:00:30,41.8690600283333,-87.62292175,308,true
First_Flight_-115.jpg,First_Flight_,8755889,8a20d24bc57174a3709a5d60d44bc5d99f5c61797ab0331bcf38a3f9811fc175,5464,3070,2020:06:27 07:00:33,41.86906,-87.62276525,308,true
First_Flight_-116.jpg,First_Flight_,8757850,f5723545ba54ac57812886da9af87df1bff1d00a39d8ee07aca350455eaec69e,5464,3070,2020:06:27 07:00:36,41.8690595833333,-87.622688195,308,true
First_Flight_-117.jpg,First_Flight_,8739130,ba1b07d55fe4ae6e791f807e64bf7317d8c47bd6119e3393dcc254c6718f132c,5464,3070,2020:06:27 07:00:38,41.869057445,-87.6224989166667,309,true
First_Flight_-118.jpg,First_Flight_,8956449,80f7cdec5a3565928f41e79d5f1bed36ad78dc80c08b9ca57de763b9e19d24d7,5464,3070,2020:06:27 07:00:41,41.86905925,-87.6224077216667,309,true
First_Flight_-119.jpg,First_Flight_,8917129,19751a2f3535e9a137274c92757a2dc09c90affa3514190976a2a283e7f262f2,5464,3070,2020:06:27 07:00:45,41.8690542216667,-87.622206305,309,true
First_Flight_-12.jpg,First_Flight_,17513718,a3b6705eee21e65ec588ff03933152079aba7187d3c9f6e9a2ae02ed28ab7996,5464,3070,2020:06:27 06:53:49,41.8730881383333,-87.6226521666667,304,true
First_Flight_-120.jpg,First_Flight_,8824947,aca3f4ea9f5691bc12a69f9c4ca9bba96745e13d5e8cc335d1b77bc962a7b936,5464,3070,2020:06:27 07:00:47,41.8690508883333,-87.6219682216667,309,true
First_Flight_-121.jpg,First_Flight_,8841765,ad85484b508cf3fc136bf2db832e5df208fb5fd2e3a18cce5fe159f6501de27b,5464,3070,2020:06:27 07:00:49,41.8690483616667,-87.62184875,310,true
First_Flight_-122.jpg,First_Flight_,8847889,814aa11f0fd3aeeb85ac1fbf7ba76c58188ae4481cd4638a3857c70c6118ee40,5464,3070,2020:06:27 07:00:52,41.8690471666667,-87.6217850283333,310,true
First_Flight_-123.jpg,First_Flight_,8876230,6dc6d20ece268d05100dcdd68086f8c7655cd5c2accee0ab0473aaf7eae95c6c,5464,3070,2020:06:27 07:00:55,41.8690461666667,-87.621644945,310,true
First_Flight_-124.jpg,First_Flight_,8939744,6dcd47dde2802b0d46fae1c328239931c7343d53969c6754b590e0f0b18b2166,5464,3070,2020:06:27 07:00:56,41.8690442783333,-87.62152925,310,true
First_Flight_-125.jpg,First_Flight_,8901960,fb692aaa4daca9c1b29b0cfd0aedc7b08aef7d57432bd9b73d0ab13d3a04756a,5464,3070,2020:06:27 07:01:02,41.869046,-87.62136125,310,true
First_Flight_-126.jpg,First_Flight_,10336699,ab963050085dc727cfc4beae5c1681da83b773e5cf3b2d9ea4aa8de778b03f0d,5464,3070,2020:06:27 07:01:38,41.868634555,-87.620313305,309,true
First_Flight_-127.jpg,First_Flight_,11452769,d7beb50f1b3a8e7167b5ed3043c093d9f1e2fe12d9d3a1c773b8970e3222b89d,5464,3070,2020:06:27 07:01:46,41.8686420283333,-87.6203191116667,309,true
First_Flight_-128.jpg,First_Flight_,13697756,bf3ae36b6600e78a2a8f21600d095913fb9bed0571984a31a9e5450793eb31bb,5464,3070,2020:06:27 07:01:49,41.868642,-87.6203191116667,308,true
First_Flight_-129.jpg,First_Flight_,14685691,ea0b0ed8331d1849b216cc1fba0eabba8ab91324043605081bd8a65d2eb942f8,5464,3070,2020:06:27 07:01:51,41.8686414716667,-87.6203176116667,308,true
First_Flight_-13.jpg,First_Flight_,17616253,76139b784df565a9763735a72b0f06912685e062e1175eeddb2a4f77e5528fd7,5464,3070,2020:06:27 06:53:54,41.8730195833333,-87.6226453883333,304,true
First_Flight_-130.jpg,First_Flight_,15724952,2dd01ae59a062a8be66cd90a6b2108380c96044401e3789e750c8c656184b837,5464,3070,2020:06:27 07:01:53,41.8686426666667,-87.6203180833333,308,true
First_Flight_-131.jpg,First_Flight_,16953057,d2c5bf150b85c8c38591032fca0f0a2bba24143db9c7131eec0cd831e662092f,5464,3070,2020:06:27 07:01:56,41.8686425833333,-87.6203186116667,308,true
First_Flight_-132.jpg,First_Flight_,17632043,0b6a8ab5339d141e9b0c8e2ad7626b1b22824f607f9b62fa68e80f9fbb9e8bbb,5464,3070,2020:06:27 07:01:58,41.8686422783333,-87.6203176666667,308,true
First_Flight_-133.jpg,First_Flight_,17533677,c621680707fcd4be0547db2946f8afbe383fd9bfb871285e74df23c1ba32f094,5464,3070,2020:06:27 07:02:00,41.8686431666667,-87.620318195,308,true
First_Flight_-134.jpg,First_Flight_,17594416,2c55fa27859341410831adc9ea7059fde3b8d37b54d3029168d91351fec0a826,5464,3070,2020:06:27 07:02:02,41.8686430833333,-87.6203165283333,308,true
First_Flight_-135.jpg,First_Flight_,16947379,5b0e6d3a99a73b1992ffbcd260dc7be3b26117f030903c5da19eaf5c62c5adec,5464,3070,2020:06:27 07:02:25,41.8688504716667,-87.6203945283333,309,true
First_Flight_-136.jpg,First_Flight_,16774294,440560fe313949fcfe4370c8396824ca8ed960c3091de8f2dc22cd459baf3b3b,5464,3070,2020:06:27 07:02:32,41.8689801383333,-87.6206946666667,309,true
First_Flight_-137.jpg,First_Flight_,14114817,b30bc8c550cc4a66e35d553296cdb89c99cb5362658698ea7ce99d5b97a037e4,5464,3070,2020:06:27 07:02:59,41.8704244166667,-87.620050555,310,true
First_Flight_-138.jpg,First_Flight_,14178384,d6102b42de8f9b59b7be6ae2cdc6c5f80bd4aa37c3c60a1b893e3d4e8979b8b0,5464,3070,2020:06:27 07:03:11,41.8704528883333,-87.6201401666667,309,true
First_Flight_-139.jpg,First_Flight_,14005001,77ee377c362b3c6ab9fa8b233f26caacc550ed0c7f12ca3c1b89f42f4ce36be5,5464,3070,2020:06:27 07:03:17,41.8704853616667,-87.6202440833333,308,true
First_Flight_-14.jpg,First_Flight_,17651615,17696cc7b006db1d17e3cea678796bc18c056f85acb0e29c9eb82ffe210b96fe,5464,3070,2020:06:27 06:53:57,41.8729552216667,-87.6226408333333,304,true
First_Flight_-140.jpg,First_Flight_,13979189,480f454ce8e49c284c70f4d931631f7e929d1b1141ee319ebce4940cf1c663e7,5464,3070,2020:06:27 07:03:21,41.8705188883333,-87.6203671666667,309,true
First_Flight_-141.jpg,First_Flight_,13560513,dac3993b3126afe484aaf7ec4450c129fcd3fecb6d2db851444cc6153f30eee9,5464,3070,2020:06:27 07:03:32,41.8706076666667,-87.6206028333333,308,true
First_Flight_-142.jpg,First_Flight_,13521047,6b1283a267a5af6e2d4fd04e068025dd558f555ecb5b75875c8336f65ffbda4a,5464,3070,2020:06:27 07:03:38,41.8706356383333,-87.620870805,308,true
First_Flight_-143.jpg,First_Flight_,13562272,0df27e3d402b0ec2999bdb06eef3b2b304530cd73ac0dd97322d53d0569e9a09,5464,3070,2020:06:27 07:03:44,41.8706537216667,-87.6209305833333,308,true
First_Flight_-144.jpg,First_Flight_,13319082,5040eb2d1e6c28a905b85e6fa165418099cd61ed90ab4b720205bb9e541371d1,5464,3070,2020:06:27 07:03:50,41.8706805,-87.621223055,308,true
First_Flight_-145.jpg,First_Flight_,13396871,c4f1bb75fe6c5c4617dc638a78a60f01131e4b9a62d6936fdd6c939175537444,5464,3070,2020:06:27 07:03:55,41.8708008883333,-87.6213005833333,309,true
First_Flight_-146.jpg,First_Flight_,13369393,6a02162e4c19ac126356e778ab8ed6276c5c762a2c762226b8eeb3068a73e98d,5464,3070,2020:06:27 07:04:00,41.8708175833333,-87.6215845833333,309,true
First_Flight_-147.jpg,First_Flight_,13382814,bf06360b05d0f532f90f2481aca5af13b447198059d430689c51bf7e5a8c84c9,5464,3070,2020:06:27 07:04:03,41.87081725,-87.6216482216667,309,true
First_Flight_-148.jpg,First_Flight_,15681789,d4db2fd27fc32d05416814618405bf51eecba15779cba8b668cd571fc14d75ef,5464,3070,2020:06:27 07:14:46,41.8733052783333,-87.6239105283333,286,true
First_Flight_-149.jpg,First_Flight_,15679863,19ede7c04982725072010db431a7fc5a39b9e9c215016b6bbbc5e634ec81a1d8,5464,3070,2020:06:27 07:14:50,41.87330575,-87.6239119716667,284,true
First_Flight_-15.jpg,First_Flight_,17681303,121f4cb65b4fc7cdbfa4f6781128a1e39cde9412326f8fe30a570958b3d24b19,5464,3070,2020:06:27 06:54:00,41.87292325,-87.62263825,304,true
First_Flight_-150.jpg,First_Flight_,16156123,e3090b70ef00284413f47af0f51f844bc8cd13301f04560cdbbd093e3390460d,5464,3070,2020:06:27 07:14:54,41.8733055833333,-87.623913055,282,true
First_Flight_-151.jpg,First_Flight_,16207762,75982efd855056aa6be1d129a0655e97211ce8e2a7032726b60874e62096a3d1,5464,3070,2020:06:27 07:14:58,41.873306195,-87.6239121383333,281,true
First_Flight_-152.jpg,First_Flight_,16228155,1253d7d7b5a8bc6885434221b94b6a9dcd873bbdc17c53d3c47c5ce327cf28ec,5464,3070,2020:06:27 07:15:03,41.8733049716667,-87.623911695,281,true
First_Flight_-153.jpg,First_Flight_,15733309,bba062449306163ce92870cc808aad40e37ac21fd065947aead24c4d08e36438,5464,3070,2020:06:27 07:15:08,41.8733046116667,-87.6239116666667,279,true
First_Flight_-154.jpg,First_Flight_,16252481,85815ac44af061ff23fb128a86b165979deca1475548dd762f25417740eab54f,5464,3070,2020:06:27 07:15:12,41.8733052216667,-87.6239119166667,277,true
First_Flight_-155.jpg,First_Flight_,16426539,13eb0894a01c84ed285a40854c8184f688b6dde3f808d1dd42016459d2731104,5464,3070,2020:06:27 07:15:26,41.8733063616667,-87.6239108616667,276,true
First_Flight_-156.jpg,First_Flight_,16830897,9e4a985650e2e08d6d1c5c1b602c78828dd7b3d8943cd33ecce77f340146bd92,5464,3070,2020:06:27 07:15:30,41.87330725,-87.6239112783333,273,true
First_Flight_-157.jpg,First_Flight_,17018405,739260ec947f12d3fa93fdfd1582c70fdb898d11bba16c2ebbd1a4b33fbc0442,5464,3070,2020:06:27 07:15:33,41.873307445,-87.6239114166667,271,true
First_Flight_-158.jpg,First_Flight_,17127712,cfb6c7d33e24cfb75f9c36442ac82acfc10194c54377da03b07ba63c790ab8b0,5464,3070,2020:06:27 07:15:36,41.8733073883333,-87.6239111666667,270,true
First_Flight_-159.jpg,First_Flight_,17263351,6eb88c3f964c2e1b72884de744cc4d628bdd75c9f75c8636fd43050766d8c413,5464,3070,2020:06:27 07:15:39,41.8733070283333,-87.62391,268,true
First_Flight_-16.jpg,First_Flight_,17591691,507d0d51be3700c89aa2f7d5d3ea8efa4b60272ec0c125dd791d611f6b0222ff,5464,3070,2020:06:27 06:54:06,41.8728782783333,-87.62263575,304,true
First_Flight_-160.jpg,First_Flight_,16949909,974ed1a8edfa2c3d43729e9fa8abca80ebfaf5953fa92dde4bfe76fc3b443167,5464,3070,2020:06:27 07:15:47,41.8733082216667,-87.6239098333333,265,true
First_Flight_-161.jpg,First_Flight_,17204564,f192ed0bd4a3910e215fef9b332a428eb76c0a924ce24cddbce10336c51d049b,5464,3070,2020:06:27 07:15:50,41.8733083333333,-87.6239095283333,263,true
First_Flight_-162.jpg,First_Flight_,17434814,2f57615ab440a603aa6f29b3fe01f99005b80dbc082fa3670a5a457f297af2f0,5464,3070,2020:06:27 07:15:53,41.87330875,-87.6239095283333,262,true
First_Flight_-163.jpg,First_Flight_,17740622,a2bc6b22dc371fdd7831daba88d4d2fb09393c4188b854680638779e468c566d,5464,3070,2020:06:27 07:15:55,41.8733085833333,-87.623909195,260,true
First_Flight_-164.jpg,First_Flight_,18013366,ba51fb30c670aa447536abf7d686c21a70f44d60fd053f4d5aa6c4a2a25b5832,5464,3070,2020:06:27 07:15:58,41.8733087216667,-87.623908945,258,true
First_Flight_-165.jpg,First_Flight_,18281261,d97d92fdcd698ec69ca890e11a25489cde4f29b0ae1d77b1b33783a50ec901ab,5464,3070,2020:06:27 07:16:00,41.873308445,-87.6239101666667,255,true
First_Flight_-166.jpg,First_Flight_,18487004,367647cc9b0b1c0503d49f8aa311159d14bc7f66112a7ca6679f03b8757bbce7,5464,3070,2020:06:27 07:16:03,41.8733088333333,-87.6239096383333,253,true
First_Flight_-167.jpg,First_Flight_,18811917,a83946a4842d4a3bf3f4b67a5a4f12da91a958e67b22211e947b6d4d93fbdbe3,5464,3070,2020:06:27 07:16:05,41.8733081383333,-87.6239103616667,251,true
First_Flight_-168.jpg,First_Flight_,19043839,b9f6ce242c37ad331932b627c7447b6c1953ccb0e560435c027099748ba069b4,5464,3070,2020:06:27 07:16:07,41.8733078333333,-87.623910445,247,true
First_Flight_-169.jpg,First_Flight_,19428432,9f953b924e13c4f73e53be59efe9aca752d1cf67e92e103c72e47f04c6162d08,5464,3070,2020:06:27 07:16:10,41.8733082216667,-87.62391075,242,true
First_Flight_-17.jpg,First_Flight_,17668135,77ab309c4b0e88cb8102cfce05659dd3405edf5c7c372b6cbc1b8bb82f3cec1c,5464,3070,2020:06:27 06:54:08,41.8728067216667,-87.6226323333333,304,true
First_Flight_-170.jpg,First_Flight_,19179314,4554fe0d05959983ade474f4aad1a63415f3f4b86144a05ecf5c4eb11e397ea6,5464,3070,2020:06:27 07:16:12,41.8733083333333,-87.6239112216667,239,true
First_Flight_-171.jpg,First_Flight_,18920686,09b789015f8347bd0fed9225eadc0fd57df25bf5c393308c4b35b690b99f331b,5464,3070,2020:06:27 07:16:15,41.8733085833333,-87.6239105283333,232,true
First_Flight_-172.jpg,First_Flight_,19196214,9427e7ff2224fd5e209af0b2d1427f6ad4d25f67cf0ac945b01bd0325e4b2c3a,5464,3070,2020:06:27 07:16:17,41.87330925,-87.6239108616667,228,true
First_Flight_-173.jpg,First_Flight_,18903665,a0b60110758d3e5b06a80d07681cb56bac69d578b1d152be64ae89dd43112c2e,5464,3070,2020:06:27 07:16:22,41.8733081116667,-87.62391175,226,true
First_Flight_-174.jpg,First_Flight_,18681622,b29833d751adc321fc2d1603b4877aa3e4f3284a2f358b02eed6cb1aea28eafb,5464,3070,2020:06:27 07:16:25,41.8733078333333,-87.6239110833333,225,true
First_Flight_-175.jpg,First_Flight_,17559334,b245b488816b4968500119ca301ba7fe02771b606550ef92edf69b43cfcddd20,5464,3070,2020:06:27 07:16:32,41.8733060833333,-87.6239136383333,223,true
First_Flight_-176.jpg,First_Flight_,16752924,7104ce37eff92b0d2513a0ec83e4f2997d65efbc61fc6ac54d71b2d1b0d50080,5464,3070,2020:06:27 07:17:27,41.8730227783333,-87.6238612783333,224,true
First_Flight_-177.jpg,First_Flight_,17043852,d992582fea28430f7f2dd0af828dd7ae87a30561c18addbb1a583a68a9ab4b27,5464,3070,2020:06:27 07:17:49,41.8729876116667,-87.6237665833333,225,true
First_Flight_-178.jpg,First_Flight_,17202815,b41125a105b8344e260b6d456f3d60a77004c62c6555dcf392a1b10a01032263,5464,3070,2020:06:27 07:17:52,41.8729868333333,-87.6237676666667,227,true
First_Flight_-179.jpg,First_Flight_,17352622,f986aa6df4acc6be41e3e6f94dd3a8397ba97b9a1c543b878faa3b99bfaa6b1c,5464,3070,2020:06:27 07:17:54,41.8729875,-87.623768195,230,true
First_Flight_-18.jpg,First_Flight_,17893741,dd8911aecf603346d883b375439e93121c1aff99e6fd6afedec2a40b70458d93,5464,3070,2020:06:27 06:54:11,41.8727178333333,-87.6226285283333,304,true
First_Flight_-180.jpg,First_Flight_,17632288,307f41b627c21e7e74b06d3027a30a4a760381676660a086c46ba8c4cafa97a2,5464,3070,2020:06:27 07:17:56,41.8729868616667,-87.62376725,234,true
First_Flight_-181.jpg,First_Flight_,17984716,331e981baa256fa566bfd6b16dd531d71bc84d315683182fb1cb7d1e30ec8690,5464,3070,2020:06:27 07:17:58,41.8729868883333,-87.623766945,241,true
First_Flight_-182.jpg,First_Flight_,18452050,c133b7a1e71595b11fb1ea4eacaef869e6b637f0a6cd39ad8edf234903cdfa4d,5464,3070,2020:06:27 07:18:00,41.8729882216667,-87.6237699166667,247,true
First_Flight_-183.jpg,First_Flight_,18727728,45940bc7db83b4315c38ebca6dea71de8c359ced79b363fb464e19d144b70fb5,5464,3070,2020:06:27 07:18:03,41.8729873883333,-87.6237669166667,253,true
First_Flight_-184.jpg,First_Flight_,18895873,6f52092d7a0be6753af20e359fd8a2b53686002d5953ca7476fb169a08187761,5464,3070,2020:06:27 07:18:04,41.8729873616667,-87.623766805,257,true
First_Flight_-185.jpg,First_Flight_,18710541,b9442dd34f09ff980c700dd8fbcb9939ce1583bebde4cda817df9e57885f79f7,5464,3070,2020:06:27 07:18:06,41.8729875833333,-87.6237666666667,261,true
First_Flight_-186.jpg,First_Flight_,18499113,1275719adc1eac6bc89082504dbfcc8f420f289460513951b2eb3877894a209b,5464,3070,2020:06:27 07:18:09,41.872988555,-87.6237679166667,264,true
First_Flight_-187.jpg,First_Flight_,18335215,2eb81a8aec97449b4f6d0554584149f5b410161aaff785dc3b54c680b2ec2efb,5464,3070,2020:06:27 07:18:12,41.8729875833333,-87.623767805,266,true
First_Flight_-188.jpg,First_Flight_,18251593,5d0b726bc8f9dcc72c4179ff4ba4a0900258a51b4cdef09d7dd4e66585c83f4c,5464,3070,2020:06:27 07:18:14,41.8729863616667,-87.623765,268,true
First_Flight_-189.jpg,First_Flight_,17990194,ffb21e1c138bb90f34acd97c0a40bc7d2c5d73c027bea04a6138c62199623e39,5464,3070,2020:06:27 07:18:16,41.8729861666667,-87.6237651383333,271,true
First_Flight_-19.jpg,First_Flight_,17864321,fbb7da9a639a606a4a32bde06739df7783f68a62bbb8c5148d0fa7b564df9a15,5464,3070,2020:06:27 06:54:12,41.8727086116667,-87.6226278883333,304,true
First_Flight_-190.jpg,First_Flight_,17844253,37a2222c96f3bed71b52a3f3666e4b4f624b533670bda0c6b3e55cbfba436273,5464,3070,2020:06:27 07:18:19,41.8729867783333,-87.623764305,274,true
First_Flight_-191.jpg,First_Flight_,17570012,9ade42e5962ce7e7b5dbc5ea43502fe1e291dc5034b91f1a7e0d5c3e7110f622,5464,3070,2020:06:27 07:18:21,41.8729867216667,-87.6237645833333,278,true
First_Flight_-192.jpg,First_Flight_,17266701,9bffa7a0dcdf1a1e7204782a32d2197ccbdce5a90fac8d1134a51c6ca8c9d396,5464,3070,2020:06:27 07:18:24,41.8729873616667,-87.6237662783333,282,true
First_Flight_-193.jpg,First_Flight_,17227291,f71ce03691dee5de19df2314174ba4dffad3d15d1ac95315132144a835ddbf48,5464,3070,2020:06:27 07:18:26,41.8729865833333,-87.6237638333333,287,true
First_Flight_-194.jpg,First_Flight_,17061156,d7fcae91df9841990545e4a9997b0209c4666b0aa93fef932251876e4c464276,5464,3070,2020:06:27 07:18:28,41.8729868616667,-87.6237632783333,291,true
First_Flight_-195.jpg,First_Flight_,15778285,71940611cb0559c7bf23b65e0e6cc5950953a3cec90f7b7313f32ef8261b3281,5464,3070,2020:06:27 07:18:47,41.8728202783333,-87.6237714716667,294,true
First_Flight_-196.jpg,First_Flight_,15858724,0ecdf72c36fbea62a40b4a6974a6833fb6bca21200fc0932a28fa2491c31deb4,5464,3070,2020:06:27 07:18:49,41.872822,-87.6237710283333,293,true
First_Flight_-197.jpg,First_Flight_,16216916,9c225f6fc69ccfe0178de674b4ea8946d171b5291e056e53b92b0fcf1ec44826,5464,3070,2020:06:27 07:18:52,41.872821445,-87.623772305,290,true
First_Flight_-198.jpg,First_Flight_,16514849,a64ca39ad79fdaf27490c0c89230b01ddd66d0e897e06a6dc73dd1a9ffee6443,5464,3070,2020:06:27 07:18:55,41.8728195283333,-87.6237720833333,287,true
First_Flight_-199.jpg,First_Flight_,16548691,fd4b7e2176402add99bd2ba5cbc74c8e52e92846b96731eec86f9c525ac7e161,5464,3070,2020:06:27 07:18:57,41.8728188883333,-87.6237716666667,286,true
First_Flight_-2.jpg,First_Flight_,17254539,afbeb7bd299d6a9edd164dce6e3498f7c0ca75e31b97139a19c0a28709e460c9,5464,3070,2020:06:27 06:52:40,41.8718536383333,-87.622657305,305,true
First_Flight_-20.jpg,First_Flight_,17847541,303bcd155d35d7e25f85c1717a70cc053e1e920adee42a60d61d6a3da93ef139,5464,3070,2020:06:27 06:54:16,41.8726436116667,-87.622624195,303,true
First_Flight_-200.jpg,First_Flight_,16762076,ff809d0450cbccf29ab144446009b01ddb450b08e081f4bfebda1f31c19c5b11,5464,3070,2020:06:27 07:19:00,41.8728196666667,-87.6237717216667,283,true
First_Flight_-201.jpg,First_Flight_,17045785,e5c2c23df1d26328c14c78014e5e44991fda4837f4f77a5ca7d48f7947952654,5464,3070,2020:06:27 07:19:02,41.8728201666667,-87.6237723883333,280,true
First_Flight_-202.jpg,First_Flight_,17411750,1fd4c11d23bd8aea7e43ea3c09a9c46c415856d128b983dee9efa2138b97c7af,5464,3070,2020:06:27 07:19:04,41.8728212216667,-87.6237735283333,276,true
First_Flight_-203.jpg,First_Flight_,17788467,1457f18e31c97b0933000489604d850d76c8d0b463b22e0e5c6444b6fb2f1b6d,5464,3070,2020:06:27 07:19:07,41.872821445,-87.6237732216667,273,true
First_Flight_-204.jpg,First_Flight_,18232315,64eaec69e5280595a81c9bd29080bb7be5261a9ed13a0f7fd8854a97efc52559,5464,3070,2020:06:27 07:19:09,41.8728207783333,-87.623772445,270,true
First_Flight_-205.jpg,First_Flight_,18504197,dfb60eb05d56cf6e5b35d8e61839214f934cf2ff2fa3ba571b2135feb1fbb25a,5464,3070,2020:06:27 07:19:12,41.8728203616667,-87.623771695,266,true
First_Flight_-206.jpg,First_Flight_,18763155,1c83ff3f9f9e32c218549ae7f78ce3893820d5d4ef1c8c0be30a93d5d6e46dec,5464,3070,2020:06:27 07:19:14,41.8728189166667,-87.6237711383333,263,true
First_Flight_-207.jpg,First_Flight_,19180965,450d9745312187ea09401e358c386f95358eaf8690495229e9871b1b682eceb5,5464,3070,2020:06:27 07:19:16,41.8728190833333,-87.623771305,257,true
First_Flight_-208.jpg,First_Flight_,19903161,7275f9d784cbb8b03045877dfea2df02cf7ca8342b4b5fdffb1c37b6e58fbb2e,5464,3070,2020:06:27 07:19:18,41.8728192783333,-87.623769305,251,true
First_Flight_-209.jpg,First_Flight_,20602115,d28e4b11b5531d652d37bfcb8c19673084dc796a987d957ca8c5b09f5a67fcce,5464,3070,2020:06:27 07:19:21,41.8728183333333,-87.6237683333333,248,true
First_Flight_-21.jpg,First_Flight_,17828424,c8ce6adbd2c87876aaa8fc1a08b4d9dc3a48111dcb860d0007862d778f1a98bb,5464,3070,2020:06:27 06:54:18,41.8725574166667,-87.6226183616667,303,true
First_Flight_-210.jpg,First_Flight_,20312926,8480d80d5fdc84ef5038ec005dd2548d824521589d189b46cd22014e1043124c,5464,3070,2020:06:27 07:19:24,41.8728185833333,-87.6237667216667,246,true
First_Flight_-211.jpg,First_Flight_,20149003,61d6428154d58fd330ad8ffd4d2be9e4ab5b12b6eb910f3990b9e0a6d1ab8463,5464,3070,2020:06:27 07:19:30,41.8728206116667,-87.623768695,242,true
First_Flight_-212.jpg,First_Flight_,19822577,5d14eaa0c8dd14a004451a2c43e73d799d2ecbf59a3ecbe78cd33b960cac7136,5464,3070,2020:06:27 07:19:34,41.8728207216667,-87.623769195,237,true
First_Flight_-213.jpg,First_Flight_,19358191,98968e650d3bc4d25d01997e86ba1d686d1adfba244c7fceda9b67e15b13f573,5464,3070,2020:06:27 07:19:41,41.87282225,-87.623771445,233,true
First_Flight_-214.jpg,First_Flight_,18632771,1d4d28ed11b3a828abf30f17a639e033250503f5ca43a543b3ac141c1207b08d,5464,3070,2020:06:27 07:19:47,41.8728222216667,-87.623773695,223,true
First_Flight_-215.jpg,First_Flight_,18045444,0c97b5fdd64f8d49ac991957eaa9113870652d4ce3e6b96c5762525a33d14949,5464,3070,2020:06:27 07:19:56,41.8728190833333,-87.62367525,221,true
First_Flight_-216.jpg,First_Flight_,18375328,b21ce9076a7773490f3271c3594b579613135e52bdac00bdc00c5045e4a6d133,5464,3070,2020:06:27 07:20:02,41.8727144716667,-87.623680055,221,true
First_Flight_-217.jpg,First_Flight_,18060690,619631e86b98788f3b5e71a814b343521fe799b3cab2cb4a7870a8a3d3b24fd5,5464,3070,2020:06:27 07:20:06,41.872680805,-87.6236850283333,221,true
First_Flight_-218.jpg,First_Flight_,17285083,7faf4a09e198a5b06d29fbf95b00ab7db3be329023759b2f0bbb05f6f25c4c62,5464,3070,2020:06:27 07:20:08,41.8725651116667,-87.62369,221,true
First_Flight_-219.jpg,First_Flight_,18371929,8655d904d73e725fc4f590985383d41625615bd913385d08d1dc46f6b500990f,5464,3070,2020:06:27 07:20:10,41.8725319166667,-87.6236904166667,221,true
First_Flight_-22.jpg,First_Flight_,17802236,7c295883124dcecbdd19c9c65096f04879a760149c7a29e4b747ac57658eef56,5464,3070,2020:06:27 06:54:22,41.8724891666667,-87.6226133883333,304,true
First_Flight_-220.jpg,First_Flight_,17839218,62d7eda1921303b8ddc41c06bb6acbb7ce3395fd16e0c32a6d5d14d4ddd97ded,5464,3070,2020:06:27 07:20:13,41.8724725,-87.6236927216667,221,true
First_Flight_-221.jpg,First_Flight_,17564135,fb2e6905f0070cf2a1a887fd2e32bb93f5bc2dce762f01b3641a3c5dcab9106a,5464,3070,2020:06:27 07:20:16,41.8723786383333,-87.6236978333333,221,true
First_Flight_-222.jpg,First_Flight_,18092858,f7ba78851b09a4322258fa313f3a6203f962aff42be97241fa6beca8f9df1adc,5464,3070,2020:06:27 07:20:18,41.8723215833333,-87.623702305,221,true
First_Flight_-223.jpg,First_Flight_,17686932,16c7538d45d59d919a7c9c16a549ca9107fce2cc29280b0caaa468586ca5ab92,5464,3070,2020:06:27 07:20:20,41.87227025,-87.6237046116667,221,true
First_Flight_-224.jpg,First_Flight_,18033697,409c2737396c8bdb0e19dac6ca53d94cc6ed478585d85d23c77bc184147aa288,5464,3070,2020:06:27 07:20:24,41.8722597783333,-87.6237053616667,221,true
First_Flight_-225.jpg,First_Flight_,17546840,018aee0b15fd7941b2888e93a3e0d30b7091645e67522fc4e22a92fbae4ef94a,5464,3070,2020:06:27 07:20:26,41.8722226666667,-87.6237063333333,221,true
First_Flight_-226.jpg,First_Flight_,17583475,6d08dc276d5e02667a206d6bbfb0a3e455f1db8f332729ed4c3f3c7a44de199b,5464,3070,2020:06:27 07:20:29,41.8721749166667,-87.6237075833333,221,true
First_Flight_-227.jpg,First_Flight_,17516585,7b6d0200f4728aee9333d8d8b00a22796d5148a91c61e1120a15524f8c3e8185,5464,3070,2020:06:27 07:20:33,41.872119945,-87.6237055833333,221,true
First_Flight_-228.jpg,First_Flight_,17127679,2e654ab56a105edc7f209516053cdf5965e7d6ee5283ff3f6f0fff5f1c58c093,5464,3070,2020:06:27 07:20:37,41.8720439166667,-87.6237036116667,221,true
First_Flight_-229.jpg,First_Flight_,16346107,cdd076366b690420c1e7f2e453fe7be8f9a8e6bd52535221b76c4307aa239913,5464,3070,2020:06:27 07:20:42,41.871961445,-87.623697945,221,true
First_Flight_-23.jpg,First_Flight_,17767294,2e57b285ec7e6408adfe857dbe7643e0d6d0642f1b0fa72b80f8661a362eab54,5464,3070,2020:06:27 06:54:24,41.872393695,-87.622608195,303,true
First_Flight_-230.jpg,First_Flight_,16043470,907a4d6c4ca6f809839314a8f7e9d78c617160adde89261db5f89d3e6b83671f,5464,3070,2020:06:27 07:20:45,41.87190175,-87.623698,221,true
First_Flight_-231.jpg,First_Flight_,16007683,71a241701ffe7e521e1066cecd0abf7a2489221aa24d04bc1cda0a369b3402be,5464,3070,2020:06:27 07:20:47,41.8718348616667,-87.6236991116667,221,true
First_Flight_-232.jpg,First_Flight_,15544809,3e9897b2504c3a8d5a94c971aa4894bb2a17e37380b37b94b875f4253c1102b3,5464,3070,2020:06:27 07:20:51,41.8717853333333,-87.6237051116667,221,true
First_Flight_-233.jpg,First_Flight_,15279737,9c5f647ddce13f78688b71e4d36dbde7c889053196d4f0444fd1f41dd37962ca,5464,3070,2020:06:27 07:20:54,41.8717303616667,-87.6237042783333,221,true
First_Flight_-234.jpg,First_Flight_,15008062,aa05bba856b288f51112cf44981e4658f60866ef924df150a22ae1cd7468051a,5464,3070,2020:06:27 07:20:57,41.871683195,-87.6237028616667,221,true
First_Flight_-235.jpg,First_Flight_,14860653,5e63027a3875bc13eb6aa85202e5b1c86ffb3bdb7b8975197ca9aa55871e0bf0,5464,3070,2020:06:27 07:21:10,41.8716653333333,-87.6237010833333,225,true
First_Flight_-236.jpg,First_Flight_,15240082,fd051d7280255e45e339ac927fa45240ab44880e5c2f3f5b8620c66f3e4b699a,5464,3070,2020:06:27 07:21:15,41.871715945,-87.6237034716667,225,true
First_Flight_-237.jpg,First_Flight_,15809846,3a18a97ae267cf5c72e436b68d3c21727beec9cffcbaeedc4fc29a546264cd08,5464,3070,2020:06:27 07:21:18,41.8717924166667,-87.623705445,225,true
First_Flight_-238.jpg,First_Flight_,16598111,1b9265433dee9ca3d09d54c049b9df5da18fc618e6c3878e3c3fe115f497a6e0,5464,3070,2020:06:27 07:21:22,41.8718772783333,-87.6236994166667,225,true
First_Flight_-239.jpg,First_Flight_,16817799,78d3b8e084f39e0cd51765c74775d06488ca6799e207e62b2f1ac9f531509c6a,5464,3070,2020:06:27 07:21:27,41.87191,-87.62369575,225,true
First_Flight_-24.jpg,First_Flight_,17867732,154b72a511151d2acd2c160e570b3cb6f46b0d440b2c936a9174fc1f7f9c8d26,5464,3070,2020:06:27 06:54:26,41.8723358333333,-87.6226058883333,303,true
First_Flight_-240.jpg,First_Flight_,17006993,bf1b621b667447864e2f59e40685406940c99bc6586099f12908c54a45467311,5464,3070,2020:06:27 07:21:29,41.8719595833333,-87.6236945833333,225,true
First_Flight_-241.jpg,First_Flight_,17206166,471b74bdae96ef4d7b714ef94f41effe3106cc13afc235557e7fafa9312ce053,5464,3070,2020:06:27 07:21:33,41.8720078333333,-87.6236941383333,225,true
First_Flight_-242.jpg,First_Flight_,17922551,ad1630eef34a5f659fe96805179374ea6c1c2675801e276ed1624c64e4246c28,5464,3070,2020:06:27 07:21:35,41.872080055,-87.6236932783333,225,true
First_Flight_-243.jpg,First_Flight_,18109809,6cec9368d4a3b3f20efcbc9b533e32ff742fcc376febc376d8aa01cda057ec2d,5464,3070,2020:06:27 07:21:40,41.8721221383333,-87.62369375,225,true
First_Flight_-244.jpg,First_Flight_,17802159,2676ec48c075ed7c4d4071f5a2cd25fdb88ab12c1f825a8bda64d119c977f214,5464,3070,2020:06:27 07:21:42,41.8721809716667,-87.623690805,225,true
First_Flight_-245.jpg,First_Flight_,18101227,462c5f5691ec7c913c6c15a5c8b815344851b42bbe96c00c1b778c1e0035b785,5464,3070,2020:06:27 07:21:47,41.8722481383333,-87.623688445,225,true
First_Flight_-246.jpg,First_Flight_,18973917,9598e1362335e9a57df60051448dbfb72a87fc155dd4fedb0000ddec80738ad5,5464,3070,2020:06:27 07:21:51,41.872274195,-87.6236870833333,225,true
First_Flight_-247.jpg,First_Flight_,18427540,bf38968eab122a9801bb59007aea239da181cdcf12a324adbab2a37fd3573761,5464,3070,2020:06:27 07:21:54,41.8723225,-87.6236878616667,225,true
First_Flight_-248.jpg,First_Flight_,18470979,ea7192dd3da827e552dfd298458452ba026e8cba6b789aaa85d7933a4f245f93,5464,3070,2020:06:27 07:21:57,41.8724039166667,-87.6236873883333,225,true
First_Flight_-249.jpg,First_Flight_,18382121,9ae4421c8b693dbc5208f935dc14cd18d69fb66476fb64b6c488de282a6400dd,5464,3070,2020:06:27 07:21:59,41.872476805,-87.6236863883333,225,true
First_Flight_-25.jpg,First_Flight_,17972255,c5aceeacc27f06187a960be7d0daa05167f977d631613866940291a844b71346,5464,3070,2020:06:27 06:54:27,41.8722827216667,-87.6226051666667,303,true
First_Flight_-250.jpg,First_Flight_,18145521,d6bba952104a8b18aea8fccf83c05ecc91b4438e9e28926b1cb1ebf85b76ceb8,5464,3070,2020:06:27 07:22:01,41.8725852216667,-87.623683945,225,true
First_Flight_-251.jpg,First_Flight_,18500829,9e5882589723dcb0936332f192e53706706d4c9e532db581d13de014a3f5ca11,5464,3070,2020:06:27 07:22:03,41.8726537216667,-87.623681805,225,true
First_Flight_-252.jpg,First_Flight_,18698676,88a1b23859a1d8d25840323194f8689f3c8415527379abbf764c453929e516df,5464,3070,2020:06:27 07:22:04,41.872702195,-87.623681445,225,true
First_Flight_-253.jpg,First_Flight_,18424586,4bbd1d5e9dbe02c2f5d624cc111d0bc13991b7b6b3014d40f3f84f7f404ae4f8,5464,3070,2020:06:27 07:22:06,41.8727523333333,-87.6236808883333,225,true
First_Flight_-254.jpg,First_Flight_,18001439,075aab8a38f1fd9895bd043f7fcf644610721d8ad2645dc34c35059868cf3073,5464,3070,2020:06:27 07:22:08,41.8728354716667,-87.6236760283333,225,true
First_Flight_-255.jpg,First_Flight_,17345665,b488e1875bf908ab521446bea003903fdb7ec752d9a78229854004b777f21496,5464,3070,2020:06:27 07:22:10,41.8729151666667,-87.6236713333333,225,true
First_Flight_-256.jpg,First_Flight_,17775801,c400efa0416964a88c3dc2594da161c79dcec8824f86d84cbd56a1ba618c7255,5464,3070,2020:06:27 07:22:13,41.872969945,-87.6236657216667,225,true
First_Flight_-257.jpg,First_Flight_,16960381,d0dbb0d33fce8661475a650153739bf9b7041dd770d8f12f46643a84950b7b89,5464,3070,2020:06:27 07:22:16,41.8730469716667,-87.6236599716667,225,true
First_Flight_-258.jpg,First_Flight_,16463056,7f32c842b4266181566c836a8d2c8fa73b690d1b14450791973c7119d2fb3216,5464,3070,2020:06:27 07:22:18,41.8731005283333,-87.6236543616667,225,true
First_Flight_-259.jpg,First_Flight_,16423332,2f54f642aa8538e0434015bc29fa93eeed9b4791c6bb9b518536f6e4cb8f3940,5464,3070,2020:06:27 07:22:22,41.8731783333333,-87.623645945,225,true
First_Flight_-26.jpg,First_Flight_,17920162,07374d29b33683ccaa5b9a9df7aad248442ea734ec743693709f524c09fff2ca,5464,3070,2020:06:27 06:54:29,41.8722320283333,-87.6226051666667,303,true
First_Flight_-260.jpg,First_Flight_,15441623,6c38b2928721a1c6389893d5e1841da259539c98ed2c4ffe57bf1406ded65e92,5464,3070,2020:06:27 07:22:26,41.873249195,-87.6236447216667,225,true
First_Flight_-261.jpg,First_Flight_,15770662,97996bb9c663d46dcd7243809dad6b4fdfef903d53c16ceaa50661963a426108,5464,3070,2020:06:27 07:22:32,41.8732490283333,-87.62364225,237,true
First_Flight_-262.jpg,First_Flight_,17761136,5cb492a6b91628e73bc4111c3cdfaa43475c131b70a6992ba173b56a61a3422f,5464,3070,2020:06:27 07:22:37,41.8732035283333,-87.6236485283333,237,true
First_Flight_-263.jpg,First_Flight_,17734935,e02a1c5d465cfd9971c90f02210e6486a85c791bb54cff9478c2add6b0b5d447,5464,3070,2020:06:27 07:22:40,41.8731544166667,-87.6236494716667,238,true
First_Flight_-264.jpg,First_Flight_,17632516,97941860a1c9556dac7eb1d0ba2601c619ec31f2ba57eef38bab8bf9f352171d,5464,3070,2020:06:27 07:22:42,41.8730982216667,-87.623651555,238,true
First_Flight_-265.jpg,First_Flight_,17713367,e9282af0c649946614aa8fee1cb985858cfabe7535b17b81385e8d26a53eeccc,5464,3070,2020:06:27 07:22:44,41.873022555,-87.6236527783333,238,true
First_Flight_-266.jpg,First_Flight_,18532842,832766bbb6ed01727630f1cdd34c733a9c5e6f19ac19a2259cd100738481a4e4,5464,3070,2020:06:27 07:22:47,41.872958805,-87.623654445,238,true
First_Flight_-267.jpg,First_Flight_,19020631,1f83c5bf30ffcf5831b809ccdd2f0d8408e76450cf5464dc37eedab70d513d38,5464,3070,2020:06:27 07:22:49,41.8728695,-87.6236561116667,238,true
First_Flight_-268.jpg,First_Flight_,19492920,563ad0d411751b3991c4035af86ca64a0cb9b057d2bb1b4992bf0aac2b2eae89,5464,3070,2020:06:27 07:22:51,41.8728045,-87.623657305,238,true
First_Flight_-269.jpg,First_Flight_,19866895,43978f60c3a45acd248a77a464525a6c31b84d9ab2c3a81955270ca794d0cccf,5464,3070,2020:06:27 07:22:53,41.872728805,-87.623658695,238,true
First_Flight_-27.jpg,First_Flight_,17829286,c25c2069878508118a8df2d870024041de5c7b8f2059e1ea2b5bd9080a1077c2,5464,3070,2020:06:27 06:54:31,41.872183805,-87.6226033616667,303,true
First_Flight_-270.jpg,First_Flight_,20117001,5488654061fc8775560cb34ae8913b1d26f85c05c20b6a96b66ad86a5e96cf2c,5464,3070,2020:06:27 07:22:54,41.8726804716667,-87.6236603883333,238,true
First_Flight_-271.jpg,First_Flight_,20114284,093a5a55e35c61d6c7f790d2f8be6d0b80622fceea01fb2d25b5d448a742fb8d,5464,3070,2020:06:27 07:22:57,41.8726113883333,-87.6236636383333,238,true
First_Flight_-272.jpg,First_Flight_,20326540,bdfc47f3cb8878ff3d92a6618636a531a5e4bedffcec94f2e337835d90478db7,5464,3070,2020:06:27 07:23:00,41.8725403616667,-87.623668445,238,true
First_Flight_-273.jpg,First_Flight_,20063524,698e57cbb15c8ca8330672a658fab5f4499734a81ae2bc248ad17b3f44c6e0be,5464,3070,2020:06:27 07:23:02,41.8724899716667,-87.6236709166667,238,true
First_Flight_-274.jpg,First_Flight_,19796738,7c2ccfc6f0a3836e0ea75ad021ec7e7125263317c5bb5786c407f471e64acb34,5464,3070,2020:06:27 07:23:04,41.8724261383333,-87.623674695,238,true
First_Flight_-275.jpg,First_Flight_,19609842,b3f4246edb502a970bc5b109aefe72ab9366088b3315b72fd288b3a8e186d3a3,5464,3070,2020:06:27 07:23:06,41.872326305,-87.623679555,237,true
First_Flight_-276.jpg,First_Flight_,19014241,ce7ac47856e24e78d0f2fd6497c9990ef0dd5775d0e60f704e366ba7257da7f9,5464,3070,2020:06:27 07:23:09,41.8721988883333,-87.623682055,237,true
First_Flight_-277.jpg,First_Flight_,19284379,1ca80702b2e368f6c24af69085d5be659726dcb28ee3c7eb91b10c91702cf282,5464,3070,2020:06:27 07:23:11,41.872134695,-87.6236815,237,true
First_Flight_-278.jpg,First_Flight_,19104641,5a0d37f02a6e07dadf2004d22a42ee9dc3c55dafe8da88506b332fea8dc62c32,5464,3070,2020:06:27 07:23:13,41.872078695,-87.6236793616667,237,true
First_Flight_-279.jpg,First_Flight_,18919548,37ff9cee69698979d36294b7500f15e88441fad1e596bd1bf568a612b6fa86af,5464,3070,2020:06:27 07:23:15,41.8720300283333,-87.6236776666667,238,true
First_Flight_-28.jpg,First_Flight_,17727891,7ea52755b6cd1931f58a861a91e0e23d9b93ee8d669e1a201d55983380b7f2ef,5464,3070,2020:06:27 06:54:33,41.872133055,-87.6226020283333,303,true
First_Flight_-280.jpg,First_Flight_,17693813,e7910a563936aa2fc88b1675231466f55ae9a8b4b2774f581a27d76c8b4a1011,5464,3070,2020:06:27 07:23:18,41.8719447216667,-87.623678195,238,true
First_Flight_-281.jpg,First_Flight_,17131274,cc773af009b57281cef1292610f635fba450e20a58e64b2652142913dd0bd5a0,5464,3070,2020:06:27 07:23:22,41.8718658883333,-87.6236760833333,237,true
First_Flight_-282.jpg,First_Flight_,15777266,70ba13262454d84e41c0a48f21fb0b46902493fb2c829388022440a1863dfb4d,5464,3070,2020:06:27 07:23:24,41.871748305,-87.6236755283333,238,true
First_Flight_-283.jpg,First_Flight_,15173077,fb8cfeab3dfe8631da0c35d7dd8397c82e38a9fe506f5c520632844e1703a83e,5464,3070,2020:06:27 07:23:25,41.8716562783333,-87.6236744716667,238,true
First_Flight_-284.jpg,First_Flight_,14445811,934036a7be2f456f3d850246ac98f173657a17cb1de9a5d17256cfc20cc1f59d,5464,3070,2020:06:27 07:23:27,41.8715663333333,-87.623674805,238,true
First_Flight_-285.jpg,First_Flight_,14370881,4a84b7fe867ad87764adc76a66bf91f111e6a22abdee9d2bd706c39c07fa25f8,5464,3070,2020:06:27 07:23:29,41.8715485833333,-87.6236753333333,237,true
First_Flight_-286.jpg,First_Flight_,14115855,b22a1665f62c003b09ae653852669a639c58f3857d6e0d4baf630232866fa114,5464,3070,2020:06:27 07:23:33,41.8715072783333,-87.6236750283333,238,true
First_Flight_-287.jpg,First_Flight_,13931986,5a367a3e2d4981e565fa110399d8a3d719eaa1ae70052f15d7f079f9f3a61f52,5464,3070,2020:06:27 07:23:36,41.871439555,-87.6236770833333,238,true
First_Flight_-288.jpg,First_Flight_,13715268,3ebab3ed647a5f2e57e3a3dd3422a2f49f5aedeb376cf97ce9daddafd07ee011,5464,3070,2020:06:27 07:23:39,41.8713538333333,-87.623678,238,true
First_Flight_-289.jpg,First_Flight_,14262657,88855b3854605cd5f77301c7844b3e5c576d5c05ecbc6b0189f25c5fc4b0d273,5464,3070,2020:06:27 07:23:41,41.87129475,-87.6236807216667,238,true
First_Flight_-29.jpg,First_Flight_,17593146,8aec8771ab20c3e8bf6aea66a159b2fe066b284dc6dbaa808c628982a4630d81,5464,3070,2020:06:27 06:54:34,41.872089195,-87.622602055,303,true
First_Flight_-290.jpg,First_Flight_,14336847,34b7d1ce1f8c19bc34dd7509696cac59a60bc162bbbea13c9d0c9fbcea524ceb,5464,3070,2020:06:27 07:23:44,41.8712523333333,-87.6236812216667,238,true
First_Flight_-291.jpg,First_Flight_,14981899,f4a8c243e171df381158fda851768a935e625eaaf1c8afbf09834b3baa695991,5464,3070,2020:06:27 07:23:46,41.8711475,-87.6236845833333,238,true
First_Flight_-292.jpg,First_Flight_,15494503,e9c88757702c1eb0bc397b4d6d1379dd1850aa65aa020a6fec7e561c37f2bbe6,5464,3070,2020:06:27 07:23:50,41.8710815833333,-87.6236859166667,238,true
First_Flight_-293.jpg,First_Flight_,15989648,717a0a90fe3087ab6847f56cc001f0516cf212e2d0577007a42e2bd3fe765509,5464,3070,2020:06:27 07:23:53,41.8710025,-87.6236865,238,true
First_Flight_-294.jpg,First_Flight_,15564961,0f070fc6758c06ef9314e8478f7cb6b7f0090beb4750c542ac9c61c468b727a8,5464,3070,2020:06:27 07:23:56,41.8709446383333,-87.623689055,238,true
First_Flight_-295.jpg,First_Flight_,15467973,12754ef352c4e579d4c8b2b3cafb689f1ee5578373454a7e5ceda62fd3b24a00,5464,3070,2020:06:27 07:23:59,41.870887195,-87.6236911116667,238,true
First_Flight_-296.jpg,First_Flight_,15478171,2d36f9f4876334bf9e30c9be7f7f2dff20a0ce2d132a71c346642c7ff70aa051,5464,3070,2020:06:27 07:24:03,41.8708318616667,-87.623691055,238,true
First_Flight_-297.jpg,First_Flight_,15459392,14e9d9363f0185b89d8bacea8b30ed6557955c29f41823fa4ebd14d23be88fdf,5464,3070,2020:06:27 07:24:13,41.8708302783333,-87.623686055,245,true
First_Flight_-298.jpg,First_Flight_,15258833,ab79e2be2e12bff8f35edd1414b3d567e83b4e2857692efc91e8567f073c8c91,5464,3070,2020:06:27 07:24:17,41.870861055,-87.6236839166667,245,true
First_Flight_-299.jpg,First_Flight_,15406481,a8b349179a3f73f494e8d396fd39715957d43a81ac12a165d285b655d7b19d57,5464,3070,2020:06:27 07:24:19,41.8709051666667,-87.6236816666667,245,true
First_Flight_-3.jpg,First_Flight_,17291579,d78184f44d8aa5960526fb51fe66aae8b299cbc6d28e6c2f07d5519e1137e07a,5464,3070,2020:06:27 06:52:48,41.8718393883333,-87.6226549166667,306,true
First_Flight_-30.jpg,First_Flight_,17490329,4dfcdd258f8776dd4fa799cd03da5ec43c03f7f6b2186654d9b607d9f6420031,5464,3070,2020:06:27 06:54:36,41.8720427783333,-87.6226016666667,303,true
First_Flight_-300.jpg,First_Flight_,15431198,44990bddffd3891dd8b038e2ffe19ac6e9def4c0b102018476284b0e619df5c7,5464,3070,2020:06:27 07:24:23,41.8709772783333,-87.6236793616667,245,true
First_Flight_-301.jpg,First_Flight_,15563256,bc429d3882404db55f0ea7d8a47858a577d072a51bf5aa3c853b07122f987563,5464,3070,2020:06:27 07:24:25,41.8710291666667,-87.62367975,246,true
First_Flight_-302.jpg,First_Flight_,15426214,bbe76a785df0d014cb18e27a73731577182137b5ca2296bda7b98b00bbc7e6ad,5464,3070,2020:06:27 07:24:29,41.8711110833333,-87.6236788333333,245,true
First_Flight_-303.jpg,First_Flight_,14973644,e729d61ebbc4fd071c3f84befc699330704855b8e08e0f7e3663e6e0a3fe8dc6,5464,3070,2020:06:27 07:24:33,41.8711838883333,-87.6236773333333,245,true
First_Flight_-304.jpg,First_Flight_,14452455,a8df4c94a00ab21d744dcc25931528565cfd94a88c3ab0ca028f7906e32da246,5464,3070,2020:06:27 07:24:36,41.8712622783333,-87.623674055,245,true
First_Flight_-305.jpg,First_Flight_,14129482,aa9dc251827d1f0669f96c1a4fa2c36bdab9da7232a5acd30a81d2e4a5d792cb,5464,3070,2020:06:27 07:24:40,41.8714005283333,-87.6236706383333,244,true
First_Flight_-306.jpg,First_Flight_,14147703,78cbc93d58c9f2134aa3395cb870914c737be24e69c9e1a47990dd79c824f095,5464,3070,2020:06:27 07:24:43,41.8714477216667,-87.6236727783333,244,true
First_Flight_-307.jpg,First_Flight_,14311155,d93c2c501d09392e3cb7c3240e3b4b6373c30c8c575064f0247f2006659aeba6,5464,3070,2020:06:27 07:24:46,41.8715309716667,-87.6236731666667,244,true
First_Flight_-308.jpg,First_Flight_,14597884,9d62866ff0860e21dea23c64f0f7d708176146400194d31e591bc909b761fc34,5464,3070,2020:06:27 07:24:48,41.8715696116667,-87.6236723883333,244,true
First_Flight_-309.jpg,First_Flight_,14439155,67df371608de9f29d4ce908ab3e8affedb1280b38cf98f8d8c2b59555660e378,5464,3070,2020:06:27 07:24:51,41.8716353883333,-87.6236720283333,244,true
First_Flight_-31.jpg,First_Flight_,17403806,f26c0fb06a04311c2fb43ea7938e198360440048f93023de54cea71696a1828b,5464,3070,2020:06:27 06:54:38,41.8720005833333,-87.6225999716667,303,true
First_Flight_-310.jpg,First_Flight_,16092936,d0eea8402abe99fbb4b514dd188744acace5d163b8c67c307c45fef12951917d,5464,3070,2020:06:27 07:24:54,41.8717204166667,-87.6236702783333,244,true
First_Flight_-311.jpg,First_Flight_,16439610,036622cd7048b5a63a6caddb9618c70142bc151b075d50f90b3fcdd215995463,5464,3070,2020:06:27 07:24:57,41.8718145833333,-87.6236666116667,244,true
First_Flight_-312.jpg,First_Flight_,17844124,bdba7b869474812181710f86bf7c5e9571c80b25540490628ea9382d1c75eed5,5464,3070,2020:06:27 07:25:00,41.8719108616667,-87.623665305,244,true
First_Flight_-313.jpg,First_Flight_,17132415,2b40d041978f9464cbdf84ff95d81e4d1f7ce24ec7b5f94d30963733958e966e,5464,3070,2020:06:27 07:25:15,41.871985055,-87.6234821383333,245,true
First_Flight_-314.jpg,First_Flight_,17239043,5e4d9923f36b835b860528558bbcc50106922a2a6e6fa91be2d7a892f9407f5e,5464,3070,2020:06:27 07:25:17,41.872034445,-87.6234810283333,245,true
First_Flight_-315.jpg,First_Flight_,17626155,082e7609adc5611c39f24ca252b07c775afab1aa94b263144a2c8d035256d22d,5464,3070,2020:06:27 07:25:20,41.8721533333333,-87.6234738333333,245,true
First_Flight_-316.jpg,First_Flight_,18086106,577e703d5fcc7861882f3919a5bfca30b1b912c565aabbbb8c96c5242aa7b315,5464,3070,2020:06:27 07:25:22,41.872282555,-87.6234678616667,245,true
First_Flight_-317.jpg,First_Flight_,18770365,db481e0b576fa38d31d9d52a552855a067414caca141c09c4d6973f42f76522c,5464,3070,2020:06:27 07:25:28,41.8723561666667,-87.623463445,244,true
First_Flight_-318.jpg,First_Flight_,18774338,6b62ed6c06f9e619a3d03704f5c68a4a954c3cbc61e0a1bafc28a3fd71650c61,5464,3070,2020:06:27 07:25:31,41.8724315,-87.6234623616667,244,true
First_Flight_-319.jpg,First_Flight_,19216002,bc73ff71424e16f650d9b2a29aeb7585f1e2d1a8f5c5c7194ff10e1d0a67a327,5464,3070,2020:06:27 07:25:34,41.8724864166667,-87.6234623616667,245,true
First_Flight_-32.jpg,First_Flight_,17348779,6bcd1f754684e7408932e2219ef82ec7f59ef5410568c513e96ead96c54eb224,5464,3070,2020:06:27 06:54:40,41.8719475283333,-87.6225971666667,303,true
First_Flight_-320.jpg,First_Flight_,19259537,9761e23c9ffb69aa542af29d55e1e1b23b29d20b826fc2451eec0f59cf1fabc6,5464,3070,2020:06:27 07:25:36,41.87252375,-87.6234629166667,245,true
First_Flight_-321.jpg,First_Flight_,18729131,2dcccb32f782ba8efbc8901de053e9b51d087d5b9a7cca653ce5994a0f46f627,5464,3070,2020:06:27 07:25:39,41.8726006383333,-87.6234610833333,244,true
First_Flight_-322.jpg,First_Flight_,18097446,19a0e27fda98e453e9d255e25d8a46b72297dda53978922b41a5ce55ed610896,5464,3070,2020:06:27 07:25:41,41.8727453616667,-87.6234578333333,244,true
First_Flight_-323.jpg,First_Flight_,18916100,1165c9c75569610d4f3e9e249f090fdf3767b7f3f40560c7e5e468a544311dfa,5464,3070,2020:06:27 07:25:44,41.872793555,-87.6234545283333,244,true
First_Flight_-324.jpg,First_Flight_,18227364,4dee03116aed4352087115bde613ddc5c72dd071615ff6c37dfef4f259acb0f5,5464,3070,2020:06:27 07:25:47,41.8728611116667,-87.6234516116667,244,true
First_Flight_-325.jpg,First_Flight_,17983476,60c7038acddc0007c9a061ac05555e200d6327536d7ebee27e4bf3a819d6cce2,5464,3070,2020:06:27 07:25:49,41.8729376116667,-87.6234467216667,244,true
First_Flight_-326.jpg,First_Flight_,17488687,28980bd44373ccbd90f922544d891d39cf9c9adbe9e7ddfce60d4ec341076095,5464,3070,2020:06:27 07:25:51,41.87301975,-87.6234418333333,244,true
First_Flight_-327.jpg,First_Flight_,17061944,53e6c99c4e87a4a2b1dc86883d2e6a7e25aaa08f8b97c2df357eb29a54e777ce,5464,3070,2020:06:27 07:25:54,41.8730995,-87.6234378616667,244,true
First_Flight_-328.jpg,First_Flight_,16816291,2ef913df77ed98e7cea8f95b281d8aa08c784c163cbdb96c86a7fe804eb844a5,5464,3070,2020:06:27 07:25:56,41.8731945,-87.6234360283333,244,true
First_Flight_-329.jpg,First_Flight_,16632519,973a42282b9fd0b19bc4b3aeedfe327c3b3d68f6f2b9b33c3d69b1b645cb3a9a,5464,3070,2020:06:27 07:25:59,41.8732796116667,-87.6234355833333,244,true
First_Flight_-33.jpg,First_Flight_,17351767,eb5bafad19b2984c73d1be995cac5651f5387777ab8341df4b031254770bbc28,5464,3070,2020:06:27 06:54:42,41.8718704166667,-87.622590445,303,true
First_Flight_-330.jpg,First_Flight_,16600086,ca8b265bc82402fb7c5b425c39e60ea9ca068efef307a481adbecb8cef70de03,5464,3070,2020:06:27 07:26:01,41.8733433333333,-87.623436055,244,true
First_Flight_-331.jpg,First_Flight_,15419096,624bb5e5e23a51564006c1e2922a325788cf9f8efda6e4ca88ae87bd2ff3a260,5464,3070,2020:06:27 07:26:09,41.873363695,-87.6234421383333,256,true
First_Flight_-332.jpg,First_Flight_,14767455,c656db85c959d0b128ae2c29046017d319a13f83ad5b6399656e6bb7f4c7e5a1,5464,3070,2020:06:27 07:26:13,41.873271445,-87.6234403333333,256,true
First_Flight_-333.jpg,First_Flight_,15785929,1883860f9e570fe51f88d45c8f8c115b1d7ad4a85d4662bcd7fe0bd60b97f6aa,5464,3070,2020:06:27 07:26:15,41.8731547216667,-87.6234434166667,256,true
First_Flight_-334.jpg,First_Flight_,16159889,850f061447474e4917a401b761ee1ef19f603c24043fd3af847590a686167332,5464,3070,2020:06:27 07:26:20,41.8730480283333,-87.6234469166667,256,true
First_Flight_-335.jpg,First_Flight_,15837894,3296d571f74d82f28f4ffcc6cf5dba54ba92e1eabb356aac1875c99e71ce7c32,5464,3070,2020:06:27 07:26:36,41.8730402216667,-87.6234493333333,256,true
First_Flight_-336.jpg,First_Flight_,15578578,727701a3756b4db846e1d344303fb0ed4c7790bc804abd0d479b3016bc8ff09a,5464,3070,2020:06:27 07:26:39,41.8729507783333,-87.6234507783333,256,true
First_Flight_-337.jpg,First_Flight_,16325062,d4f56b6f604bb03b7b97f38fdc657aa1a0bd9424c4aa5f78d5af6c355e6cc803,5464,3070,2020:06:27 07:26:41,41.872908555,-87.6234527216667,256,true
First_Flight_-338.jpg,First_Flight_,16218193,087fe2dc9c16ad82d469fc802c329f344cd4b638ef0eaec36416fd75e76a088e,5464,3070,2020:06:27 07:26:45,41.87283725,-87.6234551116667,256,true
First_Flight_-339.jpg,First_Flight_,16291802,a64be216e30f9d76938ee2fa67fa1511492c425ad44209a0a9ff41622de1b335,5464,3070,2020:06:27 07:26:48,41.872768945,-87.6234558883333,256,true
First_Flight_-34.jpg,First_Flight_,17340955,3d89fa0f93a085423a60a870e14de9240f701aa5e0dd1cecbae2b282b2b97463,5464,3070,2020:06:27 06:54:43,41.8717943616667,-87.6225839166667,303,true
First_Flight_-340.jpg,First_Flight_,16349602,4f2f59b3400bab994adf935c67555e87aef7974975a055c676b02fc5b932d7b0,5464,3070,2020:06:27 07:26:50,41.8726280283333,-87.6234598883333,256,true
First_Flight_-341.jpg,First_Flight_,16412665,d67967933a12172739127fed81968aabc621cabc81154282d72dfebf5adcda2b,5464,3070,2020:06:27 07:26:53,41.8725527783333,-87.623465305,256,true
First_Flight_-342.jpg,First_Flight_,16326049,0c9d408ca894be4ddacac2d6cf1b8e3f3523c2cb2c51e3d9186100fa5a43256f,5464,3070,2020:06:27 07:26:55,41.8724698616667,-87.6234691116667,256,true
First_Flight_-343.jpg,First_Flight_,16369048,9f41654de6e3efc2c5e66db0e89f09efc338db533d1bbd390c2513f7873fdce6,5464,3070,2020:06:27 07:26:56,41.8723887216667,-87.623472445,256,true
First_Flight_-344.jpg,First_Flight_,16356295,c24232337885801c06f5d649a0c0fe103e47c272d00ebad66e4ed246c0186858,5464,3070,2020:06:27 07:26:58,41.8723168883333,-87.6234756116667,256,true
First_Flight_-345.jpg,First_Flight_,16278866,0cc19cb43dcd6159f1b91e43dc54c68f01abacd3fcd34c921e34cf1f396514a9,5464,3070,2020:06:27 07:27:00,41.8722341116667,-87.6234786383333,256,true
First_Flight_-346.jpg,First_Flight_,16138089,96f221e35831a42777fcebd3954d18d9100794fb90035cedbb8fe7c9ada5de84,5464,3070,2020:06:27 07:27:01,41.8721446666667,-87.6234806666667,256,true
First_Flight_-347.jpg,First_Flight_,15513372,4580be611c8cf5a0a0af466b52ef36c7fea8fb58c16b0785e0bd66106c1791cd,5464,3070,2020:06:27 07:27:04,41.8719945,-87.6234842216667,256,true
First_Flight_-348.jpg,First_Flight_,15142637,fbd0c7dee1d17afac286e63e7a2fd8ee27cd9d47c1592df53e878aca654187bb,5464,3070,2020:06:27 07:27:06,41.87182975,-87.6234895,256,true
First_Flight_-349.jpg,First_Flight_,14607165,13f23b766811aacbd3c8b708eb446f6af02c5e62f7aeb63728cd53fcad8ee7f5,5464,3070,2020:06:27 07:27:08,41.8717035283333,-87.6234935833333,257,true
First_Flight_-35.jpg,First_Flight_,17282954,1114ddf38f30d108e39150b5cf90045a83bfa00dfef6139306cf7b272d1cad67,5464,3070,2020:06:27 06:54:45,41.8717185,-87.6225788333333,304,true
First_Flight_-350.jpg,First_Flight_,13808170,22d7dc96762d7328422601a6b3c9366326a35054943abbbd2c2f587044690df3,5464,3070,2020:06:27 07:27:18,41.8717466666667,-87.623489,266,true
First_Flight_-351.jpg,First_Flight_,14701551,2e2a4d046d13ae33ef98a87626a51e30be2982b6cbc76b64718249b55124372a,5464,3070,2020:06:27 07:27:21,41.8719053333333,-87.623478945,266,true
First_Flight_-352.jpg,First_Flight_,14978211,42bb0f1166b4241dc295902df043bbb5015ee092363ace5c7da39971abffe08e,5464,3070,2020:06:27 07:27:26,41.872010305,-87.623470445,267,true
First_Flight_-353.jpg,First_Flight_,16468693,55467d16899d8b19706aac31dc7ac4c9a3627f35f2477bb3b1126664e5b6eb50,5464,3070,2020:06:27 07:27:29,41.872133445,-87.6234638883333,267,true
First_Flight_-354.jpg,First_Flight_,16741713,0dedc86fc49c98f5dba48d92ab49fb4c5aab42ee651880e44ca6debf0933e626,5464,3070,2020:06:27 07:27:31,41.8722051383333,-87.6234625283333,267,true
First_Flight_-355.jpg,First_Flight_,16392247,42aeb53c2afff6a5f0ea77baee13e6d3cdbb04ca64bce18afd08879d5f9419b5,5464,3070,2020:06:27 07:27:39,41.872214445,-87.623660445,270,true
First_Flight_-356.jpg,First_Flight_,16192483,58d1075d1870bfed6a91d33089e3d30bc621b06379101f860501ad3c7aac0c30,5464,3070,2020:06:27 07:27:42,41.872282305,-87.6236561666667,270,true
First_Flight_-357.jpg,First_Flight_,16590233,fa7c62e8cd090fc3878e9a7fca5c60f32f0705a6b9091952f1e415748c7aad2e,5464,3070,2020:06:27 07:27:43,41.8723506383333,-87.623652945,270,true
First_Flight_-358.jpg,First_Flight_,16387613,debc704368e627209a8ccdfb9284b4a9efb7f65d63d82ec6904f5b8f4bd13a11,5464,3070,2020:06:27 07:27:45,41.8724288616667,-87.6236493616667,270,true
First_Flight_-359.jpg,First_Flight_,16395990,47f9e7c4e2d6cf7729e715a03469bd5eedb992d74a3aba3ef8e30bbbe5ad2a1e,5464,3070,2020:06:27 07:27:47,41.8725253883333,-87.62364475,270,true
First_Flight_-36.jpg,First_Flight_,17240529,a0f4102ad8c1db1486d42e2dabfe14a70969fede9a7e9ecb275893ec57783363,5464,3070,2020:06:27 06:54:47,41.8716450833333,-87.62257275,304,true
First_Flight_-360.jpg,First_Flight_,16130966,b523d39ccf14ff614c11ec9fa319b8a4c4d3fc4772857043a8d5d6d038670455,5464,3070,2020:06:27 07:27:49,41.8726643616667,-87.6236396666667,270,true
First_Flight_-361.jpg,First_Flight_,16308511,1baa83504028d0b3b4bedd65b2134726c46592a343a82d33e53f407cb4e7c1eb,5464,3070,2020:06:27 07:27:51,41.8727568616667,-87.6236366116667,270,true
First_Flight_-362.jpg,First_Flight_,16036972,2edfc717f8f1e644029a3d0d8ab190e80b9f7ac4f5f7ea132bdf35cbea890be5,5464,3070,2020:06:27 07:27:53,41.8728785283333,-87.6236326666667,270,true
First_Flight_-363.jpg,First_Flight_,15705257,b9a93efa99dcc48810b472a24d10e29f7dcf396174263b602156fc2b56800c0d,5464,3070,2020:06:27 07:27:55,41.8729658333333,-87.623629,270,true
First_Flight_-364.jpg,First_Flight_,15210806,e8c3d3c319959bbd7ab485f3d1a5d2c9a8ab910012124c94ecef194a53f2107b,5464,3070,2020:06:27 07:27:57,41.8731092783333,-87.623620945,270,true
First_Flight_-365.jpg,First_Flight_,15451032,298bd13268c998b03e473ea781e102ec00f097d9a23e30191fcf5e4cdd23b571,5464,3070,2020:06:27 07:27:59,41.8731816116667,-87.623614945,270,true
First_Flight_-366.jpg,First_Flight_,17314801,407144f0dfd06318fdfefe2003f075fb697a52d5c0513271f8e1ca70d943a27c,5464,3070,2020:06:27 07:28:23,41.8734235283333,-87.6235900283333,295,true
First_Flight_-367.jpg,First_Flight_,17277781,563e7a1546f13d3b814332a9f56eb9fbaa77af9afc8143d524f2fbe3ff1cc328,5464,3070,2020:06:27 07:28:26,41.8733719166667,-87.623592555,295,true
First_Flight_-368.jpg,First_Flight_,17234794,f3334ecf81954ec17b2d1ce1b17cdfcb94f7b5b8f8b56fda2de98305d900b113,5464,3070,2020:06:27 07:28:28,41.873254195,-87.623598555,295,true
First_Flight_-369.jpg,First_Flight_,17562727,4851f17736db76772f0b56806aac791f9dd2d201cb8c9fa8e949516a2cf53fb9,5464,3070,2020:06:27 07:28:30,41.8731343883333,-87.623603805,295,true
First_Flight_-37.jpg,First_Flight_,17204235,c2d3ff88fe87fa2f66055495d5a9fb3bfacaf0cc8c771f403517c552843918e1,5464,3070,2020:06:27 06:54:49,41.871573055,-87.6225670833333,304,true
First_Flight_-370.jpg,First_Flight_,17940162,46583151d9738e4d9246acfed7dc81b84c5e65ccde937a5717564c47777156d6,5464,3070,2020:06:27 07:28:35,41.8730972783333,-87.6236036666667,295,true
First_Flight_-371.jpg,First_Flight_,17945074,25513cfb43855c8a2af7f6e01a9229183608ec5bec59bfaf7ddb09953a4f0276,5464,3070,2020:06:27 07:28:37,41.873049805,-87.623603195,295,true
First_Flight_-372.jpg,First_Flight_,18006834,06178634187448706fe86742904b383fdd47873f51f59ef1c344405a05c88c7c,5464,3070,2020:06:27 07:28:39,41.8729813616667,-87.623605805,295,true
First_Flight_-373.jpg,First_Flight_,17891450,b1dda2dd5e22df196dafa4a6e1683eab804ac4442b58a4cfbb549daa7f9f863b,5464,3070,2020:06:27 07:28:45,41.8729688333333,-87.6236053883333,301,true
First_Flight_-374.jpg,First_Flight_,17912808,1e696757cf5d8654913a41c1dad56227967f8c8dd1bd43a1a8d184215bc99a15,5464,3070,2020:06:27 07:28:53,41.8729160283333,-87.623609445,301,true
First_Flight_-375.jpg,First_Flight_,17693761,4e41501b8dea3ec7da2cf368710a25e6a577e3c1ea5fb415aba25d455f0fc1c2,5464,3070,2020:06:27 07:28:56,41.8728185833333,-87.6236155,301,true
First_Flight_-376.jpg,First_Flight_,17988257,b6ee96f6212b0066a5d17ff1770cc44d4ba1bb689ff40cc1b239104b6b5e6620,5464,3070,2020:06:27 07:28:58,41.8727532783333,-87.6236247783333,301,true
First_Flight_-377.jpg,First_Flight_,17771051,f00ca06bc0eb0a2ea0cbdb256b642eeaaf51b30ce0ae3c2292dc7aaf6d2a4193,5464,3070,2020:06:27 07:29:00,41.8726788333333,-87.6236269166667,301,true
First_Flight_-378.jpg,First_Flight_,17724871,b9ed24a35661b8367661cc72fb9094cf8865bc74c1e1f3929440d2fa4772d4df,5464,3070,2020:06:27 07:29:02,41.8725890283333,-87.6236324716667,301,true
First_Flight_-379.jpg,First_Flight_,17532128,ac872c777313c34dcea254394e680cbe62086e41f8018f0298054b6b6da0375e,5464,3070,2020:06:27 07:29:04,41.872517695,-87.623637805,301,true
First_Flight_-38.jpg,First_Flight_,17185256,6f22adcb9be15f8cab8fbd69d9fa0c37f0501815a1f4127f2d10c76678e1af45,5464,3070,2020:06:27 06:54:50,41.8715144166667,-87.622563195,304,true
First_Flight_-380.jpg,First_Flight_,17414211,647f8da504455497c5dd23981b2505eb4d96f50e5f6f188445d1c3d309454e0f,5464,3070,2020:06:27 07:29:11,41.872435305,-87.6236439716667,301,true
First_Flight_-381.jpg,First_Flight_,17470181,ccfefb7a90344623cf00e86be1ececa2cfaf9a6b7fd6ea23f6fad9479a7631e2,5464,3070,2020:06:27 07:29:14,41.8723507783333,-87.6236486666667,301,true
First_Flight_-382.jpg,First_Flight_,17264964,c3ca67d22f2453baae94a5b94cc8c99025596512a5fb241dda529d983efdaf1b,5464,3070,2020:06:27 07:29:17,41.8722779716667,-87.623652055,301,true
First_Flight_-383.jpg,First_Flight_,17307089,280f7acc86adcbd05a2d23e544063e38ceee19e86993ea31f680f80cd7e03fe9,5464,3070,2020:06:27 07:29:19,41.8721721383333,-87.6236579716667,301,true
First_Flight_-384.jpg,First_Flight_,17214867,25337a786e089e72f3aead0f2a8e8ea96d77fe1f1c8224fb7aa4beed6e10be3f,5464,3070,2020:06:27 07:29:23,41.8720664166667,-87.6236595833333,301,true
First_Flight_-385.jpg,First_Flight_,17024142,c19e05fec66fa907424aeb96ba4b1c2f98bf8fcf56fd2e14add2c66aa3c622a2,5464,3070,2020:06:27 07:29:26,41.871952945,-87.623664305,301,true
First_Flight_-386.jpg,First_Flight_,15099236,b9f014cc9e0d54896866b82824c56189ee6214aaa216c1f90f5761122086311b,5464,3070,2020:06:27 07:29:55,41.87235525,-87.624510945,305,true
First_Flight_-387.jpg,First_Flight_,11223901,547ff01cb51bcb7ddd44a46038196f717a7fd60b0418e71715cc221b0ec8e49a,5464,3070,2020:06:27 07:29:59,41.8723598333333,-87.6245098883333,304,true
First_Flight_-388.jpg,First_Flight_,12581831,a939ca1de2f0ae4adbccc2f91d2f2e728d396caa326de55b322a05114cb7269b,5464,3070,2020:06:27 07:30:03,41.87235975,-87.6245096116667,304,true
First_Flight_-389.jpg,First_Flight_,12615494,4fa6c0f06a65cfeeea245c92850777f3ac2bf10abef807d4a04b16bcd5972a40,5464,3070,2020:06:27 07:30:10,41.8723600283333,-87.624509805,302,true
First_Flight_-39.jpg,First_Flight_,17175918,412586df9059681aafd73a4226ccf725add27ad1a54651fb7fba10c712824d9c,5464,3070,2020:06:27 06:54:52,41.8714614166667,-87.6225599716667,304,true
First_Flight_-390.jpg,First_Flight_,12752670,00f0cd997b7c441d6f087d84ecd75c99a0377a77875e0ec59197412046669e1f,5464,3070,2020:06:27 07:30:15,41.8723589166667,-87.6245074166667,297,true
First_Flight_-391.jpg,First_Flight_,16161923,9d52ec3e0ec97eae3b962aaf4d38028a8bbfb8e7cf15b925baf422df9418636e,5464,3070,2020:06:27 07:31:11,41.871359055,-87.622510945,297,true
First_Flight_-392.jpg,First_Flight_,16128454,e0300b907dbec9e31cddbb7d0069c34e71cdfa0282b9625ccc68f87cc390ff6f,5464,3070,2020:06:27 07:31:21,41.8714876116667,-87.622440805,297,true
First_Flight_-393.jpg,First_Flight_,16158236,3e5ccaac3552771ce56f44622caf0e05259f1baa8d2d2c6a0ce48dcd02d237f9,5464,3070,2020:06:27 07:31:24,41.8715716116667,-87.6223973883333,297,true
First_Flight_-394.jpg,First_Flight_,16193158,3f596f0d65b4076ede0dfbfdd5a93eedab25b9a505a7855a6e73822bd06a849b,5464,3070,2020:06:27 07:31:28,41.871676555,-87.6223518883333,297,true
First_Flight_-395.jpg,First_Flight_,16490308,f05da66a3afc27c03784ef6a7fc35f69aeb66a54a864988aecdbc4fbce92fffd,5464,3070,2020:06:27 07:31:37,41.8718246383333,-87.6223085833333,297,true
First_Flight_-396.jpg,First_Flight_,16497335,4d896b4f1b3b62b6a17391a6e3330498e442a650f592614d7d18b2ebeb502904,5464,3070,2020:06:27 07:31:46,41.872083695,-87.6222590833333,297,true
First_Flight_-397.jpg,First_Flight_,16110852,6546dcd2fa5bc12b83c2f9d5cffa18e40d8b64aa6e640b3f4e2bd3a1212e0f7e,5464,3070,2020:06:27 07:31:54,41.8722644716667,-87.6222694716667,297,true
First_Flight_-398.jpg,First_Flight_,15979151,b1e5e157564c0da3de9b8b48e56f14f39222d4b2cc7802d052e1b9477cea2306,5464,3070,2020:06:27 07:31:59,41.872394445,-87.6223138333333,297,true
First_Flight_-399.jpg,First_Flight_,16218759,80fc2aa5812ebe9bf8c032923301c466656613f3942e15b1819ecbd5325c6f78,5464,3070,2020:06:27 07:32:01,41.8726050833333,-87.622384695,297,true
First_Flight_-4.jpg,First_Flight_,17278308,33ecc11eae0ce22f36cdc23c855438c74202785e36187f71cd505de7992ae40e,5464,3070,2020:06:27 06:53:19,41.8736495283333,-87.6226828883333,306,true
First_Flight_-40.jpg,First_Flight_,17081267,e07979e7ccb2a3f10af1dc34c31769bdc765cab4e7b1381d7f211eb206383f57,5464,3070,2020:06:27 06:54:54,41.8714038883333,-87.622555555,305,true
First_Flight_-400.jpg,First_Flight_,16595137,a2f5321c3acf58dd8ea82c2e8b15242081f8745ae6c13630ab2166b38d32efae,5464,3070,2020:06:27 07:32:06,41.8727296666667,-87.622362195,297,true
First_Flight_-41.jpg,First_Flight_,17037326,1e32a070ceeda3fd3f289b453fec2dddf98054720234b324a8cb8e27375e8771,5464,3070,2020:06:27 06:54:56,41.8713463333333,-87.622551055,305,true
First_Flight_-42.jpg,First_Flight_,17034457,4074f66652d36700c852b1f19c91a179eebd503f6514c3ad8e454fd79f30cf00,5464,3070,2020:06:27 06:54:57,41.8712859166667,-87.6225467216667,305,true
First_Flight_-43.jpg,First_Flight_,16974291,9303488ccec5c252e7731ab64d89bc1d5b85be0fa0f97ec64318d3baa630b95d,5464,3070,2020:06:27 06:54:59,41.8712173883333,-87.6225418333333,305,true
First_Flight_-44.jpg,First_Flight_,16926592,4b005cf4f38341f7ed306a40fc5b273a9ed0579e139f8ec7b30a8fe283ef1303,5464,3070,2020:06:27 06:55:01,41.8711333616667,-87.6225361116667,305,true
First_Flight_-45.jpg,First_Flight_,17015951,5d7011b6ba35442e08b2b1dff37a324d55c4d2a7d5d433586f7b07ffaa51cc01,5464,3070,2020:06:27 06:55:02,41.871043,-87.6225296116667,305,true
First_Flight_-46.jpg,First_Flight_,17064224,8f8447127595de111c68b9d3cda7e17fee3f09c2512c1c3d9f3d5829442334e7,5464,3070,2020:06:27 06:55:04,41.8709510283333,-87.6225221666667,305,true
First_Flight_-47.jpg,First_Flight_,17240207,409461d70e1fec030bc1f7a4d123f07eabf078dac0988d4e56635b64e9d91423,5464,3070,2020:06:27 06:55:06,41.870923555,-87.6225197783333,306,true
First_Flight_-48.jpg,First_Flight_,17271518,597a7fa77a4e9dfa9915fce9eb8d669acabcfe3a7d300e7384e74b7fd19af489,5464,3070,2020:06:27 06:55:07,41.8709143616667,-87.6225198883333,305,true
First_Flight_-49.jpg,First_Flight_,17265453,9563a3210b628e81540b8fc2511f8b43469a571ad305cbf3f2e0cb4a40b54b77,5464,3070,2020:06:27 06:55:10,41.8708785833333,-87.6225173883333,305,true
First_Flight_-5.jpg,First_Flight_,17287857,221859ec6254e7fbefc4ede504f323ffe2aa2f85ba8dd277752c6a44eca2903d,5464,3070,2020:06:27 06:53:25,41.8736264716667,-87.6226836666667,305,true
First_Flight_-50.jpg,First_Flight_,17300639,30b0ebbbf1a8ff8592546ea99d39aa486aab442d0a635413846fb4eeff37db82,5464,3070,2020:06:27 06:55:12,41.8708383883333,-87.6225137216667,305,true
First_Flight_-51.jpg,First_Flight_,17322681,3b0dcac30f47c117cbe16671edb5198529d4aefc5ab25b871e7befe7da0438e8,5464,3070,2020:06:27 06:55:14,41.8707958616667,-87.62250925,305,true
First_Flight_-52.jpg,First_Flight_,17340102,d66691d3b15694e372b9e3f75c5e4c79bd6cb2d8d086e4b69afe8c0665227971,5464,3070,2020:06:27 06:55:16,41.870740195,-87.6225038883333,305,true
First_Flight_-53.jpg,First_Flight_,17405146,ccb6d38166e62ed1e273f9a4da72a68aa588824c9ebf0c67ed64e00946bf4999,5464,3070,2020:06:27 06:55:18,41.870671945,-87.6224978333333,305,true
First_Flight_-54.jpg,First_Flight_,17587595,53e2c5af3edb96b360d41ca7924f98522ef614d5cb903171a6c52e89ac1983b3,5464,3070,2020:06:27 06:55:19,41.8705801666667,-87.6224885283333,305,true
First_Flight_-55.jpg,First_Flight_,17729577,1ff407bc8e6c9c566256e650391529a14bb8f647ce69aadb22bbdf298c34e1b6,5464,3070,2020:06:27 06:55:21,41.8704780283333,-87.6224777216667,305,true
First_Flight_-56.jpg,First_Flight_,17638120,1f79c0c1eddfa95cad370c00f5b75dc8c914baf5b244f45737b59d57ef006687,5464,3070,2020:06:27 06:55:23,41.8703645,-87.622466305,305,true
First_Flight_-57.jpg,First_Flight_,17594970,3ba7f6e891ed373bc179d98ea2ada7e378e599ddf00b44c5d57b49b132b936c1,5464,3070,2020:06:27 06:55:25,41.8702473616667,-87.6224520283333,305,true
First_Flight_-58.jpg,First_Flight_,17559497,3470fe124b1d951ce64fbd715edb07694fc8fe97e58b93ac26dd5eb3082c3593,5464,3070,2020:06:27 06:55:27,41.8701402783333,-87.6224353333333,305,true
First_Flight_-59.jpg,First_Flight_,17570412,44d3d4e0368298f8d1c58c9f7e02f6595fda318447875651fe3375301e178a49,5464,3070,2020:06:27 06:55:28,41.8700348333333,-87.6224158883333,305,true
First_Flight_-6.jpg,First_Flight_,17287804,d1edff922a7d6c52f9cb9d438aa95c78b81c3552b3df16df582b14fe8165fabf,5464,3070,2020:06:27 06:53:31,41.873581805,-87.6226838883333,304,true
First_Flight_-60.jpg,First_Flight_,17495380,8f94de532cd93a4cca359d71055272dd5adcc85ebc3db77a21e1b214ecf33b9c,5464,3070,2020:06:27 06:55:30,41.8699299166667,-87.6223945,305,true
First_Flight_-61.jpg,First_Flight_,17530495,f32c629a18ef21c63a5f28361520ca228c6b7cc2e2d4a458dca26015290b568b,5464,3070,2020:06:27 06:55:33,41.869870055,-87.6223833616667,306,true
First_Flight_-62.jpg,First_Flight_,17424126,1c8a0484f4af336f0fade0444fbf073b2c2b7b07c30343c458521d23f0b67369,5464,3070,2020:06:27 06:55:41,41.8698087216667,-87.6223908616667,305,true
First_Flight_-63.jpg,First_Flight_,17373944,369ddd8664ba0fa3944cfa5022ec04d0b4f5d388b4dd71e23b2ec9118fdb1480,5464,3070,2020:06:27 06:55:44,41.8697621666667,-87.6223893616667,305,true
First_Flight_-64.jpg,First_Flight_,17347661,ad54102dff34fd3d0d1d0bf2254b8e0c1ba5ec59841f43efa7ab44958769da12,5464,3070,2020:06:27 06:55:45,41.869686805,-87.6223853616667,305,true
First_Flight_-65.jpg,First_Flight_,17274777,dd8401654f0a403dcb9e9a7e425dd65f41bdcba6ae17c2c12de7bd43d4b4d34b,5464,3070,2020:06:27 06:55:47,41.8696005,-87.6223792783333,305,true
First_Flight_-66.jpg,First_Flight_,17269155,592b5a006f4c3602227f50b2dd5bc6ec5329b7af04526917c63de2c675854990,5464,3070,2020:06:27 06:55:49,41.869552695,-87.6223763883333,306,true
First_Flight_-67.jpg,First_Flight_,17227028,c1ab7a9dd2075606e2aff5fdfdc41adc82006195b7850d0603a94a53a0f3248f,5464,3070,2020:06:27 06:55:50,41.869513945,-87.622375055,306,true
First_Flight_-68.jpg,First_Flight_,16960840,6ae8be1953281fe82e0be76fa110678c0f0aafd9f135970a4134e0035465c045,5464,3070,2020:06:27 06:56:01,41.869500805,-87.6223753333333,307,true
First_Flight_-69.jpg,First_Flight_,16903824,1ef44fc62bf5b6595e7764fb668d6092a9719604c1a846f26e8e2fc3e1c149b6,5464,3070,2020:06:27 06:56:06,41.86946125,-87.6223709716667,307,true
First_Flight_-7.jpg,First_Flight_,17248165,4438da5747880f7405c57a7a61366433be54acc70a185a6b8c2bb79a72d55428,5464,3070,2020:06:27 06:53:35,41.8735115,-87.6226798333333,304,true
First_Flight_-70.jpg,First_Flight_,16872250,87c978a1f689fb6978ea44d66fc5707b93e027f00fe4940563cd3c28b3c6f861,5464,3070,2020:06:27 06:56:09,41.8693428616667,-87.6223621383333,307,true
First_Flight_-71.jpg,First_Flight_,16455239,814cf03b6a0a496fddde0d70665739e30d246eabce266ce04a21987d85dd1e00,5464,3070,2020:06:27 06:56:21,41.869321,-87.6223568616667,307,true
First_Flight_-72.jpg,First_Flight_,16492259,dc198c1933c2d9dc2544f6274944052d2fdb08111a9867114222aa3e66da7f9b,5464,3070,2020:06:27 06:56:23,41.8692816383333,-87.6223536116667,307,true
First_Flight_-73.jpg,First_Flight_,16528946,d707d27afad4678035114ea1895814839573fe3992c24e0953145a9fcd7cb82f,5464,3070,2020:06:27 06:56:26,41.8692333883333,-87.622349695,307,true
First_Flight_-74.jpg,First_Flight_,16527666,85667ef5620991e65285787cd7eb26cb32cc8318da55a35c4f51d3d2156ce8bd,5464,3070,2020:06:27 06:56:28,41.8691713883333,-87.622345445,307,true
First_Flight_-75.jpg,First_Flight_,16653919,788e26c9992b98cbbd08370c65c9e5f722022642523bd70f617cdd43bc93ee90,5464,3070,2020:06:27 06:56:30,41.8690546666667,-87.6223386666667,307,true
First_Flight_-76.jpg,First_Flight_,16785674,b0a2b1a6a4fae9d4a550348ac5c24e2cb4b5c4f594d3efbc067250c8aefe0651,5464,3070,2020:06:27 06:56:32,41.86895475,-87.6223328616667,307,true
First_Flight_-77.jpg,First_Flight_,16744094,c174a0473f4402b98c96de078e5346dba1eb87ecac4c6cfedda9578e53b9f141,5464,3070,2020:06:27 06:56:44,41.868914555,-87.6222235833333,307,true
First_Flight_-78.jpg,First_Flight_,16804784,dd2a129d5f4f08e32e71e883368311b5318ae39bb2598876017aec40453bf33d,5464,3070,2020:06:27 06:56:50,41.8688548333333,-87.6222186383333,307,true
First_Flight_-79.jpg,First_Flight_,16832296,58bd5cde10e678acf9d6b25f3b287fe01d2059ca0bda6dc6df74cd32da14b8d5,5464,3070,2020:06:27 06:56:53,41.868782055,-87.6222144716667,307,true
First_Flight_-8.jpg,First_Flight_,17286962,b5409d93c04e440ae7222b525a7b6e5be01d890c06b65d852ddfcb447b8af508,5464,3070,2020:06:27 06:53:38,41.8734048333333,-87.6226720833333,305,true
First_Flight_-80.jpg,First_Flight_,16763525,ba56e17112f5c01f8ea0324e81819d3ae41c7c0c65a1ef466ac87ed57642a2ab,5464,3070,2020:06:27 06:56:55,41.8686667783333,-87.6222090833333,307,true
First_Flight_-81.jpg,First_Flight_,16729371,941940e805ee42e7bcae3a7f1489c1c6ceee1e317b031857b081eee7e0497c3f,5464,3070,2020:06:27 06:56:57,41.8685807783333,-87.6222065,307,true
First_Flight_-82.jpg,First_Flight_,16722826,97482d8378d18a88d5c4237057c01678c6edc5890e5a755b82becd7d60ee8296,5464,3070,2020:06:27 06:56:59,41.8685137216667,-87.6222055833333,307,true
First_Flight_-83.jpg,First_Flight_,16691820,0849a8865cf0bc28b117ff26551669a368ebc018e564bff57b706c367fe884f7,5464,3070,2020:06:27 06:57:01,41.86845975,-87.622203555,307,true
First_Flight_-84.jpg,First_Flight_,16601527,06d20f14cae8c19bf93de6db9c415045824d6e6440d1101620986aa46aae3f36,5464,3070,2020:06:27 06:57:04,41.8683750283333,-87.6221975833333,306,true
First_Flight_-85.jpg,First_Flight_,16558570,8cb12d767daa8d010104c0183f91c808512cc56a2d3d7087a8c62ded61880d60,5464,3070,2020:06:27 06:57:06,41.8682916116667,-87.6221929716667,307,true
First_Flight_-86.jpg,First_Flight_,16496934,5730bba752efa3d8e7351acbc577d5f6417db3799b1f151a88dd7faf41a2938d,5464,3070,2020:06:27 06:57:08,41.8682024166667,-87.6221873883333,307,true
First_Flight_-87.jpg,First_Flight_,16407036,48454b0e359fbcfdfeeee2b1bf35b51d30120c0e30c0d154a249c5dc9552d961,5464,3070,2020:06:27 06:57:10,41.8680757216667,-87.6221796116667,307,true
First_Flight_-88.jpg,First_Flight_,14648181,5e907db640711d024d2796c073037943d2c105e05966a4157c179d90e9502a5b,5464,3070,2020:06:27 06:57:20,41.8680098883333,-87.6221725283333,307,true
First_Flight_-89.jpg,First_Flight_,16506851,c708cb1b099881337e5eccab289de381525ef568cce363fee705f3093f4327ab,5464,3070,2020:06:27 06:57:24,41.868008945,-87.6221717216667,307,true
First_Flight_-9.jpg,First_Flight_,17318447,374175bcf5d7a63e63b4eca041d64845ac4d93efeb29d899e871806f998d3412,5464,3070,2020:06:27 06:53:40,41.8733126666667,-87.6226644716667,305,true
First_Flight_-90.jpg,First_Flight_,16835057,c0c7fa98034d5774681ac06f3048d0c51d7ce2865a48903a4b5a47b60da2869b,5464,3070,2020:06:27 06:57:40,41.8679865833333,-87.6221793883333,308,true
First_Flight_-91.jpg,First_Flight_,15503240,9161d67121b12695f4039da25869ba15c1217a78a3367756389cd6de73e3e1d4,5464,3070,2020:06:27 06:57:42,41.8679877783333,-87.622177055,308,true
First_Flight_-92.jpg,First_Flight_,14314206,bf85d3c5602e23a4ff326d0e6e21a3f263aea5876c83c8340aa5e95b68ed5f8f,5464,3070,2020:06:27 06:57:45,41.8679889716667,-87.622175695,308,true
First_Flight_-93.jpg,First_Flight_,13497545,376d81c9b5bb9b8c6f25daa0ec7109cc82091e11cb156f2bb80ea83e286f0648,5464,3070,2020:06:27 06:57:50,41.8679880833333,-87.6221791116667,308,true
First_Flight_-94.jpg,First_Flight_,6464090,6689aa09cd8ec7ca97ad7b6b92a639ab3b91fda9a3b37a9e236fb3e7d7fb03a2,5464,3070,2020:06:27 06:58:18,41.8688197783333,-87.6224998883333,309,true
First_Flight_-95.jpg,First_Flight_,7024265,0171af3d0e88413c0226cdf0116ddb85f9ac5174292e8e3ab8d861a8d2e272fd,5464,3070,2020:06:27 06:58:25,41.868821805,-87.622500805,309,true
First_Flight_-96.jpg,First_Flight_,11453973,8ebaf4ade47f0ee5bf676fa6667779e672ac1d2c5555a16ed1ef993c858ed943,5464,3070,2020:06:27 06:58:30,41.868823195,-87.6225025,309,true
First_Flight_-97.jpg,First_Flight_,13076857,98e257eb584ff04ca8a302a59541b8fbb31ab3cf3799adb254c072399a45742d,5464,3070,2020:06:27 06:58:34,41.868823195,-87.6225012783333,309,true
First_Flight_-98.jpg,First_Flight_,14238686,c9d4e254a3471acb6b501491864745bafdeb6554f8176b9da76fc1b6d909b4e1,5464,3070,2020:06:27 06:58:38,41.8688231116667,-87.6225010283333,309,true
First_Flight_-99.jpg,First_Flight_,16609909,6306371d3a6202cb77dd994937ae7a068036d301ccdb4d8f21263a8acee682e9,5464,3070,2020:06:27 06:58:40,41.868822945,-87.6225018333333,308,true
Grid_Down_1-1.jpg,Grid_Down_1,19621900,f2d1be70d238758829d7a4c4a6900beb3493120f4224d0fe5edb53db3e090fdd,5467,3582,2020:06:27 11:33:17,41.8729941383333,-87.621154305,240,true
Grid_Down_1-10.jpg,Grid_Down_1,19650545,63b97cd596bd30d10d765ca55ac3452a34942fc106a5fd0063eec10783eed2b5,5467,3582,2020:06:27 11:33:35,41.872965695,-87.621649,255,true
Grid_Down_1-100.jpg,Grid_Down_1,17993280,ccc5dc158c05285f5334a3e2812585dcd0b7b191b978916438792453180e7798,5467,3582,2020:06:27 11:36:46,41.871600195,-87.6241095,288,true
Grid_Down_1-101.jpg,Grid_Down_1,18102377,283f12b97c2e73a5651ec4913cff64529a1a9a638e823b9880dd4489545914c9,5467,3582,2020:06:27 11:36:48,41.871546805,-87.6240986383333,288,true
Grid_Down_1-102.jpg,Grid_Down_1,18290540,0e9aefe30e39963aa747bd78091bc7983c2ae31943c05a546ebff4979db9a80b,5467,3582,2020:06:27 11:36:50,41.8714939716667,-87.6240903616667,287,true
Grid_Down_1-103.jpg,Grid_Down_1,18349246,a0d11718c4e0f630700e8e617184416e752d45519e4d66bc02c3dd79bd57ca92,5467,3582,2020:06:27 11:36:52,41.8714421383333,-87.624085555,287,true
Grid_Down_1-104.jpg,Grid_Down_1,18512286,7e0f30c4fb874c3ccda727ac343a4d4fcf55744e31afc003402e5fc328f5e61f,5467,3582,2020:06:27 11:36:54,41.8713889716667,-87.6240808883333,288,true
Grid_Down_1-105.jpg,Grid_Down_1,18482488,b8f32a94224b337cc65079818a1e1a7ca820e473a4fff2658a53abd79d6f3084,5467,3582,2020:06:27 11:36:56,41.8713351666667,-87.6240733883333,287,true
Grid_Down_1-106.jpg,Grid_Down_1,18476291,4123c8040cfab94eb4ebe2f880ac868363e87da375181ae2c354317af7e17556,5467,3582,2020:06:27 11:36:58,41.8712813333333,-87.6240655,287,true
Grid_Down_1-107.jpg,Grid_Down_1,18586017,ad37bc7b4b5eaa7f7f1cceb984bcdb58a2a4d4016dd475892e9ffa7fe0af3e57,5467,3582,2020:06:27 11:37:00,41.8712283883333,-87.6240573883333,287,true
Grid_Down_1-108.jpg,Grid_Down_1,18640214,30ecf296ddcc05740e70e32e803516458f6e86d4aa7b2d466c9dc977c151451f,5467,3582,2020:06:27 11:37:02,41.8711719166667,-87.6240533616667,287,true
Grid_Down_1-109.jpg,Grid_Down_1,18697649,e51c40b5200801eb66709a575566076059d05f27c43ad29d07a24613828ecb04,5467,3582,2020:06:27 11:37:04,41.8711179716667,-87.624053555,287,true
Grid_Down_1-11.jpg,Grid_Down_1,19354430,3473127dfdf921bde509fa08358200b672b7cd3ed59b894bc1333ac96c40b204,5467,3582,2020:06:27 11:33:37,41.8729626116667,-87.6217220283333,255,true
Grid_Down_1-110.jpg,Grid_Down_1,18868222,ddd3bc484740faa1882ba2b66c389921462a90d275bced5cf6c7c2b3ace61a5c,5467,3582,2020:06:27 11:37:06,41.8710651666667,-87.6240532783333,287,true
Grid_Down_1-111.jpg,Grid_Down_1,18905484,37701fae008975836eece71c444b24c3f72aa37ba21e19d3ba0823e0401dc245,5467,3582,2020:06:27 11:37:08,41.871011945,-87.624053805,288,true
Grid_Down_1-112.jpg,Grid_Down_1,18931995,1022c1a2d313f68aa25971fc0043cab7e5fe5bf7c55aeaf15913125fb19f0da0,5467,3582,2020:06:27 11:37:10,41.8709585833333,-87.6240550833333,288,true
Grid_Down_1-113.jpg,Grid_Down_1,18840389,fc919f185fc22114f46628ed0acf5c4b40f924127d2984ff757df99cf993dc8b,5467,3582,2020:06:27 11:37:12,41.8709024716667,-87.624055,288,true
Grid_Down_1-114.jpg,Grid_Down_1,18683647,73ec0e43ee768ae1a5432e891f368bdbb1843e0ba2ddd096fdf285f16a06187d,5467,3582,2020:06:27 11:37:14,41.8708488883333,-87.6240549166667,288,true
Grid_Down_1-115.jpg,Grid_Down_1,18516190,1b43b49aada9d5711d9345170fa0e4f0491c151187b9e3bbe42296f805d59cce,5467,3582,2020:06:27 11:37:16,41.8707946383333,-87.6240557783333,288,true
Grid_Down_1-116.jpg,Grid_Down_1,17998862,b22e0a8c8c928d33984b1ea99cd51059040b5e30856755edbc382ed722885d6d,5467,3582,2020:06:27 11:37:18,41.870741305,-87.6240586666667,288,true
Grid_Down_1-117.jpg,Grid_Down_1,17971161,391d1921e1c293eeeec2d91bb3a476f89f5c6cf8e4d2d09cd5220017fb0a9ecf,5467,3582,2020:06:27 11:37:20,41.870684055,-87.6240596666667,288,true
Grid_Down_1-118.jpg,Grid_Down_1,18254355,d3429647d1c89e469893dcef682039b3f3d95e20110e51833f6dc3e1b9925c70,5467,3582,2020:06:27 11:37:22,41.8706304716667,-87.6240623616667,288,true
Grid_Down_1-119.jpg,Grid_Down_1,18132493,2d6e6c9cead551d8b0ccb1a2e3ea1b9f92d0952a9d03fa949333769d0f1935b5,5467,3582,2020:06:27 11:37:24,41.870577,-87.624064695,289,true
Grid_Down_1-12.jpg,Grid_Down_1,19394432,3d09cad363f1fe72b66cc657f85ce2e4a6a685247dacf76f1b018506c3f385c8,5467,3582,2020:06:27 11:33:39,41.8729653616667,-87.6217921383333,256,true
Grid_Down_1-120.jpg,Grid_Down_1,17700360,330b483ff704603689580d50e547d95fbee43cbbccb0d3062e13edce7f1da485,5467,3582,2020:06:27 11:37:26,41.870523805,-87.624066445,289,true
Grid_Down_1-121.jpg,Grid_Down_1,17611371,6dc74b12536e43da1cd65c4f910674bf970a585cc387fae8157b496191dea65c,5467,3582,2020:06:27 11:37:28,41.870471445,-87.624067945,289,true
Grid_Down_1-122.jpg,Grid_Down_1,17468160,215bba3023c0f06890c5a6e0967d2034a3539122fe63e02b6de7f32801b563a6,5467,3582,2020:06:27 11:37:30,41.8704181116667,-87.624069555,289,true
Grid_Down_1-123.jpg,Grid_Down_1,17222230,d5076ed3eeb87419e29ca4489a73ffdf9849292a35d4bfc2579048ba1c3b8c4f,5467,3582,2020:06:27 11:37:32,41.870364945,-87.6240699716667,289,true
Grid_Down_1-124.jpg,Grid_Down_1,17042917,376d10110d2df522f6210ea7404e12e9cb88227cd59cfbd3ab3422bd0a55d1ff,5467,3582,2020:06:27 11:37:34,41.8703112783333,-87.624071,289,true
Grid_Down_1-125.jpg,Grid_Down_1,17162330,9d8c8a0eca4192ea9e617fc85eacc633d9f49c7b93f45f15de5516a4c0e0b965,5467,3582,2020:06:27 11:37:36,41.870254305,-87.6240696116667,288,true
Grid_Down_1-126.jpg,Grid_Down_1,17681001,5d4c743ba817d41c1226f90f0520fd63b89e89901bf2da8a5dfe76f6df18dcb1,5467,3582,2020:06:27 11:37:38,41.870200305,-87.624061805,288,true
Grid_Down_1-127.jpg,Grid_Down_1,18005595,b23dcb0b37ed25e61a90d049df7df59c48720c2f8e62f6018fa9878712b581b1,5467,3582,2020:06:27 11:37:40,41.87014625,-87.62405375,288,true
Grid_Down_1-128.jpg,Grid_Down_1,18118053,e85b36b7943816e007eef9cf2d9ae86877817738bbc69ec4d058320bb1a0a3f8,5467,3582,2020:06:27 11:37:42,41.8700917216667,-87.6240478616667,288,true
Grid_Down_1-129.jpg,Grid_Down_1,18275286,fb9578437e98388fd79cc8fb3f014881e0cac782facae0789689368147ba6cf2,5467,3582,2020:06:27 11:37:44,41.8700378333333,-87.6240422216667,288,true
Grid_Down_1-13.jpg,Grid_Down_1,19316166,39cb55d7e3d23657dd682450a0f9d076c3b393c146945145dcecc4aaadb05504,5467,3582,2020:06:27 11:33:41,41.8729833883333,-87.6218506116667,256,true
Grid_Down_1-130.jpg,Grid_Down_1,18166627,bd448c9cf1eb86920d5dd15caf92cda3577c3ed85b07d61bd2091250db40227a,5467,3582,2020:06:27 11:37:46,41.869984195,-87.6240366666667,287,true
Grid_Down_1-131.jpg,Grid_Down_1,18045342,c4e4d22743faa5bc481115bd98bd7bb84d6c271fced20e4efc2a3b1d3b228838,5467,3582,2020:06:27 11:37:48,41.869931445,-87.624029555,287,true
Grid_Down_1-132.jpg,Grid_Down_1,18222677,78fd1554049f7c22214c12236a915634cd8295dfb05529361de21874ebf0dfd4,5467,3582,2020:06:27 11:37:50,41.8698754716667,-87.6240231116667,287,true
Grid_Down_1-133.jpg,Grid_Down_1,18092064,3fad4c1fdf31d6a29a3fbb125691e763e8919bf4ffea9de77385e26872f99f6f,5467,3582,2020:06:27 11:37:52,41.8698229716667,-87.6240190283333,287,true
Grid_Down_1-134.jpg,Grid_Down_1,18086781,af05fb8c04918085fc5f6d5024fad91982ae8cc58b72aac8b57c4fdfd04f0b7e,5467,3582,2020:06:27 11:37:54,41.8697694716667,-87.6240153616667,287,true
Grid_Down_1-135.jpg,Grid_Down_1,17784137,9d83767181c7a7879011cfdbe095f72cd502e22a9c11ff6972fcbfd796ea0e00,5467,3582,2020:06:27 11:37:56,41.869715945,-87.6240138616667,287,true
Grid_Down_1-136.jpg,Grid_Down_1,17511528,a2f1d9c2d6187696d423fd5bee4d03ff321312457bbf5e03ca4505ee00cb6626,5467,3582,2020:06:27 11:37:58,41.86966075,-87.6240120833333,287,true
Grid_Down_1-137.jpg,Grid_Down_1,17186057,8272dea440cfc30267c5c659d3314e5b2f5e8b3c954b0c900ca4115cb7c1ed60,5467,3582,2020:06:27 11:38:00,41.869606805,-87.6240101666667,287,true
Grid_Down_1-138.jpg,Grid_Down_1,17125343,dd206deaa6b7613ad064ff268799262543416d107feffde33c97f7e127abb6c9,5467,3582,2020:06:27 11:38:02,41.8695522216667,-87.6240112783333,287,true
Grid_Down_1-139.jpg,Grid_Down_1,16672074,cd236ed87c8c5d2562f54206a423aac6432b69c34fe1ea87532f4ffc10e71752,5467,3582,2020:06:27 11:38:04,41.869497805,-87.6240131383333,287,true
Grid_Down_1-14.jpg,Grid_Down_1,19319328,496f27773df1c348779270997d777afd6a962a5fefb59401c0d615631b0d2e6c,5467,3582,2020:06:27 11:33:43,41.8730096383333,-87.6219063616667,256,true
Grid_Down_1-140.jpg,Grid_Down_1,16494316,acffa5d854ff1a0f2041583f45d3c5acff153b0c4e096cab8d9afec8a1925dc4,5467,3582,2020:06:27 11:38:06,41.869443,-87.6240153333333,287,true
Grid_Down_1-141.jpg,Grid_Down_1,16477868,e0a37e811a15a56ac118c97dd7ad8de9000e90582695aa84ace51ad918e2adb7,5467,3582,2020:06:27 11:38:09,41.8693893616667,-87.624015695,287,true
Grid_Down_1-142.jpg,Grid_Down_1,16672137,70c14f349644420886198af6a133be14f804e8ff2b209d9a09e06b24eb56f32b,5467,3582,2020:06:27 11:38:10,41.8693359716667,-87.6240119716667,287,true
Grid_Down_1-143.jpg,Grid_Down_1,16859220,d5c521711bca77d3feb273833f0823d1071858674a36a2ee0c88df7b12b2e139,5467,3582,2020:06:27 11:38:13,41.8692795833333,-87.6240033333333,287,true
Grid_Down_1-144.jpg,Grid_Down_1,17041534,7af218e0cc4cb28d49c90e1c0c3b422ffd79fa6ede31a065751ea128c0b70dd0,5467,3582,2020:06:27 11:38:15,41.869226055,-87.6239865,287,true
Grid_Down_1-145.jpg,Grid_Down_1,17206536,2ed928ce0fd0ead51f82ee6817b73cec2935f11ee7a549505bd55785ddbef979,5467,3582,2020:06:27 11:38:17,41.869172695,-87.6239728616667,287,true
Grid_Down_1-146.jpg,Grid_Down_1,17251910,940cd3837328d91547688236f5272e8eac534eb2b3fe8705b4c479bac335c240,5467,3582,2020:06:27 11:38:19,41.869116695,-87.6239632783333,287,true
Grid_Down_1-147.jpg,Grid_Down_1,17147341,ec908f86fea46ad706b8474eabe7886feda07bb002596c060af73ae57e035e20,5467,3582,2020:06:27 11:38:21,41.8690624716667,-87.6239592783333,287,true
Grid_Down_1-148.jpg,Grid_Down_1,17039725,0a361fa2f3f78a21a63505eae764118128dd122290035d131212658046b704be,5467,3582,2020:06:27 11:38:23,41.8690082216667,-87.6239592783333,287,true
Grid_Down_1-149.jpg,Grid_Down_1,17063632,c570f6c00f010572f478274d3fbf60f38efc58b4e2e53f8cbc469cb3295409d2,5467,3582,2020:06:27 11:38:25,41.8689535283333,-87.6239594716667,287,true
Grid_Down_1-15.jpg,Grid_Down_1,19064981,8b54c99919e99a27d279f2d16bb9cc91251fe5323feac23d46b46fc50eca5ddb,5467,3582,2020:06:27 11:33:45,41.873028945,-87.621963805,255,true
Grid_Down_1-150.jpg,Grid_Down_1,17100842,ce6ac062f8b9bac182865df8923bc1380e66c4003560d73d31fdfd278410c5b6,5467,3582,2020:06:27 11:38:27,41.868900945,-87.6239587216667,287,true
Grid_Down_1-151.jpg,Grid_Down_1,17281813,e882d8e0feb0e85c19c5fe14d96c461d760205d91a7f5a1b0deb060e6102e05f,5467,3582,2020:06:27 11:38:29,41.8688455283333,-87.623956945,287,true
Grid_Down_1-152.jpg,Grid_Down_1,17227920,6e4acf2dbef85f4793120d4d164e69967ac59c0f94de37ea0ec79ac62eaa985a,5467,3582,2020:06:27 11:38:31,41.8687921383333,-87.623956,287,true
Grid_Down_1-153.jpg,Grid_Down_1,17382473,e5924a321867f880ea4ab65816c3d7ab124d7d4ae9a3794c022035cc05d5c628,5467,3582,2020:06:27 11:38:33,41.8687355,-87.6239558616667,286,true
Grid_Down_1-154.jpg,Grid_Down_1,17418587,86599a321a0f21ed8d16b92a9fed068d5c7ff0d2548d6ede77e0e610059a0276,5467,3582,2020:06:27 11:38:35,41.8686806383333,-87.6239593883333,287,true
Grid_Down_1-155.jpg,Grid_Down_1,17458945,c5605c70d370665d6fd05843441cc3ccaea41768fa091bc3138ed0c63974b132,5467,3582,2020:06:27 11:38:37,41.868626,-87.6239573333333,287,true
Grid_Down_1-156.jpg,Grid_Down_1,17385609,1ece35f6ad885fb5f156df9d0633f7c9f697801eb689fd0e0dc18861f6d421c0,5467,3582,2020:06:27 11:38:39,41.8685723883333,-87.623954195,286,true
Grid_Down_1-157.jpg,Grid_Down_1,17195915,37d4943c83b2eb44672e4b1205eca3a6c11161464d8ab7710d2805411e8396ae,5467,3582,2020:06:27 11:38:41,41.8685188883333,-87.623951805,286,true
Grid_Down_1-158.jpg,Grid_Down_1,17399269,aa50388b76739904865d20cc0bce3dfb333fa3629696b80f0ab53236e71de7fd,5467,3582,2020:06:27 11:38:43,41.868463805,-87.6239504166667,286,true
Grid_Down_1-159.jpg,Grid_Down_1,17707202,aecc3606c00156b07c66ce30836475f415da589bba4f6fe7d4677ea19d0b2b05,5467,3582,2020:06:27 11:38:45,41.8684108883333,-87.6239497216667,286,true
Grid_Down_1-16.jpg,Grid_Down_1,18670778,a2a3ff7864ba699774c8af9671db075804b44252cdd1d05f3d5d8d2ebad7a707,5467,3582,2020:06:27 11:33:47,41.8730336666667,-87.622031055,256,true
Grid_Down_1-160.jpg,Grid_Down_1,17784521,0addb94e88f0884e189d5671fd9c061ffb60aa483b3f6783a5d8eeb4eae112b2,5467,3582,2020:06:27 11:38:47,41.868380805,-87.6239501666667,286,true
Grid_Down_1-161.jpg,Grid_Down_1,16851509,f4fcfcc7153cd9a2ef696a65f137c342ff2e91dc33cb64ea33d9b7ad5bc875f8,5467,3582,2020:06:27 11:38:49,41.8683708616667,-87.6239500833333,286,true
Grid_Down_1-162.jpg,Grid_Down_1,16776295,574701849bf6477942c606a15d3f238eb78b592c227e4cce263eb3314001a9bc,5467,3582,2020:06:27 11:38:51,41.8683625,-87.6239503333333,286,true
Grid_Down_1-163.jpg,Grid_Down_1,16784617,6285889b2eb9a86f2d0ce126e90e7885b66cd89c9e9d86a56fe0a0e742be7c79,5467,3582,2020:06:27 11:38:53,41.868332445,-87.623949805,286,true
Grid_Down_1-164.jpg,Grid_Down_1,16786083,8a16cf8dff6d8b4a24ca2240af81226e000d90e2083d495c64a394632e1523ec,5467,3582,2020:06:27 11:38:55,41.8682843333333,-87.623948945,286,true
Grid_Down_1-165.jpg,Grid_Down_1,16708560,3a67c602336a9d30f692dda3c952252433d45ba275e174718791ad308f37548d,5467,3582,2020:06:27 11:38:57,41.8682336666667,-87.6239532783333,286,true
Grid_Down_1-166.jpg,Grid_Down_1,16678715,7b4452be4f52a5ca217dd5c179f4f4897174ae92fbb11b972186d64f1996b394,5467,3582,2020:06:27 11:38:59,41.868178055,-87.6239616383333,286,true
Grid_Down_1-167.jpg,Grid_Down_1,16565238,6e981167fca3e095362449267e31f1134056115f576708e0698b986ec505b22d,5467,3582,2020:06:27 11:39:01,41.86812775,-87.6239666666667,286,true
Grid_Down_1-168.jpg,Grid_Down_1,16444910,d6e0facd9eaae776ed1b0dd3f8e51886f0d234ca6b329e4b1e935f99ec132576,5467,3582,2020:06:27 11:39:03,41.8680807783333,-87.6239723333333,286,true
Grid_Down_1-169.jpg,Grid_Down_1,16316691,388284843e68ab5811c98e400b54665ccef706cb45cf349390244706272b5ffe,5467,3582,2020:06:27 11:39:05,41.8680255833333,-87.6239802783333,287,true
Grid_Down_1-17.jpg,Grid_Down_1,18176192,8a7dde6257387466f8daf7dc48ea842af765d09ed43eb3d02f39fc9696439289,5467,3582,2020:06:27 11:33:49,41.873032945,-87.622101055,257,true
Grid_Down_1-170.jpg,Grid_Down_1,16149241,9d3ae032a628fa6460e793e1948f4248c5e9d80740170b9b67f50d66197ec5d9,5467,3582,2020:06:27 11:39:07,41.8679714716667,-87.623987305,287,true
Grid_Down_1-171.jpg,Grid_Down_1,15573611,d65567222d3fadb46c8f4464c1db53cb97144650ad5d03ac191ae201c9ef6c83,5467,3582,2020:06:27 11:39:09,41.867918445,-87.623991805,287,true
Grid_Down_1-172.jpg,Grid_Down_1,15454317,a77e5efcad2a860d02e12599fd29d546301df900f00d7f047d3f2ea00b06104f,5467,3582,2020:06:27 11:39:11,41.867865,-87.6239953883333,287,true
Grid_Down_1-173.jpg,Grid_Down_1,15227714,77a414cc834c298500870f85998fcee8e9c0f1f2456ce87e14a5fea853e4368c,5467,3582,2020:06:27 11:39:13,41.867813,-87.6239989166667,287,true
Grid_Down_1-174.jpg,Grid_Down_1,15410242,32d860a4dff7ae9351fe5b5a14a03080aa2c88877e96cc3cc20eea9602cbdeb4,5467,3582,2020:06:27 11:39:15,41.8677613616667,-87.624000055,287,true
Grid_Down_1-175.jpg,Grid_Down_1,14824065,b02d7ebcfb61edd57a15e0b3684d4da7c427243f4326e9509983610c1f6516a4,5467,3582,2020:06:27 11:39:17,41.8677068883333,-87.623997695,287,true
Grid_Down_1-176.jpg,Grid_Down_1,14757658,fed9d71916d45f093e0bb9d489c23e20b5699abbe9a447c8241e5de2bc1f7ccb,5467,3582,2020:06:27 11:39:19,41.8676565833333,-87.6239951383333,286,true
Grid_Down_1-177.jpg,Grid_Down_1,14530747,e42153511e27055e054daaa2e50f04f4c4a56505ad06d6372ebe4f8fb8b20cec,5467,3582,2020:06:27 11:39:21,41.867600805,-87.6239895833333,286,true
Grid_Down_1-178.jpg,Grid_Down_1,14330200,0b94ffe81346afe4eb6e2289eb44948c045ee4f6e884092765aed965ba5435c9,5467,3582,2020:06:27 11:39:23,41.8675461666667,-87.6239842216667,287,true
Grid_Down_1-179.jpg,Grid_Down_1,14181618,1a572421c9ad5c61ee92a3f400a86e62ff28dacd66e412d62567d789ac5da3bc,5467,3582,2020:06:27 11:39:25,41.8674916666667,-87.6239773333333,287,true
Grid_Down_1-18.jpg,Grid_Down_1,17960185,446b5a0ac89fde0ede09c0898f60b8efe99fada68649a6c0d79efe522ab9be51,5467,3582,2020:06:27 11:33:51,41.8730307783333,-87.6221584166667,259,true
Grid_Down_1-180.jpg,Grid_Down_1,14075959,7669ad2093bea835383582f981ac3583c78acef85d8d04e995005f000a336095,5467,3582,2020:06:27 11:39:27,41.8674367216667,-87.6239737783333,287,true
Grid_Down_1-181.jpg,Grid_Down_1,13996980,cb91f763a540d6fa67db67804ad251a3d14078a375afaf73a3ed0f11a83a1f70,5467,3582,2020:06:27 11:39:29,41.8674023333333,-87.623971055,287,true
Grid_Down_1-182.jpg,Grid_Down_1,14311237,c9e142088bd9bc7ecb1688c52e19851dc9b5d6cb682257862bace930c7645ce2,5467,3582,2020:06:27 11:39:31,41.8673913333333,-87.6239643333333,287,true
Grid_Down_1-183.jpg,Grid_Down_1,14603639,245c4c742e9a2a1ecf1e3a59fec15aa651b505d12da1e690243742928328b538,5467,3582,2020:06:27 11:39:33,41.8673831383333,-87.6239522783333,287,true
Grid_Down_1-184.jpg,Grid_Down_1,14386129,dec027bf9a26552906930969a0224362ab892227655a1397721c4523f428ea3b,5467,3582,2020:06:27 11:39:35,41.867367945,-87.6239207783333,287,true
Grid_Down_1-185.jpg,Grid_Down_1,13491368,2232e395396153a113cdc183e5470d8fb105d5e33555503c49389c7662595ee7,5467,3582,2020:06:27 11:39:37,41.8673567783333,-87.6238656666667,287,true
Grid_Down_1-186.jpg,Grid_Down_1,13733758,16fa2c9d28d9ab7706ad4a515199427091506817dd33f02097276a0ddd9b0e20,5467,3582,2020:06:27 11:39:39,41.8673605,-87.6237990833333,287,true
Grid_Down_1-187.jpg,Grid_Down_1,14121035,5e9e9020f46e962ab4a9596f4b573ce6b8bcf3107fa80f3ca54244e94b80a3b0,5467,3582,2020:06:27 11:39:41,41.8673771666667,-87.623732195,288,true
Grid_Down_1-188.jpg,Grid_Down_1,14139906,7f8133364f8c6b999ef0c787b8686ed920a4701281bd550d69b82149afc33141,5467,3582,2020:06:27 11:39:43,41.867391055,-87.6236917216667,288,true
Grid_Down_1-189.jpg,Grid_Down_1,14339746,7440a01c96ff450eab7166e076be99ec5824e7180741f2291981b246a211506a,5467,3582,2020:06:27 11:39:45,41.8674027216667,-87.6236627216667,288,true
Grid_Down_1-19.jpg,Grid_Down_1,17593095,70ce9656b522db59758bf1635257475ca90119c5b56837eb24fe4432b9ee921e,5467,3582,2020:06:27 11:33:53,41.8730291383333,-87.622180195,259,true
Grid_Down_1-190.jpg,Grid_Down_1,14465138,3761ee0b8a2425d9ffde2958ea3cf0f664731da9a588d71b1b14d6dfb1f5e765,5467,3582,2020:06:27 11:39:47,41.8674178883333,-87.6236255283333,288,true
Grid_Down_1-191.jpg,Grid_Down_1,14525958,2e0f52564a6679be2656e452d96af5067b9130200b459fb523f90244d3e04686,5467,3582,2020:06:27 11:39:49,41.8674346666667,-87.623579805,289,true
Grid_Down_1-192.jpg,Grid_Down_1,14357483,4970f599e5ae09720bb897fb060a4b90382ffcf3b8b21ac44c300ce9f7bbf88e,5467,3582,2020:06:27 11:39:51,41.8674538333333,-87.6235309716667,288,true
Grid_Down_1-193.jpg,Grid_Down_1,14867156,b91e3bedc192bea2644b7be29808510a4c5658469894421c4dd3d04595ddde09,5467,3582,2020:06:27 11:39:53,41.8674718616667,-87.623479555,289,true
Grid_Down_1-194.jpg,Grid_Down_1,14501112,b24f420f0a0fada3cabfaf2ead8a612bec4d8c3a8bc77d35c8f19e759e900156,5467,3582,2020:06:27 11:39:55,41.867485445,-87.623424195,289,true
Grid_Down_1-195.jpg,Grid_Down_1,14481758,55b9af9318e2700490261816a75e852443bf17280ed5c3872ca1a8dc82788e9e,5467,3582,2020:06:27 11:39:57,41.867499555,-87.6233721666667,289,true
Grid_Down_1-196.jpg,Grid_Down_1,14671362,3bbe3d38d0d85a16cc19bde3a18f1d3d2e5148fab9781e9e694727acbc5b7c79,5467,3582,2020:06:27 11:39:59,41.867509945,-87.6233398616667,288,true
Grid_Down_1-197.jpg,Grid_Down_1,14403251,acc9760c40fee9931c07d4ec5af34d008fcaee05459e48c8008a036208a46254,5467,3582,2020:06:27 11:40:01,41.8675197216667,-87.6233256383333,288,true
Grid_Down_1-198.jpg,Grid_Down_1,14344402,1ca8aee1cbb9e1bf45a608f0c563735bae849ede27de8f20b59c29d47fea3977,5467,3582,2020:06:27 11:40:04,41.8675355,-87.6233209166667,288,true
Grid_Down_1-199.jpg,Grid_Down_1,14845199,ad95809c1786ccacaee647e9320e179b896c25bd3b53bac52154242299d611c9,5467,3582,2020:06:27 11:40:06,41.867564445,-87.6233118333333,288,true
Grid_Down_1-2.jpg,Grid_Down_1,19519068,9487ddc5c806d1c4a199119337aea34967b9029d71fa6488f1f37eddf371d30f,5467,3582,2020:06:27 11:33:19,41.872992445,-87.6211711383333,240,true
Grid_Down_1-20.jpg,Grid_Down_1,17533100,e83e543077b30efe1d7b9123b75275c74cf3a78845874265736681ef8fcbb887,5467,3582,2020:06:27 11:33:55,41.8730278883333,-87.6221877216667,259,true
Grid_Down_1-200.jpg,Grid_Down_1,14699383,929f908847cfa0ed0d6feb7595ce2b8e29b32b8b5028fd21ebe9b7e0649d8974,5467,3582,2020:06:27 11:40:08,41.867604805,-87.623307445,288,true
Grid_Down_1-201.jpg,Grid_Down_1,14406188,3c1829c8a691b75fd9790c1138bba845104696e0e79d63e9466dfb2ddebecb58,5467,3582,2020:06:27 11:40:10,41.8676548333333,-87.623308445,287,true
Grid_Down_1-202.jpg,Grid_Down_1,14599963,71771784383448d6a684a766536ea3c43ab8ee3acb01d178ba5f909c53c2b3c7,5467,3582,2020:06:27 11:40:12,41.8677050833333,-87.623318555,287,true
Grid_Down_1-203.jpg,Grid_Down_1,14873001,8c21c5441a4454cee044e3f173fdc47e86c49a354e504a3dabf7f742a536d422,5467,3582,2020:06:27 11:40:14,41.867753695,-87.623331445,287,true
Grid_Down_1-204.jpg,Grid_Down_1,15001631,8d3282b0064c78471100ad39a76d0f4c03cd9393f63b7392e70d93b9bd83d893,5467,3582,2020:06:27 11:40:16,41.867805305,-87.6233447783333,287,true
Grid_Down_1-205.jpg,Grid_Down_1,15201538,4f20418c7649f7e748e92d70a86f9ac41345aa0de39412c11ac7e07b2fb0a99d,5467,3582,2020:06:27 11:40:18,41.8678613883333,-87.623348195,287,true
Grid_Down_1-206.jpg,Grid_Down_1,15509364,bb8290f9bd33e828f10f0434905e38876e680deb4494d3abcdfa61fa1cf8db86,5467,3582,2020:06:27 11:40:20,41.8679126116667,-87.6233509166667,287,true
Grid_Down_1-207.jpg,Grid_Down_1,15850400,4cd8900516b3b0c9630c4845fafcc0bac50be4016adb55adf5da5cf132360ac1,5467,3582,2020:06:27 11:40:22,41.8679593883333,-87.6233541116667,287,true
Grid_Down_1-208.jpg,Grid_Down_1,15979927,13cea7f158e85d07db3eb98f61c3a56036c4a9ab685cab99e7058ee0d3a9b26c,5467,3582,2020:06:27 11:40:24,41.8679916383333,-87.62336,287,true
Grid_Down_1-209.jpg,Grid_Down_1,15954308,fa96c96650cf9f24b5e31d0bb37d19ca65ce7bc68a9e8d350c201f3382e4f680,5467,3582,2020:06:27 11:40:26,41.8680124716667,-87.6233723883333,286,true
Grid_Down_1-21.jpg,Grid_Down_1,17466016,6349a463cdabee196b152878d7c9e321cff23b6d73d2e52a3b48ecffc0b8b395,5467,3582,2020:06:27 11:33:57,41.8730261116667,-87.6222033616667,259,true
Grid_Down_1-210.jpg,Grid_Down_1,15932216,915b7cd88e780db5b5b9162cee137f7da73169889477db95561045c77f0d4599,5467,3582,2020:06:27 11:40:28,41.86805,-87.62337925,286,true
Grid_Down_1-211.jpg,Grid_Down_1,15847142,fabebddf43f80ea2e96c326d815a35a2b6491862520b3a15da04ea17582e7521,5467,3582,2020:06:27 11:40:30,41.8680975,-87.623383695,286,true
Grid_Down_1-212.jpg,Grid_Down_1,15508596,f5f85a645d607fdb201d20e66e1b2d058d6c1b3a931548828657e1d4828240b4,5467,3582,2020:06:27 11:40:33,41.8681394166667,-87.623396945,286,true
Grid_Down_1-213.jpg,Grid_Down_1,17196190,976502c1bb4e394fa239790673dffad85ea680b4116e645000de4a4d66f497a3,5467,3582,2020:06:27 11:40:35,41.86815475,-87.6234315283333,286,true
Grid_Down_1-214.jpg,Grid_Down_1,16751551,30e5ba9d62d59d1ec82849ebf637cf329b7b7a483bf90b293cd9f3d794f732d7,5467,3582,2020:06:27 11:40:37,41.8681691666667,-87.623461805,286,true
Grid_Down_1-215.jpg,Grid_Down_1,16162272,70ae550dd78ad88a696aa9c0657f47dee3142c8348a3f71559c55850f28c6e6d,5467,3582,2020:06:27 11:40:39,41.8682066383333,-87.6234743883333,286,true
Grid_Down_1-216.jpg,Grid_Down_1,15424347,de6c0696de854d1633f02d2fcba239cf47f0c4d67855dbfd447f5edc482d8b21,5467,3582,2020:06:27 11:40:41,41.8682542783333,-87.623480445,286,true
Grid_Down_1-217.jpg,Grid_Down_1,15034199,153caafdf51a3e48977a109a32b8168e1c4d3bdf6a3f94f49b31d9dab9f068ce,5467,3582,2020:06:27 11:40:43,41.868308195,-87.6234863333333,286,true
Grid_Down_1-218.jpg,Grid_Down_1,14779917,b735f86106d0c7211b4b8c726644d8429789ffd0dc10a33fdb33c45bfb2338c6,5467,3582,2020:06:27 11:40:45,41.8683613616667,-87.6234908883333,286,true
Grid_Down_1-219.jpg,Grid_Down_1,14649456,4b5e84b4f869821baae4d285a17cf44ac7b3ee4a11eafc2eb5295fd7fc1dfbb5,5467,3582,2020:06:27 11:40:47,41.8684153616667,-87.6234945,286,true
Grid_Down_1-22.jpg,Grid_Down_1,17262960,22994448d41239cba13be924bd288216c735aec29d202adf76457f8e78637ffb,5467,3582,2020:06:27 11:34:00,41.8730233616667,-87.6222318616667,259,true
Grid_Down_1-220.jpg,Grid_Down_1,14557969,2da29046b184a4e0c9477fc6a80376b0107ea84c7f693856637b18f3485041ca,5467,3582,2020:06:27 11:40:49,41.8684690833333,-87.623496,286,true
Grid_Down_1-221.jpg,Grid_Down_1,14701227,0a3416d620ae7ffe24316c45d6485fdbf66e799d4e2fc7c3e32209be9e0db7ef,5467,3582,2020:06:27 11:40:51,41.8685168333333,-87.62350175,286,true
Grid_Down_1-222.jpg,Grid_Down_1,14887187,89807837d7584872db4cb8088ccfee7ec3fb9d1ec32b6e0df98ea6e78aef5047,5467,3582,2020:06:27 11:40:53,41.868536805,-87.6235361383333,286,true
Grid_Down_1-223.jpg,Grid_Down_1,14920262,86020a9b2ad1e78b7c3d71168159c4bf92e7fdd9f169dea561996ee071c38c52,5467,3582,2020:06:27 11:40:55,41.8685480833333,-87.62357725,286,true
Grid_Down_1-224.jpg,Grid_Down_1,15055788,7b4d3dce7b0ae34b5e2f4587f3fceb5488a7fd5a8fd7c1ce59e742390538e5d2,5467,3582,2020:06:27 11:40:57,41.8685775833333,-87.6235984166667,286,true
Grid_Down_1-225.jpg,Grid_Down_1,15250474,f83bb4b128023fd23fb874c3906b2549adfc0b47bd43fb3942af1f559adfc1ff,5467,3582,2020:06:27 11:40:59,41.8686256383333,-87.623607,286,true
Grid_Down_1-226.jpg,Grid_Down_1,15149432,0d8afedb5433d7379da2f72f7f0792d4cdca2d03157582043501f3d675cb0f52,5467,3582,2020:06:27 11:41:01,41.868676945,-87.6236118883333,285,true
Grid_Down_1-227.jpg,Grid_Down_1,15133282,2ba22b021eedfe4c495052572ace8fb905df94de5c347fd44692c27587c506aa,5467,3582,2020:06:27 11:41:03,41.868729555,-87.6236174166667,285,true
Grid_Down_1-228.jpg,Grid_Down_1,15249185,dbcc2b98b781e134dffdb0e0de83001397a9ca923d277403cd33c1d89c10d299,5467,3582,2020:06:27 11:41:05,41.86878375,-87.6236193333333,286,true
Grid_Down_1-229.jpg,Grid_Down_1,15017680,86286f3450483112812a66a9c9570c513fe17590d161510c61394cb0cc1df768,5467,3582,2020:06:27 11:41:07,41.8688371666667,-87.6236218883333,286,true
Grid_Down_1-23.jpg,Grid_Down_1,17005434,7a8444926c26618a1270a2697a0d75d1d1cb235dc55aa7888b6e1bb60be1ca5c,5467,3582,2020:06:27 11:34:02,41.873020695,-87.6222693883333,259,true
Grid_Down_1-230.jpg,Grid_Down_1,15386965,1ff90a3ed3396671c6d6ac3642a94ecd7dc46b634615eea3603f7c0c24a65780,5467,3582,2020:06:27 11:41:09,41.8688940283333,-87.6236243333333,286,true
Grid_Down_1-231.jpg,Grid_Down_1,15356484,0fc5b57b536f06d0878e9f6eba8f635c54d0303f5509be430730be33de67718a,5467,3582,2020:06:27 11:41:11,41.86894525,-87.623626305,286,true
Grid_Down_1-232.jpg,Grid_Down_1,15485088,f0f69734ac2f60b97a3da9e1c05899662d689debfe407cca3647c0b6928d66ee,5467,3582,2020:06:27 11:41:13,41.8690011666667,-87.6236339166667,286,true
Grid_Down_1-233.jpg,Grid_Down_1,15446462,875170633fe919e813ac73065c585310aa662873f0157302723f5a3c79d02922,5467,3582,2020:06:27 11:41:15,41.8690537216667,-87.62363675,286,true
Grid_Down_1-234.jpg,Grid_Down_1,15542862,c80bbd568fff21399d0695762c19ab3f727bac67936e356b6d3596b0513969fd,5467,3582,2020:06:27 11:41:17,41.869105695,-87.6236434716667,286,true
Grid_Down_1-235.jpg,Grid_Down_1,17090463,75a0d118c385085a69bd3cac17d4820d40e9a63c770f51c2fbbbcd7095a0c9d6,5467,3582,2020:06:27 11:41:19,41.869159945,-87.6236523616667,286,true
Grid_Down_1-236.jpg,Grid_Down_1,17360977,8a3f4ceb5725fe91e497026ca4874f71c24e25d68c8b4ce540cf21e6a7031a7e,5467,3582,2020:06:27 11:41:21,41.8692118333333,-87.623659,286,true
Grid_Down_1-237.jpg,Grid_Down_1,17151019,cb648a035b6cfb78afd116471583618ed9b490a146274bcf33d34028048fa77e,5467,3582,2020:06:27 11:41:23,41.8692643883333,-87.6236652216667,286,true
Grid_Down_1-238.jpg,Grid_Down_1,17237033,298f1bf896220f8fbef298bd0d69393419afb4b35ca8d2c872b456f49bfea0ba,5467,3582,2020:06:27 11:41:25,41.8693176666667,-87.6236665283333,286,true
Grid_Down_1-239.jpg,Grid_Down_1,17312424,9538f6564733efdf81052f7a444cb068576cbcdcc1567f80cc5c0bb83126d4f0,5467,3582,2020:06:27 11:41:27,41.8693720833333,-87.6236626116667,286,true
Grid_Down_1-24.jpg,Grid_Down_1,16639999,a1e7ecc1487f28156c932831470df74aaf6a70df7c38fa3d16930db2a4cc1ddd,5467,3582,2020:06:27 11:34:04,41.8730172216667,-87.6223150833333,259,true
Grid_Down_1-240.jpg,Grid_Down_1,17403316,cf8077fdf49b78ba935604bd2fa95cc4f203272dcf0dfbc15d2874d492700065,5467,3582,2020:06:27 11:41:29,41.8694283333333,-87.6236555283333,286,true
Grid_Down_1-241.jpg,Grid_Down_1,17921680,99e46c15a778f7f0bce18dbab0aac1ad7cc694e238a15ebeecfc5bab43957a3c,5467,3582,2020:06:27 11:41:31,41.869482055,-87.623651695,286,true
Grid_Down_1-242.jpg,Grid_Down_1,17720532,f0b99fcc8f864a28718e0123b97ab78456004367f97d4a68dc369eb31ec83856,5467,3582,2020:06:27 11:41:33,41.86953525,-87.6236491666667,286,true
Grid_Down_1-243.jpg,Grid_Down_1,17808087,43258b0d11899f01e2b8d5bb5e216b2dfa8b56f8d182b4a3e192ce4188c6065e,5467,3582,2020:06:27 11:41:35,41.869590305,-87.6236465283333,286,true
Grid_Down_1-244.jpg,Grid_Down_1,17799237,5c2505dd77f8ac95d0e67da48fc80c0218650b37c707e5f44d9e660c170330c0,5467,3582,2020:06:27 11:41:37,41.869645805,-87.623644195,286,true
Grid_Down_1-245.jpg,Grid_Down_1,18116960,40a71caefb5ce1b07e71bd100cb77ba542ad8f85f8b00d9d1f8065e6be2dcf3b,5467,3582,2020:06:27 11:41:39,41.869700695,-87.6236491383333,286,true
Grid_Down_1-246.jpg,Grid_Down_1,18130173,445b302550d6d4775cf96b4b6ce98f650c5551b854d2243228010b2ff8bbe469,5467,3582,2020:06:27 11:41:41,41.869757695,-87.6236583883333,286,true
Grid_Down_1-247.jpg,Grid_Down_1,18207370,fa73c40db33eaead23f1915caa2d2f2636cacaaa0932b243ccccfd461a815fde,5467,3582,2020:06:27 11:41:43,41.869811805,-87.623668945,286,true
Grid_Down_1-248.jpg,Grid_Down_1,18103675,7be05c2d6b2a34741b10dc0c18ba8d09e1512631a53818f67d18555b7440e070,5467,3582,2020:06:27 11:41:45,41.869866,-87.6236768883333,286,true
Grid_Down_1-249.jpg,Grid_Down_1,18033412,1140e3728116e0ce16e3ec33951c8363afce417a7637b4d42c8f9715d269d3f5,5467,3582,2020:06:27 11:41:47,41.8699203333333,-87.623682055,286,true
Grid_Down_1-25.jpg,Grid_Down_1,16212485,9503e9b3c561d5e073306293b5f36579f468136b64ebf4f496c71494208c32a3,5467,3582,2020:06:27 11:34:06,41.8730129166667,-87.6223745,259,true
Grid_Down_1-250.jpg,Grid_Down_1,18031075,3664e3401c1c6ebd16715efc1a04230b9422ba1e5cdd2e9117fc0b4976bde530,5467,3582,2020:06:27 11:41:49,41.8699741383333,-87.623686305,286,true
Grid_Down_1-251.jpg,Grid_Down_1,17946509,33c141ba63db88071b9be21764aa69d687f5137890b9e45f4a39ea6c2a94ad7f,5467,3582,2020:06:27 11:41:51,41.87003075,-87.623688,286,true
Grid_Down_1-252.jpg,Grid_Down_1,17852673,908ffc66e52ebd82505cc9ce9c05dedcb0750dcced8ca62b92320e32e0af67c2,5467,3582,2020:06:27 11:41:53,41.870085195,-87.6236877783333,286,true
Grid_Down_1-253.jpg,Grid_Down_1,17753581,f993cba1125d5bce3167e5ba64c5ae035f2b2df97a26a6ce09cdcaa3db96fe3e,5467,3582,2020:06:27 11:41:55,41.870139055,-87.6236871666667,286,true
Grid_Down_1-254.jpg,Grid_Down_1,17616699,70b892041bc7c2943fa376c5e20c8ba96b76d89f23be3d55822f3a66c47af581,5467,3582,2020:06:27 11:41:57,41.8701925833333,-87.623685945,286,true
Grid_Down_1-255.jpg,Grid_Down_1,17499336,e3d8b489570edc4b2053e480bb149e48524f2342d86d93f1abd2bc6f4764d539,5467,3582,2020:06:27 11:41:59,41.8702466383333,-87.6236865,286,true
Grid_Down_1-256.jpg,Grid_Down_1,17499882,a188fa134cd6475ddcb79904ec4cab02f5d27d4f630a6a9a103a0450b9b23d21,5467,3582,2020:06:27 11:42:01,41.8703031383333,-87.6236866116667,286,true
Grid_Down_1-257.jpg,Grid_Down_1,17413861,388e1dc6329fac103417d7a1904c3cb58c92f256a65db7f5b17570a6ea879776,5467,3582,2020:06:27 11:42:03,41.8703571383333,-87.6236868883333,286,true
Grid_Down_1-258.jpg,Grid_Down_1,17408859,771489a05518ff100a18e105c81c100ae2953419200167da199f933320a90762,5467,3582,2020:06:27 11:42:05,41.8704125,-87.623686055,286,true
Grid_Down_1-259.jpg,Grid_Down_1,17404005,a55d6e643c4f657d3fc7944cca853a86f8d3002578f66ec4a6708a99ec54b4a3,5467,3582,2020:06:27 11:42:07,41.8704670833333,-87.6236853616667,286,true
Grid_Down_1-26.jpg,Grid_Down_1,16139370,62d0426d297dec7c466b8396bc4934b07a5bfa87dd4ae71852363bc566a4ed16,5467,3582,2020:06:27 11:34:08,41.873007805,-87.6224355,259,true
Grid_Down_1-260.jpg,Grid_Down_1,17358766,a47269bf74f7a3c940a1e384263944d4f53524edd1eecf445c436bfa3aa809bf,5467,3582,2020:06:27 11:42:09,41.870521695,-87.6236861666667,286,true
Grid_Down_1-261.jpg,Grid_Down_1,17329431,2d8b3e40f89eec4c933d5622b0bd88553a2e1b2fe163d4c48c90668f7862c8a5,5467,3582,2020:06:27 11:42:11,41.8705759166667,-87.6236875833333,286,true
Grid_Down_1-262.jpg,Grid_Down_1,17390032,808d5f3913af8ef63ef4a31c8c2b5250278da59e7ddb9b7e32ad0a1c160ee598,5467,3582,2020:06:27 11:42:13,41.870631945,-87.623688695,286,true
Grid_Down_1-263.jpg,Grid_Down_1,17446338,ec59616a2b498739d713d01ae43205e321f583d18ca58cfc795912f6652aa9d5,5467,3582,2020:06:27 11:42:15,41.8706853333333,-87.623688,286,true
Grid_Down_1-264.jpg,Grid_Down_1,17534433,20260af6eaca998aa6984072026b2ea22cda4deb9deee7703db2e0979c3c28e3,5467,3582,2020:06:27 11:42:17,41.8707384716667,-87.62368725,286,true
Grid_Down_1-265.jpg,Grid_Down_1,17803981,7da14f646957478bae105e29b4f4e02b559142da9385be0171de2f32a23460bd,5467,3582,2020:06:27 11:42:19,41.870792,-87.6236863883333,286,true
Grid_Down_1-266.jpg,Grid_Down_1,17859438,79994ccaf298724fb6927e7ddac58087b83196a296fa376e9626f7ebfc29c5e0,5467,3582,2020:06:27 11:42:21,41.87084525,-87.623685555,286,true
Grid_Down_1-267.jpg,Grid_Down_1,18057007,1d500b779165e61653ce8e43a0f17770c3f7bde665ee326a925cd1f79645493e,5467,3582,2020:06:27 11:42:23,41.870898695,-87.623684805,286,true
Grid_Down_1-268.jpg,Grid_Down_1,17989873,c151034a8e706cbbbb3c39a775dd783a0baf56bb0088cb152f487c947ac3fc85,5467,3582,2020:06:27 11:42:26,41.8709547216667,-87.6236844716667,286,true
Grid_Down_1-269.jpg,Grid_Down_1,17860840,6659d64649831130556dc0724ed97b5859b72498e2924d3daf76547dbeedba3e,5467,3582,2020:06:27 11:42:28,41.8710081383333,-87.6236845833333,286,true
Grid_Down_1-27.jpg,Grid_Down_1,16416662,5aa185b32afe4c8f2e62c719b52713b0a64b962ac5c1855db841acff66c17c55,5467,3582,2020:06:27 11:34:10,41.8730025,-87.6224906116667,259,true
Grid_Down_1-270.jpg,Grid_Down_1,17963683,f92c37db22f09369f091fbcac6e49e4ee32317ab9e63ae7842e9ba6ba6da4f28,5467,3582,2020:06:27 11:42:30,41.8710610833333,-87.623683195,286,true
Grid_Down_1-271.jpg,Grid_Down_1,17857540,f55e6ca5ef271fff5517fa7c307f35147ac6f05de7d8a2caf44a970dd5b3ea3f,5467,3582,2020:06:27 11:42:32,41.8711147216667,-87.6236826383333,286,true
Grid_Down_1-272.jpg,Grid_Down_1,17959683,b32f6a60efe07a829831d9a5e806f05e12e0e1e4d42d91f848acf96383b3527a,5467,3582,2020:06:27 11:42:34,41.8711684166667,-87.6236831666667,286,true
Grid_Down_1-273.jpg,Grid_Down_1,17963607,28d85cc831f0b1b464f6c7993c7aa11ec24e614738f1cd5c35ee4c3d6d48553f,5467,3582,2020:06:27 11:42:36,41.8712211116667,-87.6236804166667,286,true
Grid_Down_1-274.jpg,Grid_Down_1,17904530,6903312a5b3e49855da07bb8a57b1ce19a98a5d72961f1d33a24b9b7e8244330,5467,3582,2020:06:27 11:42:38,41.8712771666667,-87.6236812783333,286,true
Grid_Down_1-275.jpg,Grid_Down_1,18077910,5d49cc9f172ea6c3f5276772b8dd87987ab40a7b9be94a87f41d214733307504,5467,3582,2020:06:27 11:42:40,41.8713313883333,-87.6236844716667,286,true
Grid_Down_1-276.jpg,Grid_Down_1,18204999,6ea866be6da230dda2b1b388abec8bea5271481d9312b6c526310d4cb1eedf8e,5467,3582,2020:06:27 11:42:42,41.871385555,-87.623685805,286,true
Grid_Down_1-277.jpg,Grid_Down_1,18128421,0b81206427bf1087e842125e46f3796ba64c1fc5d13fe169e873f7d38eaafab1,5467,3582,2020:06:27 11:42:44,41.871438945,-87.6236863883333,286,true
Grid_Down_1-278.jpg,Grid_Down_1,17965134,ffa37632e1e959ca876d35637a01f1951821c569c0c3e0663bfda33465fb1a93,5467,3582,2020:06:27 11:42:46,41.87149275,-87.6236877783333,286,true
Grid_Down_1-279.jpg,Grid_Down_1,17856876,aecc5de02cae4369a6135d2eb9a9f36e27093b5ce97ad33ec358e7acc963c7c4,5467,3582,2020:06:27 11:42:48,41.8715456666667,-87.6236883883333,286,true
Grid_Down_1-28.jpg,Grid_Down_1,16634101,f8b7489830c1d273e97a030bf1c92832eef292799b31450473bad9bf9a9cc374,5467,3582,2020:06:27 11:34:12,41.8729981666667,-87.622525195,259,true
Grid_Down_1-280.jpg,Grid_Down_1,17694829,381147ae3333345619f29539d099372616312cadb7d877977792da17b8a2df2a,5467,3582,2020:06:27 11:42:50,41.871601,-87.6236897783333,286,true
Grid_Down_1-281.jpg,Grid_Down_1,17595792,77d908fc12f2fcd4101d465b7a4bb40c47a39854a0a65962e14f38a559379710,5467,3582,2020:06:27 11:42:52,41.8716543616667,-87.62369075,286,true
Grid_Down_1-282.jpg,Grid_Down_1,17486325,d9c5d9586043485f324fa0b2bb63111b56472e80e0d80ff5060250787d2a5759,5467,3582,2020:06:27 11:42:54,41.8717082216667,-87.6236934716667,286,true
Grid_Down_1-283.jpg,Grid_Down_1,17376768,c9e6bd32c5ca64cc119688687aae9875763d19ef58b60a82facfba08eb1a4a58,5467,3582,2020:06:27 11:42:56,41.871761305,-87.62369425,286,true
Grid_Down_1-284.jpg,Grid_Down_1,17448531,0547ad65d0ba0d2a7a994a8ad01fad2332b4bf3577654b534752b275c632e785,5467,3582,2020:06:27 11:42:58,41.8718125833333,-87.6236964716667,286,true
Grid_Down_1-285.jpg,Grid_Down_1,17541881,d742c2481f0b3a61cdd245d0ac48d8b79e3f29e6026143864b619f33aee5d815,5467,3582,2020:06:27 11:43:00,41.8718680283333,-87.6236985833333,286,true
Grid_Down_1-286.jpg,Grid_Down_1,17690532,1319c933c436abbeba43a494c87f6aea398bc065ea63d3cf65545034b09f5e02,5467,3582,2020:06:27 11:43:02,41.8719234716667,-87.6236987216667,286,true
Grid_Down_1-287.jpg,Grid_Down_1,17549278,1da42cc859d05d043253150bf9d43b05fce4efd59d2004f11de6785af22dced3,5467,3582,2020:06:27 11:43:04,41.871978805,-87.623696555,286,true
Grid_Down_1-288.jpg,Grid_Down_1,17342073,242a4e96bb025850ce476a710d276a397ce0a528a0e1bbb919d3e8ff0eda7032,5467,3582,2020:06:27 11:43:06,41.8720328616667,-87.623697305,286,true
Grid_Down_1-289.jpg,Grid_Down_1,17177927,1bd6e3f89421e737a0ece19d330b02ba0a1985314d3aaa72e4d7be3542fbb5e7,5467,3582,2020:06:27 11:43:08,41.872086055,-87.6236971666667,286,true
Grid_Down_1-29.jpg,Grid_Down_1,16923700,e8e612448bd31f3549f4c9bdcae9352cb6fa9e9ad70f24584f73e68dd72c3376,5467,3582,2020:06:27 11:34:14,41.872994945,-87.622550445,259,true
Grid_Down_1-290.jpg,Grid_Down_1,17032048,3f9c7ba957a127275ac44b6dfa1dade04b488110daed1e90718602ba54fa9a14,5467,3582,2020:06:27 11:43:10,41.872141055,-87.6236908333333,286,true
Grid_Down_1-291.jpg,Grid_Down_1,17044594,f8c97063718ca9ac33dcb4b78946fdd3124fc8d26c8e6d17f7371e7a463efa99,5467,3582,2020:06:27 11:43:12,41.8721935833333,-87.6236857216667,285,true
Grid_Down_1-292.jpg,Grid_Down_1,17159946,bdd3993e88a552df7383347122df0928264623fe26b2aa7acbc014cd28e10800,5467,3582,2020:06:27 11:43:14,41.872248,-87.6236877783333,285,true
Grid_Down_1-293.jpg,Grid_Down_1,17235787,5ef671a8619dcf4504d3b709bfd0d11b603e4bdfa5550a11746fe720563a027b,5467,3582,2020:06:27 11:43:16,41.872301945,-87.6236901383333,285,true
Grid_Down_1-294.jpg,Grid_Down_1,17242408,331a1764274b6c36ce50d91a70baa3dd71e158a782a311fb81845d21ad2fdf2c,5467,3582,2020:06:27 11:43:18,41.8723567783333,-87.62369075,285,true
Grid_Down_1-295.jpg,Grid_Down_1,17177110,9880fbbaa295be65b9330116ae641353a4daaa423a9a04513516281c0c756d53,5467,3582,2020:06:27 11:43:20,41.8724121383333,-87.6236886116667,285,true
Grid_Down_1-296.jpg,Grid_Down_1,17144143,6551cfc9d8cad1abaff355c81f2be740fae653edcc70cfdec15d51248c873d06,5467,3582,2020:06:27 11:43:22,41.8724678883333,-87.6236871666667,285,true
Grid_Down_1-297.jpg,Grid_Down_1,17110921,b6b4c3846cf9adfdd422326104c16e2391f1a3d0f11405c2daa431027468f24e,5467,3582,2020:06:27 11:43:24,41.8725226116667,-87.6236857216667,285,true
Grid_Down_1-298.jpg,Grid_Down_1,17138522,a8cf34e32efaa1991304a8952bce7b427d2cc9bcbe66f323ec0960380672dcdf,5467,3582,2020:06:27 11:43:26,41.8725763616667,-87.62368675,285,true
Grid_Down_1-299.jpg,Grid_Down_1,17378906,7d73e7e136dc254952d1efed97c65a72fad986194b0d7db6042a3608eb897828,5467,3582,2020:06:27 11:43:28,41.872627055,-87.6236918333333,285,true
Grid_Down_1-3.jpg,Grid_Down_1,19353031,efaa5845783efa708c0a2ddf53419cca348b90e0da6742ab0bce930a842e2352,5467,3582,2020:06:27 11:33:21,41.8729899716667,-87.621208055,240,true
Grid_Down_1-30.jpg,Grid_Down_1,17013782,de42ea1ed4d49b6b049d9213160b82a0a6aaaa3df40143a6e1766ef3aba7ae21,5467,3582,2020:06:27 11:34:16,41.8729917216667,-87.6225925833333,259,true
Grid_Down_1-300.jpg,Grid_Down_1,17384179,4a70b740e59e51e5409968cc5dfd32cd9455d46ad16092bbc384fe01efea217b,5467,3582,2020:06:27 11:43:30,41.8726818333333,-87.623697805,285,true
Grid_Down_1-301.jpg,Grid_Down_1,17807215,fefbffcf2ed81d6d4c001c7b74ba5a50e28463772f151cab0060133b67adfa4a,5467,3582,2020:06:27 11:43:32,41.8727430283333,-87.6237035283333,285,true
Grid_Down_1-302.jpg,Grid_Down_1,17740807,81dacb5911a2677a6170d833cba6a756a507512fe830464c59af79fe364859f5,5467,3582,2020:06:27 11:43:35,41.872808055,-87.623702945,285,true
Grid_Down_1-303.jpg,Grid_Down_1,17373368,485dd1ec68296e7e340a9cf3531075e30341fe8089af76d4ff9cf2def17f2e8a,5467,3582,2020:06:27 11:43:37,41.8728623616667,-87.62369475,285,true
Grid_Down_1-304.jpg,Grid_Down_1,17166543,2186a34a2fcf445ff2eabfd89ccf35cb7abaa411ee63b4db88acc1a09aaee1c1,5467,3582,2020:06:27 11:43:39,41.8729193616667,-87.6236864716667,285,true
Grid_Down_1-305.jpg,Grid_Down_1,17253106,cf88378d26f3ee5f217c9e692695c5e50596f596287b1f4bd540e178e4c0fc69,5467,3582,2020:06:27 11:43:41,41.8729733616667,-87.623678,285,true
Grid_Down_1-306.jpg,Grid_Down_1,17116205,7bdca00117268c6494d73395cd988510f349ffc1c164a0464599afad0a9a653f,5467,3582,2020:06:27 11:43:43,41.8730271116667,-87.6236727216667,285,true
Grid_Down_1-307.jpg,Grid_Down_1,16881114,c39699c89b2480004fe7cb15ef8bc056d4a1cf5af5a5bf2b5d5160216c5e629f,5467,3582,2020:06:27 11:43:45,41.873080695,-87.6236695283333,285,true
Grid_Down_1-308.jpg,Grid_Down_1,16889852,fbfec66135b6f3d12f26e5dc1c819191555edea7f72a4dd21ca904a196325b44,5467,3582,2020:06:27 11:43:47,41.873136,-87.6236704166667,285,true
Grid_Down_1-309.jpg,Grid_Down_1,16865418,215408cb721d59885fea3705ef6955322cea41ab15af5f556936031d5780395a,5467,3582,2020:06:27 11:43:49,41.8731911666667,-87.6236721666667,285,true
Grid_Down_1-31.jpg,Grid_Down_1,17369155,d28bf2e7ee989754f9e3f945dd54b5ecc80149ff7962bd6170202ba36e365a6d,5467,3582,2020:06:27 11:34:18,41.8729888883333,-87.6226373616667,259,true
Grid_Down_1-310.jpg,Grid_Down_1,16833250,f18985dcdb174f5fb91482a6be075f04b59506067f5c8fbbfdaf5d57b34e712c,5467,3582,2020:06:27 11:43:51,41.8732472216667,-87.62367175,285,true
Grid_Down_1-311.jpg,Grid_Down_1,16851162,fd03483e16ccb51fa03418e82414c525e39b9de4e5e9cb6a364e19a499565873,5467,3582,2020:06:27 11:43:53,41.8732994166667,-87.623672555,285,true
Grid_Down_1-312.jpg,Grid_Down_1,16813631,b5301d8b1011ab12f8e7ee62d154de7d29b773071b440dd2ec59a899a92c2ce4,5467,3582,2020:06:27 11:43:55,41.8733573616667,-87.6236756383333,285,true
Grid_Down_1-313.jpg,Grid_Down_1,16841548,994c92cdfe4cf10515b86883683b558b5137a538ca869bd5fe685a6695960ac8,5467,3582,2020:06:27 11:43:57,41.8734112216667,-87.623678945,285,true
Grid_Down_1-314.jpg,Grid_Down_1,17032746,1c2770a55aa86fdaeb849035404592d57d9f0eb2b8d1fc53cdb58a37df00c9b8,5467,3582,2020:06:27 11:43:59,41.8734653883333,-87.623680055,285,true
Grid_Down_1-315.jpg,Grid_Down_1,17341218,eacb69592cdbf956b58a5e223f378347e6159f43ee794f8dec2249a6dbbfe426,5467,3582,2020:06:27 11:44:01,41.8735200833333,-87.6236793333333,285,true
Grid_Down_1-316.jpg,Grid_Down_1,17548550,f259b0edd3e2a2c317e176d9ad8dc4f1989558742415d94dfc8fad1ff8ea68cb,5467,3582,2020:06:27 11:44:03,41.8735732216667,-87.6236774716667,285,true
Grid_Down_1-317.jpg,Grid_Down_1,17949094,eeca96e5bc297641a6c6ba7e08c9f8d37ea073240d05d3c549c8ec92f92bb781,5467,3582,2020:06:27 11:44:05,41.8736265833333,-87.6236756116667,285,true
Grid_Down_1-318.jpg,Grid_Down_1,18068191,3e9b445e61f26d0bee875462b9a8ea2fc4464dda33a126e52c3514dcc1363947,5467,3582,2020:06:27 11:44:07,41.8736799166667,-87.623674195,285,true
Grid_Down_1-319.jpg,Grid_Down_1,17854938,f549d0bc2785a47572b00ef700feb62fe4117e99b8e95e5177bbc939472962f4,5467,3582,2020:06:27 11:44:09,41.873737055,-87.623672695,285,true
Grid_Down_1-32.jpg,Grid_Down_1,18303197,c5200ed49ee77498a48f79f6b59fcc0f86395255f1d3aed45805b5a37d516538,5467,3582,2020:06:27 11:34:29,41.8729950283333,-87.622782445,259,true
Grid_Down_1-320.jpg,Grid_Down_1,18096714,6b8ca5d6b4b9a261ad1acb5a6bdc5547bf9b0a83d96fc866a345e122002682f5,5467,3582,2020:06:27 11:44:11,41.8737914716667,-87.623672445,286,true
Grid_Down_1-321.jpg,Grid_Down_1,18272953,57b665be7bdc2f536216ae7a7ba734d9eceaef1946044189478f571d6aa377b4,5467,3582,2020:06:27 11:44:13,41.8738465,-87.623672305,285,true
Grid_Down_1-322.jpg,Grid_Down_1,18317657,5bba7707b247780aa4849d7c03410dabd9c465a16bd66d584e66bbb35b4f5554,5467,3582,2020:06:27 11:44:15,41.873901445,-87.6236734166667,286,true
Grid_Down_1-323.jpg,Grid_Down_1,18313853,ee05887407b953dda42b86a5486b895bb9d22564d44e1783430c32866e8a99d5,5467,3582,2020:06:27 11:44:17,41.8739579716667,-87.6236751116667,286,true
Grid_Down_1-324.jpg,Grid_Down_1,18397672,e290c3a4fcae99e69c6cf2d37ea9bb9ee9e20c15f6eca6aa3a37fc2c3af69c1b,5467,3582,2020:06:27 11:44:19,41.8740126383333,-87.6236778333333,286,true
Grid_Down_1-325.jpg,Grid_Down_1,18317358,97c060d508cc3a2e3956c9bb2e54202a7c3e45b3e79326cd134a7aa676e23a94,5467,3582,2020:06:27 11:44:21,41.8740515833333,-87.623679695,286,true
Grid_Down_1-326.jpg,Grid_Down_1,16670105,5d4dccba91232fbc529314a8e38652e418dc6fc11ca4d97d876ba4d00a895073,5467,3582,2020:06:27 11:44:25,41.8740661383333,-87.6236797216667,286,true
Grid_Down_1-327.jpg,Grid_Down_1,14916062,43f6e50ca3facd2270545d945c40f074702ffd35a6431a584c118318fad50018,5467,3582,2020:06:27 11:44:27,41.874065055,-87.6236805833333,286,true
Grid_Down_1-328.jpg,Grid_Down_1,15066823,c9ea9861884476c19f840ea4ada577e46c83284c6805329b6e50e6c7cadd1783,5467,3582,2020:06:27 11:44:31,41.874064555,-87.6236799716667,286,true
Grid_Down_1-329.jpg,Grid_Down_1,15637432,90b254c620f8a07082970fecab0d2f4e6910ef379b57c81307fb50493236feec,5467,3582,2020:06:27 11:44:33,41.874067305,-87.6236795,286,true
Grid_Down_1-33.jpg,Grid_Down_1,18300447,21e381a45dc60d04fc5cdb46af79eb0821fad620b0079b850a00333ab405e1a8,5467,3582,2020:06:27 11:34:31,41.8729978333333,-87.622834805,259,true
Grid_Down_1-330.jpg,Grid_Down_1,15563761,ce21fba7c5c4b18942e14e6fd2a994ffc383ff70e08656abcf6a5a6c068233ba,5467,3582,2020:06:27 11:44:35,41.874085805,-87.623681945,286,true
Grid_Down_1-331.jpg,Grid_Down_1,15588605,de2f5c4260f95b030b218c634278bfd8c67ece9cde26dacf2257e9a2d0780931,5467,3582,2020:06:27 11:44:37,41.8741235283333,-87.6236826383333,286,true
Grid_Down_1-332.jpg,Grid_Down_1,15582670,5a2eefbcbc262ce9a9ac98b5df575d806d40d83b36cb3bce7bc3350aeb6a6a51,5467,3582,2020:06:27 11:44:39,41.874172305,-87.6236765283333,286,true
Grid_Down_1-333.jpg,Grid_Down_1,15488051,71d093b09b5935c57bdfbd37b5f0a9c07854d99b070e9038256ae8768c8393ba,5467,3582,2020:06:27 11:44:41,41.8742273616667,-87.6236611666667,286,true
Grid_Down_1-334.jpg,Grid_Down_1,15665472,43279a74fc31b6a0527235200935c9c0d9b761476523868b09ec659fcccbef87,5467,3582,2020:06:27 11:44:43,41.8742600833333,-87.623641695,286,true
Grid_Down_1-335.jpg,Grid_Down_1,15674197,61ed0bf89c6d3ed1139204c37eaaa91550b4393f3be840833f6c23a650eb440f,5467,3582,2020:06:27 11:44:45,41.8742829166667,-87.6236214166667,287,true
Grid_Down_1-336.jpg,Grid_Down_1,15881471,ba828e74a84f84451cc52ed7e24c1214d3cc9b22ae7446e995703506959031c4,5467,3582,2020:06:27 11:44:47,41.8743066383333,-87.6235891116667,287,true
Grid_Down_1-337.jpg,Grid_Down_1,15989536,a67c8ea159d42e5d6f29c80395fe8ede1e392eee9fed668125f6cf19ee7445d2,5467,3582,2020:06:27 11:44:50,41.8743253883333,-87.6235500833333,287,true
Grid_Down_1-338.jpg,Grid_Down_1,15973039,94e82c9df9f86f404649b007a099d05a63856de5de7fedccaa773714b6b585cc,5467,3582,2020:06:27 11:44:52,41.8743474716667,-87.623528305,287,true
Grid_Down_1-339.jpg,Grid_Down_1,15880693,abdebafdcc23af8afd066dd1d25476bc3f4f839cda40e26963c698eac8203035,5467,3582,2020:06:27 11:44:54,41.8743783616667,-87.6235148333333,288,true
Grid_Down_1-34.jpg,Grid_Down_1,18234944,60ee49b89d5f990999ba0b66c6f68f65f20dbf5711a7e3474f7eafc204e356e6,5467,3582,2020:06:27 11:34:33,41.8730027783333,-87.622882305,259,true
Grid_Down_1-340.jpg,Grid_Down_1,15851968,ec0994f06e9f103fdded23ced077a8e811bbaa135dd457140b1f3ef5ab6edb90,5467,3582,2020:06:27 11:44:56,41.8743975833333,-87.623499305,288,true
Grid_Down_1-341.jpg,Grid_Down_1,16220299,6083708b72bae139262654d170d1b2908baea65bb53bbda9873d4b3cc8b1aa6d,5467,3582,2020:06:27 11:44:58,41.874417305,-87.623478055,288,true
Grid_Down_1-342.jpg,Grid_Down_1,16346324,1b638fbb0676cb62abd5a439faacf7fc5df9f2cce89756ed05b38b9ba849edf1,5467,3582,2020:06:27 11:45:00,41.8744526666667,-87.623441695,288,true
Grid_Down_1-343.jpg,Grid_Down_1,16702530,b05fa8add978a5e012251b12d2147d673e7260ea0e8e0ee774daddcbf60f4943,5467,3582,2020:06:27 11:45:02,41.8744898883333,-87.623389805,288,true
Grid_Down_1-344.jpg,Grid_Down_1,16746917,c65a16560d63490b61a9b0e26a69be6800cdbe30d7de2b9f9933ba9631755064,5467,3582,2020:06:27 11:45:04,41.874525195,-87.62333125,288,true
Grid_Down_1-345.jpg,Grid_Down_1,16839589,51b23e01c867592703771a4ccaa6242519969c7f00a385234aa5b3c39a4a6c1e,5467,3582,2020:06:27 11:45:06,41.8745568883333,-87.6232683333333,288,true
Grid_Down_1-346.jpg,Grid_Down_1,16172964,204e232514fca4448bae03ee9c83653ef158b672aad3df6153ca01c314e3458d,5467,3582,2020:06:27 11:45:08,41.874582695,-87.62320175,288,true
Grid_Down_1-347.jpg,Grid_Down_1,15638766,0345f25614991c3ef5d406896f3e5a03df7db0ead07ef1db99d47e8360d6fa90,5467,3582,2020:06:27 11:45:10,41.8745965833333,-87.6231422783333,288,true
Grid_Down_1-348.jpg,Grid_Down_1,15583816,70d62e977bc372bb0238fcde2b1a81bcfc885f1ae1c4dfa13305467e9f6c017e,5467,3582,2020:06:27 11:45:12,41.8746122783333,-87.6231061666667,288,true
Grid_Down_1-349.jpg,Grid_Down_1,15700006,de069d5b84394becbc0f35deb8b934f03984bb83aaa5d1e28b3a4db398261388,5467,3582,2020:06:27 11:45:14,41.8746430833333,-87.6230826383333,288,true
Grid_Down_1-35.jpg,Grid_Down_1,18408518,c694792c6a1b278b1887a6b10117bc8c4ec4d0d05d75f7c725a298c3a9a0263d,5467,3582,2020:06:27 11:34:35,41.873006195,-87.622917195,259,true
Grid_Down_1-350.jpg,Grid_Down_1,15782924,99ab1394ff2af740df84a9261dbe17dd522ae65ce24cae7cca07256a36f01075,5467,3582,2020:06:27 11:45:16,41.874680055,-87.6230651116667,288,true
Grid_Down_1-351.jpg,Grid_Down_1,15771162,a9b64dd4ab57893fbfde2c4302d3cc0c9a85c2efaed302a9f693953fc1eac925,5467,3582,2020:06:27 11:45:18,41.8747213616667,-87.623053195,288,true
Grid_Down_1-352.jpg,Grid_Down_1,16132948,a8fc76a021c76fa05b4745794867740bde73df7b081a337126834a1abc100af0,5467,3582,2020:06:27 11:45:20,41.8747588333333,-87.6230458616667,288,true
Grid_Down_1-353.jpg,Grid_Down_1,16161417,b161b55162b3c098008d0db3a3fac2d8f0198399840d7ba5595c43385298c5ee,5467,3582,2020:06:27 11:45:22,41.874751945,-87.623035805,288,true
Grid_Down_1-354.jpg,Grid_Down_1,16150810,fb688fb547d6497170fc3b6864f966fc5cd702d841a342d96ecd84c6bdb51180,5467,3582,2020:06:27 11:45:24,41.8747126666667,-87.6230284716667,288,true
Grid_Down_1-355.jpg,Grid_Down_1,16232590,4ebc0a931685bda109b694677f8ecb1ae0355a1fa0cc08989f9014bbc9cfeef7,5467,3582,2020:06:27 11:45:26,41.8746628333333,-87.6230224166667,288,true
Grid_Down_1-356.jpg,Grid_Down_1,16392186,0c696986c7307c4b739802b0458b2884753757d6771a26f8a25c7cbfea035028,5467,3582,2020:06:27 11:45:28,41.8746085,-87.6230182216667,288,true
Grid_Down_1-357.jpg,Grid_Down_1,16589152,c56e4c264f81adbe918fb424a8781e5577ab19ad6c15bc0a6c8301f324149328,5467,3582,2020:06:27 11:45:30,41.8745535283333,-87.6230149716667,288,true
Grid_Down_1-358.jpg,Grid_Down_1,16692789,614695c5569d8f0b121007d9b7859c96be548a1b4814eecf8b5740224b967688,5467,3582,2020:06:27 11:45:32,41.874498195,-87.6230132216667,288,true
Grid_Down_1-359.jpg,Grid_Down_1,17016897,936e51acee1eb8665dbc4528114fe148811c21427a999f3034f8f415e19f932c,5467,3582,2020:06:27 11:45:34,41.8744403616667,-87.6230117216667,288,true
Grid_Down_1-36.jpg,Grid_Down_1,18484897,32ef9960a1195ca9bbfe62efb3eec747cb626bbad60a67e58ba644b94feedd35,5467,3582,2020:06:27 11:34:37,41.873007695,-87.6229620833333,259,true
Grid_Down_1-360.jpg,Grid_Down_1,16635139,04a771c3ec0fb763a1a722dc45101cc2c0f4cc3cebf0efa84633182213c3ebff,5467,3582,2020:06:27 11:45:36,41.8743854716667,-87.6230108333333,288,true
Grid_Down_1-361.jpg,Grid_Down_1,16838747,208dc632e43a660eef96cb730fd2b67468946ac03ce66fc88486e2f6b7738cba,5467,3582,2020:06:27 11:45:38,41.874330695,-87.623009945,288,true
Grid_Down_1-362.jpg,Grid_Down_1,16773067,625b8f65adb3f8200bd583239378c0fe25d03bb969cbf064c350d63c6d971fd4,5467,3582,2020:06:27 11:45:40,41.8742755283333,-87.6230083883333,288,true
Grid_Down_1-363.jpg,Grid_Down_1,16810239,13e07e0d2e857ccfe07666a9f8b3e6c01772f1ddeca6685c8271c631228024b7,5467,3582,2020:06:27 11:45:42,41.874222055,-87.6230068333333,288,true
Grid_Down_1-364.jpg,Grid_Down_1,16921889,caa954accc85e52fac3af725e755254e6a200e08cdcd04d56b5d119521ebb107,5467,3582,2020:06:27 11:45:44,41.8741684716667,-87.6230047783333,287,true
Grid_Down_1-365.jpg,Grid_Down_1,16932526,3645f674d53672a724cf7c24c9933708c48331034a414c6bc3e0deab688a3477,5467,3582,2020:06:27 11:45:46,41.87411175,-87.6230017783333,287,true
Grid_Down_1-366.jpg,Grid_Down_1,17107684,b2ce478ca921a3a3f25310ec5255a6ba79ac44b5a2bf37c4abbf5fce0c4923a5,5467,3582,2020:06:27 11:45:48,41.8740588333333,-87.6229982216667,287,true
Grid_Down_1-367.jpg,Grid_Down_1,16955895,9fe2aade731e06f6cea331836a00734aee5a5beb4670e75d72be2207acfba877,5467,3582,2020:06:27 11:45:50,41.8740061116667,-87.622996805,287,true
Grid_Down_1-368.jpg,Grid_Down_1,16325995,39e7031f9e35a36351a9b8d0cf2693c6dc2fce242c98de0653f5d0268b19b586,5467,3582,2020:06:27 11:45:52,41.8739520833333,-87.6229963883333,287,true
Grid_Down_1-369.jpg,Grid_Down_1,16635548,9fbb9dd66d3c1606b62e6d5a9bf7bd442f5395fbce873367176d3e28fda2416f,5467,3582,2020:06:27 11:45:54,41.87389625,-87.622996,287,true
Grid_Down_1-37.jpg,Grid_Down_1,18544460,c642bddda60be9889e12612eebf0f22c5de5062820e94c1f5e25bbee84483525,5467,3582,2020:06:27 11:34:39,41.8730075,-87.6230224716667,259,true
Grid_Down_1-370.jpg,Grid_Down_1,16989630,5c5b2e5092da434d18e079a76f5babe9431552db9adc288657439fc5f88c7091,5467,3582,2020:06:27 11:45:56,41.8738411666667,-87.6229962783333,287,true
Grid_Down_1-371.jpg,Grid_Down_1,15416258,28856074d964bd3d9a00e12e3e5fa8d98996777e15e3756d034dafc231470a0c,5467,3582,2020:06:27 11:45:58,41.8737863616667,-87.622996805,287,true
Grid_Down_1-372.jpg,Grid_Down_1,15676664,ff6daa7d6a4b3dbb4bbe574d3c079bd53943c7ddd562b786b96329eb534cf877,5467,3582,2020:06:27 11:46:00,41.8737313333333,-87.622997805,288,true
Grid_Down_1-373.jpg,Grid_Down_1,15844164,4a6a6e9d77f3a5110a85530358b0f83d2281d020e93c4e14c3038e41f995a24e,5467,3582,2020:06:27 11:46:02,41.8736762783333,-87.622998805,288,true
Grid_Down_1-374.jpg,Grid_Down_1,15947005,3fc7d5b1dcb61a5ce2cb2da724cd74c8c728161cb58e08648f0ba6c002329b08,5467,3582,2020:06:27 11:46:04,41.8736212783333,-87.6229948616667,288,true
Grid_Down_1-375.jpg,Grid_Down_1,15861735,b748655f6aa4bb8a08204c5123ef38a2087ae6961981032abf6311a818ed7fc1,5467,3582,2020:06:27 11:46:06,41.8735633883333,-87.6229915283333,288,true
Grid_Down_1-376.jpg,Grid_Down_1,16046805,938ae8489a0eb36fcb8f1a73fbd3cc81ae31eae932cd77f35f07ad98e6191c18,5467,3582,2020:06:27 11:46:08,41.873507805,-87.6229895,288,true
Grid_Down_1-377.jpg,Grid_Down_1,16002224,2557eb9404c34d58859f0720ddff044e75205b69c038ca62c9d5a6a75063ed69,5467,3582,2020:06:27 11:46:10,41.873453195,-87.622983805,288,true
Grid_Down_1-378.jpg,Grid_Down_1,15979295,f5ddeb24058b04231434527754fdb081ab53aca9e009a688b705424584afb879,5467,3582,2020:06:27 11:46:12,41.8733995283333,-87.6229791116667,288,true
Grid_Down_1-379.jpg,Grid_Down_1,16129640,35a767e8cff84a6f66cca2289e843e7f9cd525bc16555a0aa88b970625017f0b,5467,3582,2020:06:27 11:46:14,41.87334525,-87.6229769716667,288,true
Grid_Down_1-38.jpg,Grid_Down_1,18890508,93f9047c8b8662f1d6b5c4febff3fe819974d358a2e68b662daaea170b3f32af,5467,3582,2020:06:27 11:34:41,41.8730139166667,-87.6230885,259,true
Grid_Down_1-380.jpg,Grid_Down_1,16459708,17777ffc9c6ff502b9eca3b1853d2ed550df59fff13f739a9e3b64c3ccb46c49,5467,3582,2020:06:27 11:46:16,41.8732903616667,-87.6229784716667,288,true
Grid_Down_1-381.jpg,Grid_Down_1,16529412,06acfeae88857477c3972d4c0e8ed9f2386af48749060f68370a52f9d2a2ca2b,5467,3582,2020:06:27 11:46:18,41.8732331116667,-87.6229826383333,288,true
Grid_Down_1-382.jpg,Grid_Down_1,16398204,39f9c0f8173bfb6243664eb1d06dae944ab8c6f06ba13d26408e83927982a62e,5467,3582,2020:06:27 11:46:20,41.8731785283333,-87.622986445,288,true
Grid_Down_1-383.jpg,Grid_Down_1,16795363,181e5df49845d6496ea9652ee65cec96d917182e04d5ff9260b4ac3a747d1313,5467,3582,2020:06:27 11:46:22,41.8731235,-87.622985695,289,true
Grid_Down_1-384.jpg,Grid_Down_1,17055785,7213039e0b3685e323f790b94b01e89b173611a40e991e55bed6dd4fc57be213,5467,3582,2020:06:27 11:46:24,41.8730677783333,-87.6229796383333,288,true
Grid_Down_1-385.jpg,Grid_Down_1,17655164,4d00cbd63e4484e889d1da0ecf1e4ff7b66be352362279f339d7b22244893abe,5467,3582,2020:06:27 11:46:26,41.8730103883333,-87.6229714716667,288,true
Grid_Down_1-386.jpg,Grid_Down_1,17332356,e4d5f0ac2408d0648e4a45d73d9ee9408dd566947452e23cddc432a9ac44b1a6,5467,3582,2020:06:27 11:46:28,41.872956555,-87.6229608883333,288,true
Grid_Down_1-387.jpg,Grid_Down_1,17098061,9ec85460afab79a6b4e696fd2308ab5ec193ba370e67e1fa5b14010c80a8b619,5467,3582,2020:06:27 11:46:30,41.8729035283333,-87.6229512783333,288,true
Grid_Down_1-388.jpg,Grid_Down_1,17085773,ee58e36c3b4abdfd03dae28d2dd2b946d78a44bf63e07e8cc9e68dad95f8e874,5467,3582,2020:06:27 11:46:32,41.8728495283333,-87.6229461116667,288,true
Grid_Down_1-389.jpg,Grid_Down_1,17164565,0df1c41668ecb201b5951266112b8c994cce88d2faf44096a309ce1fdf498c91,5467,3582,2020:06:27 11:46:34,41.8727956383333,-87.6229420833333,288,true
Grid_Down_1-39.jpg,Grid_Down_1,18838551,4282fb024eee7a06711563da10db3667698e2f41dee1a30843c76b919ba2cc77,5467,3582,2020:06:27 11:34:43,41.8730193333333,-87.6231631116667,260,true
Grid_Down_1-390.jpg,Grid_Down_1,17237684,a27b037c7ea6ca0ab5df6adf6ce97ebe3ded7b1c9571f47d6d5a920d473cf056,5467,3582,2020:06:27 11:46:36,41.8727414166667,-87.6229387216667,288,true
Grid_Down_1-391.jpg,Grid_Down_1,17315433,2b91d571432d0912ad00b9bd2ed25b00d95616961da923782defeef07678fe08,5467,3582,2020:06:27 11:46:38,41.8726868333333,-87.622936445,288,true
Grid_Down_1-392.jpg,Grid_Down_1,17296559,88ff8918b8308027e830df20bedd3fba433b6a3c475bbc53f98c42514a5db5a5,5467,3582,2020:06:27 11:46:41,41.8726299166667,-87.6229362216667,288,true
Grid_Down_1-393.jpg,Grid_Down_1,17168710,35e346374a0d066e3e10b09b4d33b8adb24538fdd941a834d97ae21a52f07166,5467,3582,2020:06:27 11:46:43,41.8725710833333,-87.6229358333333,287,true
Grid_Down_1-394.jpg,Grid_Down_1,17146885,1e285c70ea1ce4c215c6d7c48d248fdfceb21c758803c99413fcd2459a0b9991,5467,3582,2020:06:27 11:46:46,41.8724798616667,-87.6229327783333,287,true
Grid_Down_1-395.jpg,Grid_Down_1,17139726,824b68ea7e41eb1cf881100c4a0ef8da3e0329f3a82ebe3bdd9094f1af101451,5467,3582,2020:06:27 11:46:48,41.8724243883333,-87.6229303333333,287,true
Grid_Down_1-396.jpg,Grid_Down_1,17132211,9ae27c83e4fa218314184586323acca4ce005301261e86817fa946769eb5a96c,5467,3582,2020:06:27 11:46:50,41.872370695,-87.6229276666667,287,true
Grid_Down_1-397.jpg,Grid_Down_1,17103268,e479998b6733c60665876b1d2d82e7e223ad6f0d79fad7cb8752e2db7b095bcf,5467,3582,2020:06:27 11:46:52,41.8723161666667,-87.6229272216667,287,true
Grid_Down_1-398.jpg,Grid_Down_1,17084921,c46bda7df31398fc07dc5b72f07639c7a307c11988d8104dc0de368b82c35035,5467,3582,2020:06:27 11:46:54,41.87226225,-87.6229258883333,287,true
Grid_Down_1-399.jpg,Grid_Down_1,17037345,5b4ab2513f9e92a3996ab00e36dcf439dbf1bc7b54a0335c440ecf122f1905b0,5467,3582,2020:06:27 11:46:56,41.8722068616667,-87.6229236116667,287,true
Grid_Down_1-4.jpg,Grid_Down_1,19349011,6e2786659a31494035e741cfc1e5e0384d8be1da69a824156febdf9bd67c1aed,5467,3582,2020:06:27 11:33:23,41.87298725,-87.6212620833333,240,true
Grid_Down_1-40.jpg,Grid_Down_1,18755652,53d60a1cc70d3acdcf186e4b853971fc4a825cd445ef936a39110dba11564ee2,5467,3582,2020:06:27 11:34:45,41.87302075,-87.623232195,262,true
Grid_Down_1-400.jpg,Grid_Down_1,16977707,0f921ae548e13fff30b3891dd78652f9e9b17f829902ee9bfeb02bf8b0130051,5467,3582,2020:06:27 11:46:58,41.8721528883333,-87.6229218333333,287,true
Grid_Down_1-401.jpg,Grid_Down_1,16978341,36a0e99feaa274a42db2376cfbfd37146fd055b67d763a612abfb34346d8b322,5467,3582,2020:06:27 11:47:00,41.8720997216667,-87.6229209716667,287,true
Grid_Down_1-402.jpg,Grid_Down_1,16992868,89a49238eab8690c0ef51f2fe2b3b86d90046613819e4113f20c250ac2465070,5467,3582,2020:06:27 11:47:02,41.8720456383333,-87.6229194166667,287,true
Grid_Down_1-403.jpg,Grid_Down_1,17021606,8f597eb406eebd8837cd431a15c239d89184ff141a7603770fcd43176f5e6833,5467,3582,2020:06:27 11:47:04,41.8719924716667,-87.6229192216667,287,true
Grid_Down_1-404.jpg,Grid_Down_1,17050231,a3d9f02b3579a0efb47ad07e79c5e1e4e6a7b9ac02192f98edd14409b550de52,5467,3582,2020:06:27 11:47:06,41.8719379716667,-87.6229186116667,287,true
Grid_Down_1-405.jpg,Grid_Down_1,17100404,1d2d3918ac9df49c63a93afce1c705e8ea4fa655e5c9af870ae961a0688718ab,5467,3582,2020:06:27 11:47:08,41.8718813333333,-87.6229172216667,287,true
Grid_Down_1-406.jpg,Grid_Down_1,17246636,f2a17d0870a74c644cc7fc5e210ce3d155876c362bda272f5a5f7789da6a8016,5467,3582,2020:06:27 11:47:10,41.8718279166667,-87.6229181383333,287,true
Grid_Down_1-407.jpg,Grid_Down_1,17325536,38200971f7c2f9a25b1ebd9ce373945c648b4c6b9f1fdd4b08db2d4f35b1d70e,5467,3582,2020:06:27 11:47:12,41.8717745,-87.6229161666667,287,true
Grid_Down_1-408.jpg,Grid_Down_1,17394742,75f77af9907822e94bba1ae556f8ac8343da979c6aed4c9ac598c710547cceed,5467,3582,2020:06:27 11:47:14,41.8717216383333,-87.6229076666667,288,true
Grid_Down_1-409.jpg,Grid_Down_1,17466925,0375280ea2715456697a000d77916bd66873a4050c80e889c3e9c95365eac931,5467,3582,2020:06:27 11:47:17,41.871665445,-87.6229005833333,288,true
Grid_Down_1-41.jpg,Grid_Down_1,18892248,d44d15383256e00d981476ebb8b49c7b58d82ae0244e325621ff2c8c87bba3f8,5467,3582,2020:06:27 11:34:47,41.87302075,-87.6233018616667,263,true
Grid_Down_1-410.jpg,Grid_Down_1,17414085,bdff8eff6a875426b30ecc66bdba1036341935d201eed64b7f57865d6e847fdc,5467,3582,2020:06:27 11:47:19,41.8716116116667,-87.6228989166667,288,true
Grid_Down_1-411.jpg,Grid_Down_1,17348676,2eb91b1600e1a195551878e5cfd8760a1021a35d48433c1e463727908195c077,5467,3582,2020:06:27 11:47:21,41.87156025,-87.622896695,288,true
Grid_Down_1-412.jpg,Grid_Down_1,17732721,2bc54a62c32c16dd8dab9724417b6e879c7dd069fdfea5b8c29eb00c01341dce,5467,3582,2020:06:27 11:47:23,41.8715033333333,-87.6228939166667,288,true
Grid_Down_1-413.jpg,Grid_Down_1,17665688,21ff897c37d67d33d7afce32a1a1ddc44e2c49706864061b6a428b53de3c5519,5467,3582,2020:06:27 11:47:25,41.8714494166667,-87.6228916116667,288,true
Grid_Down_1-414.jpg,Grid_Down_1,17725915,c4a60243bf0d6195760d88cacee06e9cd5412ef0338be2db8a196dbfe7168af0,5467,3582,2020:06:27 11:47:27,41.8713925283333,-87.6228898616667,288,true
Grid_Down_1-415.jpg,Grid_Down_1,17844086,6798c966ee5acaa4d4dfa8725231ee1d2e083e6957531ddb0dc74046693eb241,5467,3582,2020:06:27 11:47:29,41.8713384716667,-87.622888195,288,true
Grid_Down_1-416.jpg,Grid_Down_1,17857009,de384216f324a6e30accfacf34a3f2ab65496124bd8c695088ffa27710c8d4a2,5467,3582,2020:06:27 11:47:31,41.8712845833333,-87.622886445,288,true
Grid_Down_1-417.jpg,Grid_Down_1,18008906,9131a03cf2a1dbd09b563440bad4023d5e0e5131e661cbede2c2538ddb229eae,5467,3582,2020:06:27 11:47:33,41.8712313883333,-87.6228847783333,288,true
Grid_Down_1-418.jpg,Grid_Down_1,17894362,8685129ce0dd8a7cd131fd7f95e19f22ea3167bd9726cbfabe546f5ee86a133b,5467,3582,2020:06:27 11:47:35,41.871177805,-87.6228827216667,288,true
Grid_Down_1-419.jpg,Grid_Down_1,17823266,58c08eab16e34e601fc105f8ee3e04a12efe08573d278750604997d041901110,5467,3582,2020:06:27 11:47:37,41.871123445,-87.6228808333333,288,true
Grid_Down_1-42.jpg,Grid_Down_1,18837927,0ab128e05163502738845453b22bec0379dfa3690d8e98ffb135db0c37479a7e,5467,3582,2020:06:27 11:34:49,41.8730190833333,-87.6233734716667,263,true
Grid_Down_1-420.jpg,Grid_Down_1,17739462,10f7ce0642ebb0494897b7537aaba82eeedcd7695b5b4a5cd561d9ccde4ecfbf,5467,3582,2020:06:27 11:47:39,41.8710696383333,-87.6228778883333,288,true
Grid_Down_1-421.jpg,Grid_Down_1,17588328,0027bafa03841a4a9c26b942e39b4415f7bc4e7f4e5a9af3e649f41d3d0f1a21,5467,3582,2020:06:27 11:47:41,41.871012695,-87.6228737216667,288,true
Grid_Down_1-422.jpg,Grid_Down_1,17280085,496060f4b8b46be606b7594d6359b207faac8ab87f4187a3bd8c20dffcad97a3,5467,3582,2020:06:27 11:47:43,41.8709587216667,-87.6228714166667,288,true
Grid_Down_1-423.jpg,Grid_Down_1,17131130,4bf324783004deea018caf8445fccfa0c7c9e56fe4ca62925c7dffb983c8140c,5467,3582,2020:06:27 11:47:45,41.8709035833333,-87.622867805,288,true
Grid_Down_1-424.jpg,Grid_Down_1,16911774,8b4d110a262e136372bb911e0cbc19f44de4e82746d7cb5bac5eed2a0032762f,5467,3582,2020:06:27 11:47:47,41.8708488616667,-87.6228634166667,288,true
Grid_Down_1-425.jpg,Grid_Down_1,16746371,c11e60eee9ac4f8b7c0e5a7753e8464327aa273faeb9792e27e41029a13f63b0,5467,3582,2020:06:27 11:47:49,41.8707943333333,-87.622862445,288,true
Grid_Down_1-426.jpg,Grid_Down_1,17569199,39c6f0bfa30654e0b79c10d0f6e778565477179bc051b76ae52826886c366d7f,5467,3582,2020:06:27 11:47:51,41.8707402783333,-87.6228588883333,288,true
Grid_Down_1-427.jpg,Grid_Down_1,17566109,8c1721087356a474538d3fd3ea27e00d979913ba0ec4a7b9a3b812fc059cffae,5467,3582,2020:06:27 11:47:53,41.87068575,-87.6228565833333,288,true
Grid_Down_1-428.jpg,Grid_Down_1,17639356,2efe12fe780ee818e91931ed7964c41b7f2e3cba6878d1cd611073fecd0de53b,5467,3582,2020:06:27 11:47:55,41.8706295,-87.6228545,288,true
Grid_Down_1-429.jpg,Grid_Down_1,17692658,929e576a2af7c8881e59e6dcf0decc85d25554e1a2208fd1c900ac74292f320a,5467,3582,2020:06:27 11:47:57,41.8705760283333,-87.622853055,288,true
Grid_Down_1-43.jpg,Grid_Down_1,19039992,94639081f25104ac7211a92ec009048ae7452d83115ce927b66d9ced6a3023eb,5467,3582,2020:06:27 11:34:51,41.87302025,-87.6234448883333,263,true
Grid_Down_1-430.jpg,Grid_Down_1,17743587,cf2df9883b4704b767893e88bafef96ab66de384e6c4969572f5b90b57f67c79,5467,3582,2020:06:27 11:47:59,41.87052325,-87.6228515833333,288,true
Grid_Down_1-431.jpg,Grid_Down_1,17678682,3391e54a9a1a3f763a1ddcfe8ab9de5c6cbf4f2842b68937ac8284ccd8e62643,5467,3582,2020:06:27 11:48:01,41.8704701116667,-87.6228493883333,288,true
Grid_Down_1-432.jpg,Grid_Down_1,17633180,d6b2d04ca932f76e05133543921956cb62e8908904e270875e03f13c292b7d27,5467,3582,2020:06:27 11:48:03,41.8704168616667,-87.62284725,288,true
Grid_Down_1-433.jpg,Grid_Down_1,17650798,3680367daddab74e605bd6fd429fad01de5d2bde90a8f6821db63fed6011b767,5467,3582,2020:06:27 11:48:05,41.8703608616667,-87.6228452783333,288,true
Grid_Down_1-434.jpg,Grid_Down_1,17522244,03e4bc22750e9e5c0897395ec9ac3e70835556ead26fb895770a37a73d3b5a98,5467,3582,2020:06:27 11:48:07,41.8703073333333,-87.6228421116667,287,true
Grid_Down_1-435.jpg,Grid_Down_1,17489091,bd419b79920c5706414482894e6bfc97cc35c9e9bb1b9047a579e2091cfc3ce1,5467,3582,2020:06:27 11:48:09,41.8702538883333,-87.6228387783333,287,true
Grid_Down_1-436.jpg,Grid_Down_1,17212808,cd6ea217c0fee6904b929a58da0de071c293a3dfd086824cf99f37538d846689,5467,3582,2020:06:27 11:48:11,41.870200695,-87.622835195,287,true
Grid_Down_1-437.jpg,Grid_Down_1,16859923,6d9c56bc992c41fbb1eee1afca67c7840d85ef45e52934d722d6bb66b3d069dc,5467,3582,2020:06:27 11:48:13,41.8701467216667,-87.6228323333333,287,true
Grid_Down_1-438.jpg,Grid_Down_1,16856929,c119f0333ba28f9e6e0874510c4af10eda11b2a98e864bd94f897229563d7ce6,5467,3582,2020:06:27 11:48:15,41.8700904716667,-87.622829695,287,true
Grid_Down_1-439.jpg,Grid_Down_1,16688893,689fc515969bb1cdd9f5401999f6489636f95b978515d8e1737879e9902f7496,5467,3582,2020:06:27 11:48:17,41.870036,-87.6228285833333,287,true
Grid_Down_1-44.jpg,Grid_Down_1,18955680,262a1d7c3a648f9ee132e7d72953ecec67495596d9b2a15264b19834c7004979,5467,3582,2020:06:27 11:34:53,41.8730232216667,-87.6235169166667,263,true
Grid_Down_1-440.jpg,Grid_Down_1,16594088,32165c6d0316801ebd721ab97459f9bfddae6a4af692dd013bd2cb1db78adc47,5467,3582,2020:06:27 11:48:19,41.8699815,-87.6228269716667,287,true
Grid_Down_1-441.jpg,Grid_Down_1,16376757,2f933beb5550e9a2f6dbd1e2034d5d36c80a3f117547638bf5262818a55fa93b,5467,3582,2020:06:27 11:48:21,41.8699270833333,-87.6228255283333,287,true
Grid_Down_1-442.jpg,Grid_Down_1,16532365,f20785856c658815ba8134fc219848e60fe9af06ef94d852b06d0aa11660ed32,5467,3582,2020:06:27 11:48:23,41.8698728616667,-87.622825195,287,true
Grid_Down_1-443.jpg,Grid_Down_1,16497456,da51c159fe462c9fbbddd39184007e3a6049de46def718339b82ad07a234f413,5467,3582,2020:06:27 11:48:25,41.8698186666667,-87.622824,287,true
Grid_Down_1-444.jpg,Grid_Down_1,16698347,6f696d57d6cf6f501f8a8b65883543897d1aa034b61316c668e91e7d2ebbe6b4,5467,3582,2020:06:27 11:48:27,41.8697626666667,-87.6228221666667,287,true
Grid_Down_1-445.jpg,Grid_Down_1,16264377,68376e0c02c4d9d358a43a89f26887d271bd757c0935f21ce6979ab0ed1f2c59,5467,3582,2020:06:27 11:48:29,41.869709055,-87.6228203333333,287,true
Grid_Down_1-446.jpg,Grid_Down_1,16137591,7ab843777574a7e0df57f1ea6163e6d25113418d17f8c70abca91737aeaf0a8e,5467,3582,2020:06:27 11:48:31,41.86965525,-87.6228192783333,288,true
Grid_Down_1-447.jpg,Grid_Down_1,16011185,87ae1d3f1c040c5f75e3f49267fb3f896117ec71b4ecd8f2ec957697e9fa0b80,5467,3582,2020:06:27 11:48:33,41.8696011383333,-87.6228180283333,288,true
Grid_Down_1-448.jpg,Grid_Down_1,15979215,b97aef5190c6eeb21676f77238f66332707471c598d1ee8dee0806fba14e4738,5467,3582,2020:06:27 11:48:35,41.869547055,-87.6228152216667,287,true
Grid_Down_1-449.jpg,Grid_Down_1,15958041,249ae8631ac384d52ba0d9836319dc2b6aa22980bc0fa29cfcfa7d64a602d7ab,5467,3582,2020:06:27 11:48:37,41.8694906116667,-87.6228125,287,true
Grid_Down_1-45.jpg,Grid_Down_1,18988314,da023d972c05c4d7156296deefa31230aa63e35d0d07180f939ba826cc13df51,5467,3582,2020:06:27 11:34:55,41.8730271116667,-87.6235895833333,263,true
Grid_Down_1-450.jpg,Grid_Down_1,15953814,ea3512e5781a4d7355d626754e1ec157a84eafc587d1495681312c22cbe1786a,5467,3582,2020:06:27 11:48:39,41.869436805,-87.6228081383333,287,true
Grid_Down_1-451.jpg,Grid_Down_1,15956696,0d2ed19c32a422ddad87e58648a2c56d7479b73b83a8918e5e1f363f19ff5b17,5467,3582,2020:06:27 11:48:41,41.869382805,-87.6228045833333,287,true
Grid_Down_1-452.jpg,Grid_Down_1,15766739,b2d07c93a929cafd516236df6ec859ef01126aa78bbc26c4aaa968d142e345ee,5467,3582,2020:06:27 11:48:43,41.8693285833333,-87.6228028616667,288,true
Grid_Down_1-453.jpg,Grid_Down_1,15571568,368483d6802a9ac05febd64e1743911b554170aaf80212cd3176aed379c894de,5467,3582,2020:06:27 11:48:45,41.8692739166667,-87.622801305,288,true
Grid_Down_1-454.jpg,Grid_Down_1,15466951,1e55b0bcdc8c4f65fd6cf9aa7ae1f6a8fd06b8fd58f797a16aa9cedd809dfdb5,5467,3582,2020:06:27 11:48:47,41.869219305,-87.6228016116667,288,true
Grid_Down_1-455.jpg,Grid_Down_1,15357811,db95dd2284412665de44a2f4ef2500262a0c3a12b9fbd3a42d8c32686a6cb4e7,5467,3582,2020:06:27 11:48:49,41.86916325,-87.6228027216667,288,true
Grid_Down_1-456.jpg,Grid_Down_1,15367961,1c70f64b6cb961da121003d8059b66299f84053635eb602b33ac3b4e789d44af,5467,3582,2020:06:27 11:48:51,41.869106055,-87.622800945,288,true
Grid_Down_1-457.jpg,Grid_Down_1,15426786,330483b65f6a2e51378b089bb4578282f0ada9a004752de1fe0e02228917c223,5467,3582,2020:06:27 11:48:53,41.8690523616667,-87.6228012783333,288,true
Grid_Down_1-458.jpg,Grid_Down_1,15445598,89ce0bf021d1230f599ae290d1bd7c9b12ab9b279705786f57fd52f21d024bb8,5467,3582,2020:06:27 11:48:55,41.8689983616667,-87.6227987783333,288,true
Grid_Down_1-459.jpg,Grid_Down_1,15420994,1661213e797b266b004391fb8bf24f0bbbde7d1703c192caab3bd81c2a680f49,5467,3582,2020:06:27 11:48:57,41.8689442783333,-87.6227945833333,288,true
Grid_Down_1-46.jpg,Grid_Down_1,19011558,bd383d1454e59747460dc19c9902d1710b69b95cd475a5575ad63a9669e5df7a,5467,3582,2020:06:27 11:34:57,41.873033195,-87.623667195,263,true
Grid_Down_1-460.jpg,Grid_Down_1,15355404,0c962874eec8c031638bc2d662403a6c96b8f8c67e1d8034bb85cf94f115abad,5467,3582,2020:06:27 11:48:59,41.8688899166667,-87.6227930283333,288,true
Grid_Down_1-461.jpg,Grid_Down_1,15233465,7bf94c9e7737886f9e3679acfa5fce9f0841842f9a8af93fd87b2b5025a4fa25,5467,3582,2020:06:27 11:49:01,41.868833305,-87.6227903333333,288,true
Grid_Down_1-462.jpg,Grid_Down_1,15328749,32cf93dc4424aa2ca9b69cc46263165436b8568f525d7305c2a29c7a3d40e59d,5467,3582,2020:06:27 11:49:03,41.8687794166667,-87.6227870283333,288,true
Grid_Down_1-463.jpg,Grid_Down_1,15457226,c141476a49b609f8ad866d4015446da3b51197de6eaf554fc5eaed3d1ccdd82a,5467,3582,2020:06:27 11:49:05,41.8687260283333,-87.6227853333333,288,true
Grid_Down_1-464.jpg,Grid_Down_1,15467954,7f9fc41b8637c7429ad3e5337e5651c20aedbf6f7ba2f5601f2d427e76e1ddf8,5467,3582,2020:06:27 11:49:07,41.868671555,-87.62278325,288,true
Grid_Down_1-465.jpg,Grid_Down_1,15363072,4fc08fb44468db0da533a6ef2d48b034eda8c11476f14dd7006731f55fb34a65,5467,3582,2020:06:27 11:49:10,41.8686179166667,-87.622784305,288,true
Grid_Down_1-466.jpg,Grid_Down_1,15489865,cd4c39a2e20b09b0cb6d0a2f548d6cbaff41f60ca9a6a205d19aa5cb647de6ad,5467,3582,2020:06:27 11:49:12,41.8685620833333,-87.6227903333333,288,true
Grid_Down_1-467.jpg,Grid_Down_1,15605364,3732df0652684940ab3a9fda6ac0bc00e19d4b2523f44ff63a38a3bf9ad77199,5467,3582,2020:06:27 11:49:14,41.8685080283333,-87.6227945283333,288,true
Grid_Down_1-468.jpg,Grid_Down_1,15443319,c9d54fd8448685c4875c977130b865a0320a267289d3158e85dada1f99bb8ed6,5467,3582,2020:06:27 11:49:16,41.868453055,-87.622793055,287,true
Grid_Down_1-469.jpg,Grid_Down_1,15629586,8864d784f251aaf67159557bf4db3e9a38da1b1815bdbb7b9f4ba899fa6f95b9,5467,3582,2020:06:27 11:49:18,41.8683991116667,-87.6227879716667,287,true
Grid_Down_1-47.jpg,Grid_Down_1,18749603,cd8c472fbe5d1c30e6610abc8a4d24b824e3e026f47c3ae757563d21a3485ff1,5467,3582,2020:06:27 11:34:59,41.8730361383333,-87.6237396666667,263,true
Grid_Down_1-470.jpg,Grid_Down_1,16173663,4222cabb2488bfe441584580f6bbda2eb7cc28a194d15f2414285badd40f9cfa,5467,3582,2020:06:27 11:49:20,41.8683424716667,-87.622779055,287,true
Grid_Down_1-471.jpg,Grid_Down_1,16240588,12808fe9a9e2df8238243c4596360abf3237d23c7835eec33bbafb7ef154a3d5,5467,3582,2020:06:27 11:49:22,41.8682887783333,-87.622771055,287,true
Grid_Down_1-472.jpg,Grid_Down_1,16187744,8d3bf860d0749d856847ba709d93bea30d04afb71bd4789be4fed0477308b2c6,5467,3582,2020:06:27 11:49:24,41.8682358333333,-87.6227610283333,287,true
Grid_Down_1-473.jpg,Grid_Down_1,15995616,30b2e5fe155d86c40f171ec54e98c889158ca60adb64ac113fb1920bf6301e74,5467,3582,2020:06:27 11:49:26,41.86818225,-87.6227510833333,287,true
Grid_Down_1-474.jpg,Grid_Down_1,15796610,f3ffb1420c4a09f81369e0056391dcde015b76eea35128eee19625df7cebbe05,5467,3582,2020:06:27 11:49:28,41.86812925,-87.6227426666667,287,true
Grid_Down_1-475.jpg,Grid_Down_1,15498356,67c8575e66d36eed564945039cdc4e34a69419d62fb87e6ed2545dd62379367a,5467,3582,2020:06:27 11:49:30,41.86807375,-87.6227382783333,287,true
Grid_Down_1-476.jpg,Grid_Down_1,15236784,f87fb2ce2741bd7375f39bd8697f6ee200d5af4a7f9cf2cc73f3bd760e4e1130,5467,3582,2020:06:27 11:49:32,41.8680203616667,-87.622736695,287,true
Grid_Down_1-477.jpg,Grid_Down_1,14866767,bfb060fedb7579a541dd6d7ffd69205c8d8e8289abdbbea7134f574f3f48d4b0,5467,3582,2020:06:27 11:49:34,41.86796675,-87.6227345833333,286,true
Grid_Down_1-478.jpg,Grid_Down_1,14671457,6eda9e705987b313e84f09f0a4162a3106217671e4e7507d7da44ea2dc8abe3c,5467,3582,2020:06:27 11:49:36,41.8679136116667,-87.6227318883333,286,true
Grid_Down_1-479.jpg,Grid_Down_1,15810970,f29e4f4e28f738e75c80e2935e34dcc6f88b4fed10d5489a9d92074d200b83d5,5467,3582,2020:06:27 11:49:38,41.867860195,-87.6227288883333,286,true
Grid_Down_1-48.jpg,Grid_Down_1,18807729,fa217e56253fcc38e941d7fd4470173b001003cb9bbe3dc1cebaae1edb00de9b,5467,3582,2020:06:27 11:35:01,41.8730389166667,-87.623798305,263,true
Grid_Down_1-480.jpg,Grid_Down_1,15441011,d14efd9faec1724bd97e3ec54b8e19597941deaef56637b94d10ed18a142ba98,5467,3582,2020:06:27 11:49:40,41.8678040833333,-87.622725945,286,true
Grid_Down_1-481.jpg,Grid_Down_1,15123433,663e1835d521a31c8840a13434baaf81f896decd0d7b6d4b65ba10e508512b37,5467,3582,2020:06:27 11:49:42,41.8677494716667,-87.6227228333333,286,true
Grid_Down_1-482.jpg,Grid_Down_1,14889776,f0b9ef53221a19dc68f519cf9709a6337150163a69c1f9ff8de0f57d0a1f7be3,5467,3582,2020:06:27 11:49:44,41.867695445,-87.6227193883333,286,true
Grid_Down_1-483.jpg,Grid_Down_1,14479636,7b8253bad6d8020ab530d7057de002915a67d8bc8ead76afc15aa80d69cebee0,5467,3582,2020:06:27 11:49:46,41.8676409716667,-87.6227143883333,286,true
Grid_Down_1-484.jpg,Grid_Down_1,14125860,9a9491034bc3907ab860f39193b136da54f896380bbb421d7f4f16e654353288,5467,3582,2020:06:27 11:49:48,41.8675865833333,-87.6227097216667,286,true
Grid_Down_1-485.jpg,Grid_Down_1,13791053,9b43f8362ea31950ab87270e0c768d244c6587208a2d9aeb949a2951d1dddf46,5467,3582,2020:06:27 11:49:50,41.8675350833333,-87.6227039166667,286,true
Grid_Down_1-49.jpg,Grid_Down_1,18735442,d60c8325acb2937ae4f7b81f96e6fe8c6cc5ca62ebcb3a02633debb777b0e3d4,5467,3582,2020:06:27 11:35:03,41.873041305,-87.6238337783333,263,true
Grid_Down_1-5.jpg,Grid_Down_1,19506168,703606bc8441b69c8d63e9c300c5d6f72546b441913b3969ae086dfce91773d2,5467,3582,2020:06:27 11:33:25,41.8729840283333,-87.6213146383333,242,true
Grid_Down_1-50.jpg,Grid_Down_1,18455754,9a1ea413385b178ebbb13fbaf118f847072d70cc3c1d62be1875de12c861ecbe,5467,3582,2020:06:27 11:35:05,41.8730411116667,-87.62387375,263,true
Grid_Down_1-51.jpg,Grid_Down_1,18213290,f66223de13cf4539eccd4147c2e0ddb565fc7cf7fabf205832974d5aecb59819,5467,3582,2020:06:27 11:35:07,41.87304025,-87.6239354716667,263,true
Grid_Down_1-52.jpg,Grid_Down_1,18037319,7165a1718fef73519a3c395b35c8f38388b56b2d3b9fad3ecba409be213f493f,5467,3582,2020:06:27 11:35:09,41.8730390283333,-87.6239902783333,263,true
Grid_Down_1-53.jpg,Grid_Down_1,17867710,737880de7131305020d15aff62c1288601fd16f9041825b5efb0970c25bb8247,5467,3582,2020:06:27 11:35:11,41.873038305,-87.6240221116667,265,true
Grid_Down_1-54.jpg,Grid_Down_1,17726146,935d81a84a934bd4494ca790149e9f3b434802aefb3f26e0e6bb2c1cfde73680,5467,3582,2020:06:27 11:35:13,41.8730373883333,-87.6240386666667,269,true
Grid_Down_1-55.jpg,Grid_Down_1,17507336,81f52e7d305b2b31b9549a7448586d76bb38dadfed69482306f643f9c1a56694,5467,3582,2020:06:27 11:35:15,41.873036055,-87.6240676116667,275,true
Grid_Down_1-56.jpg,Grid_Down_1,16810157,2beb9817a788b3ff407133a350ebdb5a825aba0a9d9caee7c43b4f2dae10225b,5467,3582,2020:06:27 11:35:17,41.8730355833333,-87.624095195,281,true
Grid_Down_1-57.jpg,Grid_Down_1,16212499,b6787670bd7ffcc440b02d95ecc7e32a19955ce572fd970f41f22c114cd8f6bd,5467,3582,2020:06:27 11:35:19,41.8730349166667,-87.6241279166667,284,true
Grid_Down_1-58.jpg,Grid_Down_1,15733649,0e8c89a77fdcbd4c8db38c6e5e2f3d87c12a9b85b45808d6f639ca3b6153ed3b,5467,3582,2020:06:27 11:35:21,41.873034055,-87.6241683883333,285,true
Grid_Down_1-59.jpg,Grid_Down_1,15183785,1096c26bb21505e834fe472b00c2e796cd9de06a427a0d564112cfd336d8f7b5,5467,3582,2020:06:27 11:35:23,41.8730343883333,-87.6242201116667,285,true
Grid_Down_1-6.jpg,Grid_Down_1,19733745,8aab092d6549e863d9e8996b094841fef6f561dd67891f3ce6bf2ba3a8634757,5467,3582,2020:06:27 11:33:27,41.872981,-87.621373945,243,true
Grid_Down_1-60.jpg,Grid_Down_1,14991037,7bcd75d7c176981aebe61e03396baf35762089697beebd8a6f4e39188d901feb,5467,3582,2020:06:27 11:35:25,41.8730338883333,-87.6242570283333,285,true
Grid_Down_1-61.jpg,Grid_Down_1,14449635,0d4c4315d84c19034fea9269c97ac564a82bf837d7c0805c2bb1aac1de27eaa5,5467,3582,2020:06:27 11:35:27,41.8730332216667,-87.6242706116667,285,true
Grid_Down_1-62.jpg,Grid_Down_1,14291011,c9b37685598f5d47db302304127bd598736ce752e06f85bcbb75e974d7ecc970,5467,3582,2020:06:27 11:35:29,41.873032,-87.6242733616667,285,true
Grid_Down_1-63.jpg,Grid_Down_1,14299782,25add21e1e694ee3914d768a63a656f539ce4804c6051726434c0807fb9ab186,5467,3582,2020:06:27 11:35:31,41.8730315283333,-87.6242722783333,285,true
Grid_Down_1-64.jpg,Grid_Down_1,14447015,81a3b2f0248ed89c590a6274b1997796f45e011df927db60d33afe7be923b96a,5467,3582,2020:06:27 11:35:33,41.8730318333333,-87.6242708883333,286,true
Grid_Down_1-65.jpg,Grid_Down_1,14335068,e5eafbad461b365affd5af4d40cf2494869887329673fca3daadff08a4e4a91b,5467,3582,2020:06:27 11:35:35,41.8730321666667,-87.6242691116667,286,true
Grid_Down_1-66.jpg,Grid_Down_1,15037391,df9e8ee95b9f21512134f76accc47992662fcb8df529aa95a94ef6df78629ae1,5467,3582,2020:06:27 11:35:37,41.873032555,-87.624269195,286,true
Grid_Down_1-67.jpg,Grid_Down_1,15365743,5c809e8cd903aabf37286c59a6074762d1e1b3c4c7a7dbe96de23c300df11bf4,5467,3582,2020:06:27 11:35:39,41.8730326666667,-87.62426975,286,true
Grid_Down_1-68.jpg,Grid_Down_1,15438509,60f9ac6ed1f8e1b58b01091e7413eb4f5bc4dec90302c286911ca73d8a55dab2,5467,3582,2020:06:27 11:35:41,41.8730328616667,-87.6242707216667,286,true
Grid_Down_1-69.jpg,Grid_Down_1,15598665,4a3d2eaa6e1066e1d9e411c791bf1cfc804540473e1a5411be0e0c0ebac5ef85,5467,3582,2020:06:27 11:35:43,41.8730196116667,-87.6242700833333,286,true
Grid_Down_1-7.jpg,Grid_Down_1,19797621,df5cdf8a4b41b17dada4761cd1d2db08b166b8c500f463c1d1fadd3d7fa6c017,5467,3582,2020:06:27 11:33:29,41.872977055,-87.621436945,247,true
Grid_Down_1-70.jpg,Grid_Down_1,15828404,0c8d532efd0a789a9eb66b7f582c8e06684f5043ea79ecac7edd55964f63165a,5467,3582,2020:06:27 11:35:45,41.8729936666667,-87.624266695,286,true
Grid_Down_1-71.jpg,Grid_Down_1,16088562,0675b75f486b323540ef3fc8bd0248858c1c4c3eacbc205c8307c467f52ff087,5467,3582,2020:06:27 11:35:47,41.872968445,-87.624263945,287,true
Grid_Down_1-72.jpg,Grid_Down_1,16221847,d46a5fcbeb6d5bd1cf4e1eea3036280bbe04ca13f28ad044e26b1dc495f31f39,5467,3582,2020:06:27 11:35:49,41.8729448883333,-87.6242618883333,288,true
Grid_Down_1-73.jpg,Grid_Down_1,16686365,9b60c9bc4ae6baa5803c05fc8f76da7db3af0429876c2984f5fa29a2b680ee79,5467,3582,2020:06:27 11:35:51,41.8729289716667,-87.6242508883333,289,true
Grid_Down_1-74.jpg,Grid_Down_1,16928602,3aab9372df29470cacba664a8abe6c5243b77d0a3e631491dc0e7761c7899e09,5467,3582,2020:06:27 11:35:53,41.87292425,-87.6242251383333,289,true
Grid_Down_1-75.jpg,Grid_Down_1,17241907,92f2f7b57b936950a5cc4a9ae85faf6b4df0377c376c199908607c1f86a81615,5467,3582,2020:06:27 11:35:55,41.8729192783333,-87.6241940283333,289,true
Grid_Down_1-76.jpg,Grid_Down_1,17268105,11b75f2a02f9f66098cb9933ad44c0b1e25240034d1d6aea5b3d3dfb69cc2284,5467,3582,2020:06:27 11:35:57,41.8728892783333,-87.62418075,289,true
Grid_Down_1-77.jpg,Grid_Down_1,17259254,7699e1b1d98a9e0cacf30d5eb64d0c944b1f07210901b2fb21d2c175605f98be,5467,3582,2020:06:27 11:35:59,41.87284475,-87.6241765,289,true
Grid_Down_1-78.jpg,Grid_Down_1,17354653,f3c0293121ca28700bbd3e168c8d6322803bbd81d2e07f7679bfb60b9e7f6580,5467,3582,2020:06:27 11:36:01,41.8727943333333,-87.6241753883333,289,true
Grid_Down_1-79.jpg,Grid_Down_1,17686548,0a9448515e2684be84f09970f7e86392c1b8d326ab266dcb2afa296c6333de31,5467,3582,2020:06:27 11:36:03,41.872741305,-87.624176945,289,true
Grid_Down_1-8.jpg,Grid_Down_1,19866825,e00549ae5fec8d8fb003fa370992bf645f4487b68ff31267f07bf36ed5316a26,5467,3582,2020:06:27 11:33:31,41.872972945,-87.6215066116667,252,true
Grid_Down_1-80.jpg,Grid_Down_1,18150801,f7d1beb3fb351fd610c6a52eda1500d64f6aa6074b24dca878edc89fdd83a02a,5467,3582,2020:06:27 11:36:05,41.8726844166667,-87.6241788616667,289,true
Grid_Down_1-81.jpg,Grid_Down_1,18187410,ec60721832ad9bc01aed5673c89aaef054bbc1f2d45b45787ff9cf749bd0e047,5467,3582,2020:06:27 11:36:07,41.8726309716667,-87.6241818616667,289,true
Grid_Down_1-82.jpg,Grid_Down_1,17753010,65cd2dc22ad294039d4f0f27a97ffb8943c5546b930df4c55bfb5646fa40a84e,5467,3582,2020:06:27 11:36:09,41.8725780833333,-87.6241855,289,true
Grid_Down_1-83.jpg,Grid_Down_1,17986280,39c6570ab0823d4af834ff8378dc00dcf5a6b2f3f01b3a160fd1bd242648cd96,5467,3582,2020:06:27 11:36:11,41.8725247783333,-87.6241915283333,289,true
Grid_Down_1-84.jpg,Grid_Down_1,18039822,10d3dab54a66f6d192db4911aaec72bb5cc87188fd7db89459a45dc77c55aac2,5467,3582,2020:06:27 11:36:13,41.872472445,-87.6241901666667,288,true
Grid_Down_1-85.jpg,Grid_Down_1,17757990,9e4655d5f8d14f817c4183f0f48fb67b69fd6514409791934d2180b6b8fb0852,5467,3582,2020:06:27 11:36:16,41.872420305,-87.6241845833333,288,true
Grid_Down_1-86.jpg,Grid_Down_1,17977394,bf8ab1bc58ae0ddcb3cd9c14db5c5fcd7637e7599e2932ab5c69ccb4f8a2d39c,5467,3582,2020:06:27 11:36:18,41.8723637216667,-87.6241783616667,288,true
Grid_Down_1-87.jpg,Grid_Down_1,18000649,2e493dac7127b41bfad0f0ecb8ca600a89df98bf881d248f2f6a33eab058551d,5467,3582,2020:06:27 11:36:20,41.872309195,-87.6241723883333,288,true
Grid_Down_1-88.jpg,Grid_Down_1,17852179,3d94505d117022cab7addb8046e6fb36c029ac009552111775a2bf7dbbbdf968,5467,3582,2020:06:27 11:36:22,41.8722558883333,-87.6241692783333,288,true
Grid_Down_1-89.jpg,Grid_Down_1,17591166,0de62e2b65f5d1693b8e03ffec1d5d921c1e4abe436d4cfecf489fa194657454,5467,3582,2020:06:27 11:36:24,41.8722,-87.6241645,288,true
Grid_Down_1-9.jpg,Grid_Down_1,19723659,af3e7ea0a5650f3ca0ea02d8eaac09a565994baa16f7ef3211b9ae9624f79775,5467,3582,2020:06:27 11:33:33,41.8729690283333,-87.621576195,255,true
Grid_Down_1-90.jpg,Grid_Down_1,17646241,3dd417769a90d1777fef918dac02940c9d1a3ac55b5abf8ddc023dff3f288ec0,5467,3582,2020:06:27 11:36:26,41.8721448883333,-87.6241577216667,288,true
Grid_Down_1-91.jpg,Grid_Down_1,17723043,d47daa493fb6ff2415fb3bda68843e8a7db587819a3228716b9912e35bf13821,5467,3582,2020:06:27 11:36:28,41.872086,-87.62415075,288,true
Grid_Down_1-92.jpg,Grid_Down_1,17556929,41ec5634dddb137a711cb2b7665d20d9efce5041c123f180777e76764297bcbb,5467,3582,2020:06:27 11:36:30,41.872031805,-87.6241414166667,288,true
Grid_Down_1-93.jpg,Grid_Down_1,17408110,0ce75de8a72f56d27568d5f60f932539a67049a258c54c3d77bb6243b3aedd12,5467,3582,2020:06:27 11:36:32,41.8719778883333,-87.624133055,288,true
Grid_Down_1-94.jpg,Grid_Down_1,17506408,e7d513737d8ba1978d30d8a5ac458ffebb405c8d7887ccacfb263c80dcb538ec,5467,3582,2020:06:27 11:36:34,41.8719236383333,-87.6241270833333,288,true
Grid_Down_1-95.jpg,Grid_Down_1,17518789,59c19335f6723c4332fbaf4f3c51ca310b3e67946edb0b527c88271f428d2b36,5467,3582,2020:06:27 11:36:36,41.8718702783333,-87.62412375,288,true
Grid_Down_1-96.jpg,Grid_Down_1,17436089,6d4d3bdfd54780c9d00b4397775ba5afd782f504eeb587cebeb86a56b56b8c1e,5467,3582,2020:06:27 11:36:38,41.8718134166667,-87.624122695,288,true
Grid_Down_1-97.jpg,Grid_Down_1,17832007,f425de30c444a45d61a2f32abb3a6e8ed1d60a78aad3025f58093fbdd66cc965,5467,3582,2020:06:27 11:36:40,41.87176125,-87.6241222216667,288,true
Grid_Down_1-98.jpg,Grid_Down_1,17633447,ba6437e3ac04c39cba7d1e2303b9e4de8ee8bf257dd622734cf5bf7eb5cd9845,5467,3582,2020:06:27 11:36:42,41.8717092783333,-87.624121305,288,true
Grid_Down_1-99.jpg,Grid_Down_1,17947223,aa9cd376332be361d8c0f598f3ddf168bad63fc808e9f83e452a4a700e4804d3,5467,3582,2020:06:27 11:36:44,41.871656055,-87.6241164166667,288,true
Grid_Down_2-1.jpg,Grid_Down_2,15936416,f90bd165b1530111410442fc9f25f2fcdb2a00e479de3e3743c9fd6bc0433cd2,5467,3582,2020:06:27 11:55:33,41.8679363333333,-87.6220884166667,296,true
Grid_Down_2-10.jpg,Grid_Down_2,16130397,ff98ed9302b5055938f2ccb6b6a5bc8e853430149f7a65456da09dd68c009cfd,5467,3582,2020:06:27 11:56:00,41.8676362783333,-87.622059,297,true
Grid_Down_2-100.jpg,Grid_Down_2,17758598,efbfbc8c17330bc44856f98d5991e12e3a6769c2d47d5d3345b4d5f03f8f2f0a,5467,3582,2020:06:27 12:00:32,41.8719084716667,-87.6222396116667,281,true
Grid_Down_2-101.jpg,Grid_Down_2,17917927,8151751454a180a7b0eb78627226a0fd1d8cbcfd55fb313b540d71f85f065a19,5467,3582,2020:06:27 12:00:35,41.871988,-87.622239055,282,true
Grid_Down_2-102.jpg,Grid_Down_2,18018752,982444da29298f4191474563c7d2ae91fd747f678e920bbca6792a4fee1a26e4,5467,3582,2020:06:27 12:00:38,41.8720666666667,-87.6222501116667,282,true
Grid_Down_2-103.jpg,Grid_Down_2,18076483,85fa614c04fc28056e6f35c13c594497f6e4186b1794975f4e84ef3a438e02a9,5467,3582,2020:06:27 12:00:41,41.8721366116667,-87.6222899716667,282,true
Grid_Down_2-104.jpg,Grid_Down_2,18130495,b973414b581364b6a365b97041ca9e10e19de685ef009a88ab280ab93ef9e83b,5467,3582,2020:06:27 12:00:44,41.8722090833333,-87.622337945,282,true
Grid_Down_2-105.jpg,Grid_Down_2,18317223,34747031e05d140029961cc3721cf78eb8060b13802ba195c056c87fe115b04f,5467,3582,2020:06:27 12:00:47,41.8722859166667,-87.6223479166667,282,true
Grid_Down_2-106.jpg,Grid_Down_2,18438919,4251ea6dc8d738ec4d7daf23a19195772f3b80abcf7c2419dcf5458edb3def64,5467,3582,2020:06:27 12:00:50,41.8723658883333,-87.622344695,282,true
Grid_Down_2-107.jpg,Grid_Down_2,18432434,c5626cd5bf49e00450f25672619a47f95c05a8fce00074ecc6ddd3cd412eb5c0,5467,3582,2020:06:27 12:00:53,41.872447805,-87.62234025,281,true
Grid_Down_2-108.jpg,Grid_Down_2,18406547,3a2184d9037fb7b9e06fd63d28cf7988e6d2da1a49b1c7cdfee70d1237e890fa,5467,3582,2020:06:27 12:00:56,41.8725288333333,-87.6223355833333,281,true
Grid_Down_2-109.jpg,Grid_Down_2,18509062,53fc76e12c728f177167ce131d372cb73b9162c31bc49254893a54a0cbc9a926,5467,3582,2020:06:27 12:00:59,41.872608555,-87.6223274166667,281,true
Grid_Down_2-11.jpg,Grid_Down_2,16246037,c073537a4681072cc0b0dbbab222ec295aa7fc2c58f72a8413f6db49043ba97f,5467,3582,2020:06:27 11:56:03,41.8676388333333,-87.6219591116667,297,true
Grid_Down_2-110.jpg,Grid_Down_2,18611951,04bdf581ef35cc586c2876b4eb41508ded297038961b87c1f7629f1366f37417,5467,3582,2020:06:27 12:01:02,41.8726907783333,-87.6223123616667,281,true
Grid_Down_2-111.jpg,Grid_Down_2,18703991,27642bcdbf23f860b29204fd82fb4bbe15f49a90747b90768560bd18e2daf220,5467,3582,2020:06:27 12:01:05,41.8727705,-87.6223177783333,281,true
Grid_Down_2-112.jpg,Grid_Down_2,18654313,782eac4df29d5f156a0831394fd222a101965280af8f6885a17b68e327d6daac,5467,3582,2020:06:27 12:01:08,41.8728453616667,-87.6223448333333,281,true
Grid_Down_2-113.jpg,Grid_Down_2,18553844,35a32d32a29aad89c5d25d84ed02bfbd9ecc87f1bd3e87eaef000257279f59cb,5467,3582,2020:06:27 12:01:11,41.8729241666667,-87.6223501383333,281,true
Grid_Down_2-114.jpg,Grid_Down_2,18401859,c3c393cbabaa080ac387a644c2051fdc1bf22ed9442c321df3eebc322b5de60a,5467,3582,2020:06:27 12:01:14,41.87300775,-87.622347055,281,true
Grid_Down_2-115.jpg,Grid_Down_2,17735655,2ee782b31d0632a32071c1ba80db53fda88ce54608a35f1f916132a58c0c1e48,5467,3582,2020:06:27 12:01:17,41.8730888616667,-87.6223426383333,281,true
Grid_Down_2-116.jpg,Grid_Down_2,17346193,4aa91fd52b3b6a2673ac7b12ffd6d985a37725d23a94bb62445e51798da7303a,5467,3582,2020:06:27 12:01:20,41.8731697783333,-87.6223377216667,281,true
Grid_Down_2-117.jpg,Grid_Down_2,16831179,31ce0b95d78870cb1aa1be4c62093e59f9d236f00555b594659129133fc2ee76,5467,3582,2020:06:27 12:01:23,41.87325175,-87.6223335833333,281,true
Grid_Down_2-118.jpg,Grid_Down_2,16952819,0d7e213cd73f920ccf58c71570740ffc2dcfacdbeaaf09f2f1b439aee95f2844,5467,3582,2020:06:27 12:01:26,41.8733307783333,-87.622333055,281,true
Grid_Down_2-119.jpg,Grid_Down_2,17065764,3903ddf91c861b2770fb1daf2fc0faae46e464e7fea255adf16f69a36f449e67,5467,3582,2020:06:27 12:01:29,41.8734125833333,-87.6223290283333,281,true
Grid_Down_2-12.jpg,Grid_Down_2,16108488,c328a26efe0450d6ebda862a9e013277d12be1f91d1a8a61c33c42f7f4b1becf,5467,3582,2020:06:27 11:56:06,41.8676427783333,-87.6218525,297,true
Grid_Down_2-120.jpg,Grid_Down_2,17257787,286003f83c01efa4cb75cabe82932049d826419661a105d5804ab7be2b670e39,5467,3582,2020:06:27 12:01:32,41.87349425,-87.6223236666667,281,true
Grid_Down_2-121.jpg,Grid_Down_2,17328315,f1b901428fa39eea4e508eda2d0e388be35aae65106cea925745718c1a8869aa,5467,3582,2020:06:27 12:01:35,41.873575055,-87.622320305,281,true
Grid_Down_2-122.jpg,Grid_Down_2,17437171,77f3643cd345ad30ec3824e4ca5b43cfeccf0d284866382a2d2aab018ddfee8e,5467,3582,2020:06:27 12:01:38,41.8736101116667,-87.622281945,281,true
Grid_Down_2-123.jpg,Grid_Down_2,17501802,509fd2e9f8ac5aeb7f347000799d883e4631ba4db918048c9653ba1337745e91,5467,3582,2020:06:27 12:01:41,41.8736139716667,-87.62218575,281,true
Grid_Down_2-124.jpg,Grid_Down_2,17607005,4b3e1f79554acff458e22bb5710f5471eb592e0ea6d0b8d6cfcdd0155c004394,5467,3582,2020:06:27 12:01:44,41.8736109716667,-87.622074805,281,true
Grid_Down_2-125.jpg,Grid_Down_2,17914346,5716b585677f16cd21c920603f38468df87bdcfe0ad535e8af8a7e368d6ecc8b,5467,3582,2020:06:27 12:01:47,41.8736068616667,-87.6219671666667,281,true
Grid_Down_2-126.jpg,Grid_Down_2,19779988,6140bfe4a1d4d3c144093c3b0c69b31670f73ed7374800cc1269855aae2137f0,5467,3582,2020:06:27 12:01:50,41.8736029166667,-87.621857805,282,true
Grid_Down_2-127.jpg,Grid_Down_2,19838095,f7ad2c2cbe54a46ea954e627f274520450867a5fa3c80b5935d6bdf755288351,5467,3582,2020:06:27 12:01:53,41.87360025,-87.6217522216667,282,true
Grid_Down_2-128.jpg,Grid_Down_2,20069389,7ac8dc92262a836d12bdfcd4c7eac2707410fdb0b391816139f17e39d9f532fd,5467,3582,2020:06:27 12:01:56,41.8735894716667,-87.6216942783333,282,true
Grid_Down_2-129.jpg,Grid_Down_2,19599787,01e47621b0cd4bb76b894ecc9b6d6a189b09d12aacaa1de7f1d69c89c1026400,5467,3582,2020:06:27 12:01:59,41.8735290283333,-87.621685805,282,true
Grid_Down_2-13.jpg,Grid_Down_2,16140086,2bad09aef51fca162ca259d1e783775332e2e9b2b0fb5107dffaf0f66687b900,5467,3582,2020:06:27 11:56:09,41.867644695,-87.621736695,297,true
Grid_Down_2-130.jpg,Grid_Down_2,19081942,caf94d000f2951826ca59739cfda995b91be8fd0648c0b4d779b44ac5210fe9b,5467,3582,2020:06:27 12:02:02,41.87345025,-87.621686945,282,true
Grid_Down_2-131.jpg,Grid_Down_2,19192027,5b7509883ad6fcc44443110a4a1ba43e400fa9229f11e3c278d61bcbdc34ae5f,5467,3582,2020:06:27 12:02:05,41.8733678883333,-87.621677445,281,true
Grid_Down_2-132.jpg,Grid_Down_2,19235386,bf7abf38f59a7dfa92d3a3bd689f6b664b328b98df2ef23abf8d705e3a948502,5467,3582,2020:06:27 12:02:08,41.873287805,-87.6216681116667,281,true
Grid_Down_2-133.jpg,Grid_Down_2,18455496,981181251d6310f600868c5be5781ae3ecc05f83e26de2ee3b69d832e6fdb9fa,5467,3582,2020:06:27 12:02:11,41.873257445,-87.6216656666667,281,true
Grid_Down_2-134.jpg,Grid_Down_2,18264449,66a7c8bb74333a93a4aac69bf33ded9afe9b0204bc9043fe2c124a239c7e0685,5467,3582,2020:06:27 12:02:14,41.8732545,-87.6216608616667,282,true
Grid_Down_2-135.jpg,Grid_Down_2,18927028,f00b11dbeea18e845892d39c838cb2ecac83e0ad1b85907ff1cc82180e49fe27,5467,3582,2020:06:27 12:02:17,41.873256305,-87.621657055,282,true
Grid_Down_2-136.jpg,Grid_Down_2,18634246,890d64f6fa2665767eb6bdcf2dfc6e446b26ebaae20308312f27bdc172ab5d81,5467,3582,2020:06:27 12:02:20,41.8732572783333,-87.6216571116667,282,true
Grid_Down_2-137.jpg,Grid_Down_2,18608275,beea227ba0b4f39900e6047ecfa68cf7701797a671438ce33cb846bb07b61ee6,5467,3582,2020:06:27 12:02:23,41.873257555,-87.6216578616667,282,true
Grid_Down_2-138.jpg,Grid_Down_2,19056692,01221b2cf9a362f47cc5feae0c0e7f782d030f133e1c0897f9fb59ef82c711c9,5467,3582,2020:06:27 12:02:26,41.8732584716667,-87.6216596666667,282,true
Grid_Down_2-139.jpg,Grid_Down_2,19053593,e97a3aa117ca83ff0bb9a7fd476cfbeb1f32cdc4bc64297c539952047bc1628e,5467,3582,2020:06:27 12:02:30,41.8732590833333,-87.6216606383333,282,true
Grid_Down_2-14.jpg,Grid_Down_2,16213417,bac07f61e6c3bc01b716b03942c361bf201052dd8817779ff2914890842fd9ec,5467,3582,2020:06:27 11:56:12,41.8676486116667,-87.6216317783333,297,true
Grid_Down_2-140.jpg,Grid_Down_2,19164090,26362f60e4d70c6c129aefab183e36bf46f3f180cf64e27feff1aa9b7a7ec415,5467,3582,2020:06:27 12:02:33,41.8732292216667,-87.6216600833333,282,true
Grid_Down_2-141.jpg,Grid_Down_2,19274760,3ff3ab5128a98a74aa149e84ecf4d83ab64676431b791ca4b504b8e09f32d471,5467,3582,2020:06:27 12:02:36,41.8731580283333,-87.621658695,282,true
Grid_Down_2-142.jpg,Grid_Down_2,19320626,1b6011ef2d4e4ca034db5956b798ded51c2320a335918feb99509e19eea9e2d5,5467,3582,2020:06:27 12:02:39,41.8730773883333,-87.621661555,282,true
Grid_Down_2-143.jpg,Grid_Down_2,19065320,126fcc019831e2036c96e23a703e16fa59f4425bd6481185fef6d72bd3965d10,5467,3582,2020:06:27 12:02:42,41.8729942216667,-87.6216633333333,282,true
Grid_Down_2-144.jpg,Grid_Down_2,18702064,aa5d9a6f39b539c5f59b72251b5602897786943c69074bff5c4e9bf8d47f8c33,5467,3582,2020:06:27 12:02:45,41.8729079166667,-87.6216631666667,282,true
Grid_Down_2-145.jpg,Grid_Down_2,18479477,e1e1a43464d665466bf1805a127b9b7583216018894cec7ea2832c1ed33daa90,5467,3582,2020:06:27 12:02:48,41.872825,-87.6216621116667,282,true
Grid_Down_2-146.jpg,Grid_Down_2,18098217,c5705e5f2c750e6abc2484803254f499981e207643a2a5b37e1403d0f9f1dafe,5467,3582,2020:06:27 12:02:51,41.872741945,-87.6216628333333,282,true
Grid_Down_2-147.jpg,Grid_Down_2,18467775,e3ca5feb72ef984b0868990521669e448c571627b7284a6469f65cd9694e7ab4,5467,3582,2020:06:27 12:02:54,41.8726576116667,-87.6216670833333,282,true
Grid_Down_2-148.jpg,Grid_Down_2,18941212,89ee353fe6d1a213905a4eda6f32d976df75f5bd790e24bdbe895ab5929296d7,5467,3582,2020:06:27 12:02:57,41.8725751116667,-87.621670445,282,true
Grid_Down_2-149.jpg,Grid_Down_2,18992671,725993d153f1ae733c78c330b87995c64617dd170ab0d3dc09a215006c25840d,5467,3582,2020:06:27 12:03:00,41.8724916666667,-87.6216749716667,284,true
Grid_Down_2-15.jpg,Grid_Down_2,16174282,df0026ac5a722cf1503666a45467775143c72f9f9d8000e72bf7bac2629fc457,5467,3582,2020:06:27 11:56:15,41.8676528883333,-87.6215336666667,297,true
Grid_Down_2-150.jpg,Grid_Down_2,18768789,043f3f49d8783530d42dc0b90c3a07e28107540db337f223988ab6ee77c8e365,5467,3582,2020:06:27 12:03:03,41.8724064166667,-87.621678445,285,true
Grid_Down_2-151.jpg,Grid_Down_2,18661642,8fca91a34592e8bfe3ac5de4177179451ab90eab95bdae809607d679f21811d3,5467,3582,2020:06:27 12:03:06,41.8723238333333,-87.6216813333333,286,true
Grid_Down_2-152.jpg,Grid_Down_2,18856361,6404963f7623782d91dcadd76c1c2bcefd245b4209402827e5c27c636c5b2c80,5467,3582,2020:06:27 12:03:09,41.872242805,-87.6216845,286,true
Grid_Down_2-153.jpg,Grid_Down_2,18973856,65d6d7281672cbe521ea2f34a281b3a20b79862e80ac81ab190b92002ff8ad98,5467,3582,2020:06:27 12:03:12,41.8721613333333,-87.621686945,286,true
Grid_Down_2-154.jpg,Grid_Down_2,18850537,eca2dce08bd4a9cd38cd8eefddbcab1d45b5f3109d35f78a94836569d6f1136f,5467,3582,2020:06:27 12:03:15,41.8720799166667,-87.6216888883333,286,true
Grid_Down_2-155.jpg,Grid_Down_2,18856182,522ee5a549b3b787928684610187c0be74f72b9413b10f34bb754ae1fc2486cb,5467,3582,2020:06:27 12:03:18,41.8719946383333,-87.6216912783333,286,true
Grid_Down_2-156.jpg,Grid_Down_2,18628548,1d9ff7ca9576fbedc78be0aa1b0d08631bf62eec12f6df271a842228c27cf919,5467,3582,2020:06:27 12:03:21,41.8719137216667,-87.6216938333333,286,true
Grid_Down_2-157.jpg,Grid_Down_2,18703331,32bf97229de0f0ee607be25c15a8728dab8205fc967153d6aa63ddc2f67d93dd,5467,3582,2020:06:27 12:03:24,41.8718314716667,-87.6216970283333,286,true
Grid_Down_2-158.jpg,Grid_Down_2,18677080,89ef24194ebff51950fbc6c9564e7e9d30b12879f95097ab36226ef8c4a025dd,5467,3582,2020:06:27 12:03:27,41.8717489716667,-87.6217001116667,286,true
Grid_Down_2-159.jpg,Grid_Down_2,18818436,09c2d5fc0ef5ddc6735f47b47f8eb06f04b99cc503f52493c26c9b5b20b1777d,5467,3582,2020:06:27 12:03:30,41.87166775,-87.6217025833333,286,true
Grid_Down_2-16.jpg,Grid_Down_2,15996551,2d6e0322ccaac395d2da03e4a7ec531678a8735b65ba4b42408bcb1303b7200e,5467,3582,2020:06:27 11:56:18,41.8676534716667,-87.6214275283333,298,true
Grid_Down_2-160.jpg,Grid_Down_2,18430956,1ab1703f3b1e79a5ae44c286078442c9c44f6368c4a9e58d675e5b0eb7c7b151,5467,3582,2020:06:27 12:03:33,41.8715883616667,-87.621707055,286,true
Grid_Down_2-161.jpg,Grid_Down_2,17086816,4376e29cef751ad5f9e0d294d8833332d757fd8900af774c6071f6da3f18fcbf,5467,3582,2020:06:27 12:03:36,41.871506445,-87.62171175,287,true
Grid_Down_2-162.jpg,Grid_Down_2,16635566,2df6054e275b0614a014aad4338b56b32e0872bf6b9f61f2f7ca9a76c4a0a1b0,5467,3582,2020:06:27 12:03:39,41.8714278616667,-87.6217188616667,287,true
Grid_Down_2-163.jpg,Grid_Down_2,16157200,1dd32c2908399a43aa8ea79f2219bf28041c1e5058a4ee6b0c1a3452dba43513,5467,3582,2020:06:27 12:03:42,41.8713459716667,-87.6217219166667,287,true
Grid_Down_2-164.jpg,Grid_Down_2,15961680,37fe1903150a70f80cf6d53b146a230b5d16675fd9ca0fc3a6bc36fa6b0083fd,5467,3582,2020:06:27 12:03:45,41.8712677216667,-87.621724945,287,true
Grid_Down_2-165.jpg,Grid_Down_2,15677740,ae91f925a62e5e36cf3de8782f6f0ed9912c0b66ffb00a8a4dfbb5600c9a04d9,5467,3582,2020:06:27 12:03:48,41.8711838333333,-87.6217316383333,288,true
Grid_Down_2-166.jpg,Grid_Down_2,15275646,202282053721470b79d88ed38cc8f3c8d7e0646f797b48ebd3135876d6b32d15,5467,3582,2020:06:27 12:03:51,41.8711009166667,-87.6217300283333,287,true
Grid_Down_2-167.jpg,Grid_Down_2,15916185,eb2b6df811fba0bb00ffdbd353a5c72ce6d62da1c7951fff7298ee412b991464,5467,3582,2020:06:27 12:03:54,41.8710180833333,-87.6217315283333,287,true
Grid_Down_2-168.jpg,Grid_Down_2,15997447,1ef896663d0cabd94bacca7c78f81dfc6b70b41d42f4f323a888532eef953772,5467,3582,2020:06:27 12:03:57,41.8709372216667,-87.6217341383333,287,true
Grid_Down_2-169.jpg,Grid_Down_2,16024322,18e38ca89d8104abf236db9f8b10fef4893d5b1b7bb380f8f2ab017550d2b699,5467,3582,2020:06:27 12:04:00,41.8708568883333,-87.6217396666667,287,true
Grid_Down_2-17.jpg,Grid_Down_2,15938965,e06ced82f0073268611a84b2a05a579be0c72722ff26e6342188fa1e6483a4ad,5467,3582,2020:06:27 11:56:21,41.8676518883333,-87.6213246116667,297,true
Grid_Down_2-170.jpg,Grid_Down_2,15852156,6ac922f22a49a4d5667666af3daf7e26e1a00f80932d6b853dea58c833c0461b,5467,3582,2020:06:27 12:04:03,41.870772305,-87.621744055,287,true
Grid_Down_2-171.jpg,Grid_Down_2,15673107,2d7996a0aa3505cb934deffad76e0d2d97ba971988f0af18b7ebbd9c29c20fed,5467,3582,2020:06:27 12:04:06,41.87068875,-87.6217471666667,287,true
Grid_Down_2-172.jpg,Grid_Down_2,16097340,4b4977dd86c6376da06b7fbc851e9103abd9d46b62e4734dc8211d655cdfefa6,5467,3582,2020:06:27 12:04:09,41.8706064716667,-87.6217501383333,287,true
Grid_Down_2-173.jpg,Grid_Down_2,16260036,3d9f37790879bcd403be24351b3964e1cb3c97c1ac528c70f1117ca9ef4da62a,5467,3582,2020:06:27 12:04:12,41.8705244166667,-87.621754945,287,true
Grid_Down_2-174.jpg,Grid_Down_2,16441098,4cca3b15d3bc90f27b7eb60b61f1cb39d5e68fe5d9332bca9077a0b50c2d492a,5467,3582,2020:06:27 12:04:15,41.8704432783333,-87.6217586383333,287,true
Grid_Down_2-175.jpg,Grid_Down_2,16720422,bba9e9ac3741397e52d7319aee3710b690ad75463c053685edb966c175fb326f,5467,3582,2020:06:27 12:04:18,41.8703585283333,-87.6217640833333,287,true
Grid_Down_2-176.jpg,Grid_Down_2,17064356,08aa5093ec64388fd4cf5759e5a1ffc2db291fed4c971bd0a23d9890de8c0c6d,5467,3582,2020:06:27 12:04:21,41.8702777216667,-87.621768445,287,true
Grid_Down_2-177.jpg,Grid_Down_2,16232640,8c282ca38f7dca9ae665cc294718cca18d9c641141242c1e02bbbb37c7b311d7,5467,3582,2020:06:27 12:04:24,41.8701949716667,-87.6217729166667,287,true
Grid_Down_2-178.jpg,Grid_Down_2,17270873,ce025c3e5b10e22cc61978ac1888fe37ded40a34570a61b03be54402fb9beeba,5467,3582,2020:06:27 12:04:27,41.870112,-87.6217765283333,287,true
Grid_Down_2-179.jpg,Grid_Down_2,17223469,ddd8f613266136c54b1a4610f28aaff4ac965f14072781af911c51f472a08fb4,5467,3582,2020:06:27 12:04:30,41.87003025,-87.621780055,287,true
Grid_Down_2-18.jpg,Grid_Down_2,15894074,ecf9ef114e0d0e6e90502c2eff6868a291a795d958a58a7abd9e46684c16ecf6,5467,3582,2020:06:27 11:56:24,41.8676520833333,-87.6212324716667,296,true
Grid_Down_2-180.jpg,Grid_Down_2,17323944,71440ceb72a230ffbb8e2f9a204d8edfd22de3199d9076c9719ff7f7cf4af89b,5467,3582,2020:06:27 12:04:33,41.869946305,-87.6217846116667,287,true
Grid_Down_2-181.jpg,Grid_Down_2,17511227,ac4b0683059998a0d607ee4f681b98a46c20b0e0ffb168002c2068ada0e4b9a8,5467,3582,2020:06:27 12:04:36,41.8698658616667,-87.621789555,287,true
Grid_Down_2-182.jpg,Grid_Down_2,17452822,84959897cfaabf88c7aa58bd9543d6082d14b7642018fc9f0fb1afc5db4a58f1,5467,3582,2020:06:27 12:04:39,41.8697845,-87.621794,287,true
Grid_Down_2-183.jpg,Grid_Down_2,17120692,da50868a9261869c107f396402d33e025363234ba27c0ac68eddc19637922bbc,5467,3582,2020:06:27 12:04:42,41.8697031666667,-87.6217982216667,287,true
Grid_Down_2-184.jpg,Grid_Down_2,17105250,5f4696ddd50fa6fad31de4a2526ff78b2df2527a5d5c01a830b5176fe1c574d3,5467,3582,2020:06:27 12:04:45,41.869628695,-87.6218020833333,288,true
Grid_Down_2-185.jpg,Grid_Down_2,17062710,b9a994ab95202e6210c19af2fe8fac31cb913497b4b24fff13a41b50ec2fd460,5467,3582,2020:06:27 12:04:48,41.8695610283333,-87.6218058616667,288,true
Grid_Down_2-186.jpg,Grid_Down_2,17049332,b715c3c4b67090f12923b902262cff5d3d82d07720ae113a57d90855ba9178bc,5467,3582,2020:06:27 12:04:51,41.8694826116667,-87.6218096116667,287,true
Grid_Down_2-187.jpg,Grid_Down_2,16989640,74853042723233dd4b7a7ff5096e67ca9142439c03d9a0958e0e5edc68bb91aa,5467,3582,2020:06:27 12:04:54,41.8694016383333,-87.6218135833333,287,true
Grid_Down_2-188.jpg,Grid_Down_2,16888751,be96861444670ceaede98058df19f61dd0767fc032fd66130d5cef8d7ce06a82,5467,3582,2020:06:27 12:04:58,41.869318945,-87.6218171116667,287,true
Grid_Down_2-189.jpg,Grid_Down_2,16798149,54103e6cc65ec9eb2938b332ba5f0aad2863bff764f3006fa09433d1e82b7d6d,5467,3582,2020:06:27 12:05:01,41.869252945,-87.6218192216667,287,true
Grid_Down_2-19.jpg,Grid_Down_2,15939761,4e9a35606fc57c9d2aed4b931628618b2bd1fa9b831b1a59e8084c59564ae603,5467,3582,2020:06:27 11:56:27,41.8676548616667,-87.6211344166667,296,true
Grid_Down_2-190.jpg,Grid_Down_2,16041686,8fedde70de6756ca12f2b4ae3fcfa9528099e065fabac349ae0ab3676d21349a,5467,3582,2020:06:27 12:05:04,41.8692342783333,-87.62181975,287,true
Grid_Down_2-191.jpg,Grid_Down_2,16072393,017732106580a5ac25f219df54fb9fd1e7048010e029ccadfb215bee731fbce5,5467,3582,2020:06:27 12:05:07,41.8692288616667,-87.6218190283333,287,true
Grid_Down_2-192.jpg,Grid_Down_2,15922176,2a64211ec2e81e3219b62a6e4d9fd513fa7506b513eb35993d234b6796115a0d,5467,3582,2020:06:27 12:05:10,41.869183305,-87.6218193883333,287,true
Grid_Down_2-193.jpg,Grid_Down_2,15682951,ab0ad6eb3bc37c4ba3b9684b7fbeb3a62010e1b9201ef3b489df2a5c788fb3dd,5467,3582,2020:06:27 12:05:13,41.8691275833333,-87.621821055,287,true
Grid_Down_2-194.jpg,Grid_Down_2,15743295,49c2110a10efeb13f1ba9230ebfd5fe309673482f40853ba2d4e836416eda45f,5467,3582,2020:06:27 12:05:16,41.8690517216667,-87.6218252783333,287,true
Grid_Down_2-195.jpg,Grid_Down_2,15497258,5c15eb76ac6715649a31123e3f78ab881e0961562058dd63ac76e726411c521c,5467,3582,2020:06:27 12:05:19,41.8689677216667,-87.621831055,286,true
Grid_Down_2-196.jpg,Grid_Down_2,15575440,262224693bb7a59a139c8bd5be3f76c330e1a6ebe49e5e05c38cf12391654d76,5467,3582,2020:06:27 12:05:22,41.8688868883333,-87.621834445,286,true
Grid_Down_2-197.jpg,Grid_Down_2,15735710,de1e7e387b4bfd91c9ea87b8c4d771f541b99b48e9663c89689d6fcb11f09b7b,5467,3582,2020:06:27 12:05:25,41.8688053333333,-87.6218369716667,286,true
Grid_Down_2-198.jpg,Grid_Down_2,15639744,5081656b2c43919bebb68691309a5b09e0878d2de300d5d599e22d6619160016,5467,3582,2020:06:27 12:05:28,41.8687230283333,-87.6218387216667,286,true
Grid_Down_2-199.jpg,Grid_Down_2,15694090,134bc58e4bb7356706fd66caa59e152177d983f02fd5e6ed97968af94edf0fdd,5467,3582,2020:06:27 12:05:31,41.8686404716667,-87.6218408616667,286,true
Grid_Down_2-2.jpg,Grid_Down_2,15796743,2afe74476f9be6e824fa21a8fa67593136da7893a702b2bf4a368d04debdfb54,5467,3582,2020:06:27 11:55:36,41.8679150283333,-87.622088445,296,true
Grid_Down_2-20.jpg,Grid_Down_2,16053691,e82fa1549833e67093f6e455a18f5fc6eddb4a4f1643593537d70421e726c13d,5467,3582,2020:06:27 11:56:30,41.8676591666667,-87.6210245283333,296,true
Grid_Down_2-200.jpg,Grid_Down_2,15662013,16bbd611daafe8d90d0cd93a21d88a9129d1e4f46f30b6c3ca7af87eacecd1e6,5467,3582,2020:06:27 12:05:34,41.868556195,-87.6218436116667,286,true
Grid_Down_2-201.jpg,Grid_Down_2,16120029,e237ab203e073a4e653800f0370f5db48afd4e58f5c60077eaa4b2d8733d7518,5467,3582,2020:06:27 12:05:37,41.8684763883333,-87.6218398616667,286,true
Grid_Down_2-202.jpg,Grid_Down_2,15773068,295cdddee4ea1107d2af51d2ff54fbb701b55ef95e1aa6083b51084f7ac06b39,5467,3582,2020:06:27 12:05:40,41.8683966116667,-87.6218220833333,286,true
Grid_Down_2-203.jpg,Grid_Down_2,15795643,9d596167d842e840a3517de67afcc6c510cd5cf381a7f0438f88a3597599091b,5467,3582,2020:06:27 12:05:43,41.8683157783333,-87.6218106383333,286,true
Grid_Down_2-204.jpg,Grid_Down_2,15961832,b77ec89997787b675a155c6e56470618fd92bf5a0db00a0da1eb1e3d7044d87b,5467,3582,2020:06:27 12:05:46,41.8682341666667,-87.6218125,286,true
Grid_Down_2-205.jpg,Grid_Down_2,15793783,afd43cf6906212707dfc0c6ad888fb311fa73ba5a8bf95902e7d66b64718315c,5467,3582,2020:06:27 12:05:49,41.868149305,-87.6218175,287,true
Grid_Down_2-206.jpg,Grid_Down_2,15524555,41e5345fc4cd852849aabed0381b53615620c5d65b18c6a4131b158174606a03,5467,3582,2020:06:27 12:05:52,41.868067945,-87.6218220283333,286,true
Grid_Down_2-207.jpg,Grid_Down_2,15173790,c4bb82d45f93bd7c980ffbba6c236200635beefef888275bb45e3f61dd2c89a0,5467,3582,2020:06:27 12:05:55,41.8680015283333,-87.6218250833333,286,true
Grid_Down_2-208.jpg,Grid_Down_2,14729927,66e92a173cd3b4d5a0f4506dc50f52869d7e97934d9839532470dc4f1ba2e594,5467,3582,2020:06:27 12:05:58,41.867929,-87.62183025,286,true
Grid_Down_2-209.jpg,Grid_Down_2,14379948,fa5a4398cc7fd56c18902806f984bf756fe19db05d2d3795debedd48687f0016,5467,3582,2020:06:27 12:06:01,41.8678718616667,-87.6218286116667,286,true
Grid_Down_2-21.jpg,Grid_Down_2,16111573,8eaf2047c130b5f4c2e8737e5142a8c3a4bcad727fbf9ff8be0c4e3686aae51b,5467,3582,2020:06:27 11:56:33,41.867662195,-87.6209126383333,296,true
Grid_Down_2-210.jpg,Grid_Down_2,14291986,4018019c0b55e58356c4fa76079ca1188159fc55fcfc69f242bffa34c356bc37,5467,3582,2020:06:27 12:06:04,41.8678525283333,-87.6217698333333,286,true
Grid_Down_2-211.jpg,Grid_Down_2,14229306,121e3de952af7a9b23d3610da7b19fb3e20a92709abf2788448db3e4cfece6e6,5467,3582,2020:06:27 12:06:07,41.8678593883333,-87.621667945,286,true
Grid_Down_2-212.jpg,Grid_Down_2,14656795,2ad4d8668f693f945cb153bd676657bc2841a4e5555da38946a467de83b72971,5467,3582,2020:06:27 12:06:10,41.8678776666667,-87.6215629166667,286,true
Grid_Down_2-213.jpg,Grid_Down_2,14888695,3c4bc3282705c4f31ebc4b63b590594d6b668d479437ba813d4174e1c030c8f7,5467,3582,2020:06:27 12:06:13,41.8678833333333,-87.6214561116667,286,true
Grid_Down_2-214.jpg,Grid_Down_2,14918017,58fb1a096b5550a68b078791b43eb658daf9f4869c206c4dcad99cd4e770bedf,5467,3582,2020:06:27 12:06:16,41.8678800833333,-87.6213481666667,286,true
Grid_Down_2-215.jpg,Grid_Down_2,14683641,20a6616a0eea870f0ad7807e5e4845b8f2f8747b9e5fb07b961a6e16cbd7ef9c,5467,3582,2020:06:27 12:06:19,41.8678768333333,-87.6212361116667,286,true
Grid_Down_2-216.jpg,Grid_Down_2,14553293,1ac765320de704a3c8fe06530bea06d354544bf5594fe9e463a2391c5a5b50a0,5467,3582,2020:06:27 12:06:22,41.867879945,-87.6211800283333,286,true
Grid_Down_2-217.jpg,Grid_Down_2,15320747,1f44b89677a27650d23ea1c4ea5c32b9b76aa625161460887d5a75baa068631e,5467,3582,2020:06:27 12:06:25,41.867884,-87.621171695,286,true
Grid_Down_2-218.jpg,Grid_Down_2,15459239,023a067c09886a8ceb7a89647d78ec4a0161074cceef9b1391d581b55582a3bd,5467,3582,2020:06:27 12:06:28,41.8678863883333,-87.6211731666667,286,true
Grid_Down_2-219.jpg,Grid_Down_2,15115062,4fd982c697761d4a466df28dfc18647250090b293d4646908c8b8ed82bdf5620,5467,3582,2020:06:27 12:06:31,41.8678856383333,-87.6211758616667,286,true
Grid_Down_2-22.jpg,Grid_Down_2,16248598,df9c39fd884a6239caa20bc56ef6a3d620f8cbdb1f58a4b392cd985bfa8a8b5d,5467,3582,2020:06:27 11:56:36,41.86765925,-87.6208005283333,297,true
Grid_Down_2-220.jpg,Grid_Down_2,14764730,9b761ec07b008e5c4f66b061880e7fd870099dfd86afece32a31a3ceb41c6a80,5467,3582,2020:06:27 12:06:34,41.8678865283333,-87.6211773883333,286,true
Grid_Down_2-221.jpg,Grid_Down_2,14520410,41988640c61d72d32bd3fe4a93fe59a74a02f930a91f97fca0f266947f1fad85,5467,3582,2020:06:27 12:06:37,41.8678874166667,-87.62117775,286,true
Grid_Down_2-222.jpg,Grid_Down_2,14452339,b59cf0e64b31df69aeb774a2cce452a6b53fc677c4572705227debb673790a89,5467,3582,2020:06:27 12:06:40,41.8678798883333,-87.6211737783333,286,true
Grid_Down_2-223.jpg,Grid_Down_2,14275493,7152da9ece8031b5a6db118c92c464b789d56b9f9477736d6b2d10c9bd9f4fbb,5467,3582,2020:06:27 12:06:43,41.86784975,-87.6211676666667,286,true
Grid_Down_2-224.jpg,Grid_Down_2,12824436,94cf5ebc0c379113dd39952f5fed3863771060fc33b4f4c74c04e792a1a5bffc,5467,3582,2020:06:27 12:06:46,41.867824945,-87.6211652783333,286,true
Grid_Down_2-225.jpg,Grid_Down_2,14487954,09847843d834e9149906f6508cb154a34f01905bbc9a8af8576baee5cb2f8e63,5467,3582,2020:06:27 12:06:49,41.8678227216667,-87.621165055,286,true
Grid_Down_2-226.jpg,Grid_Down_2,14527140,f401031f98ee8d08732241382ae736da6d17679916f8bea495384988bafe893a,5467,3582,2020:06:27 12:06:52,41.8678235,-87.6211651666667,286,true
Grid_Down_2-227.jpg,Grid_Down_2,14522942,8f65515d5551acd3e585df85178d705dede6db9e86b293fcfa4513ac49873b7a,5467,3582,2020:06:27 12:06:55,41.8678343616667,-87.6211638616667,287,true
Grid_Down_2-228.jpg,Grid_Down_2,14342785,66e59908511d35dab5cafdb969ac20b5ce34e5494c27daf2b42092768c6c7120,5467,3582,2020:06:27 12:06:58,41.8678788333333,-87.6211643616667,287,true
Grid_Down_2-229.jpg,Grid_Down_2,14439809,5c5910743a04bd66a6bad85f813580a68c9a463048ce3c5acc3228e4e0c7ce25,5467,3582,2020:06:27 12:07:01,41.86794,-87.6211668883333,287,true
Grid_Down_2-23.jpg,Grid_Down_2,16368540,b1462716b53ef8167e2818a1b83fba165d0e85c9d900efbb362bda0b55a80ec6,5467,3582,2020:06:27 11:56:39,41.8676531383333,-87.6206920283333,297,true
Grid_Down_2-230.jpg,Grid_Down_2,14528012,a172b1c615cdf4b1030b68060bf72d8e5b1024009775481d9db8b699f89b6f97,5467,3582,2020:06:27 12:07:04,41.8680096383333,-87.621172,287,true
Grid_Down_2-231.jpg,Grid_Down_2,14483205,dce0f2ea559cc96dc0b33fe9d079c3e6a62a2981470669e0d24f119218ea80ca,5467,3582,2020:06:27 12:07:07,41.8680855833333,-87.6211773333333,287,true
Grid_Down_2-232.jpg,Grid_Down_2,14660027,b20d21fa326052f1251c03250eaf7d0901e2ce60efb9747de057e957131eb8a9,5467,3582,2020:06:27 12:07:10,41.86814875,-87.6211804166667,287,true
Grid_Down_2-233.jpg,Grid_Down_2,14705331,4aee81e5ea819c2f24cb8533fc2bba148ca4cadc9b4ed3057d16b38ddded164e,5467,3582,2020:06:27 12:07:13,41.8681793883333,-87.6211638333333,287,true
Grid_Down_2-234.jpg,Grid_Down_2,14810539,88526fe986886d20461a6fa1dffff36c23ee8e72f2c14c50840a368fdad99d9e,5467,3582,2020:06:27 12:07:16,41.8682161666667,-87.6211406666667,287,true
Grid_Down_2-235.jpg,Grid_Down_2,15008408,6d20c6a47db3c65c052bd495c00602e007df859bd446cba2041195628980dfa2,5467,3582,2020:06:27 12:07:19,41.868282695,-87.6211117783333,287,true
Grid_Down_2-236.jpg,Grid_Down_2,15413515,b459b188dd760e3eb73dfc4436fa37bf803ee638cb06795266797bd9eb66ea34,5467,3582,2020:06:27 12:07:22,41.8683565283333,-87.6210674716667,287,true
Grid_Down_2-237.jpg,Grid_Down_2,15723990,4e8ad0235933d97f393d50cac833c6c82a3287a4e431e5ba4a4747601b49099d,5467,3582,2020:06:27 12:07:25,41.868433695,-87.6210400283333,287,true
Grid_Down_2-238.jpg,Grid_Down_2,15806377,607c102cc92c59686218bb6943ccd73bd0a484afc144ff97dcef26fac7e851a5,5467,3582,2020:06:27 12:07:28,41.86851225,-87.621016,287,true
Grid_Down_2-239.jpg,Grid_Down_2,15499556,c67fdbcab82ef01b687c1475d92cd05190355c1897a9f4fb6575d2ccd8d1a063,5467,3582,2020:06:27 12:07:31,41.8685915,-87.620994305,287,true
Grid_Down_2-24.jpg,Grid_Down_2,16263359,e1f5251a59106cac9e561d0c6a8fddcec0559a32ecbc0f930418856f2f48b7a7,5467,3582,2020:06:27 11:56:42,41.8676514166667,-87.6206317783333,297,true
Grid_Down_2-240.jpg,Grid_Down_2,15642278,8d3f59ad7805687ae6fb2ff829002ade71db88aacbe55024b74ff7b541fb4266,5467,3582,2020:06:27 12:07:34,41.8686711383333,-87.62097625,287,true
Grid_Down_2-241.jpg,Grid_Down_2,15602081,a7eeecaa62cb032021d00be49b0df440fc17aa2d07a694ac3af7fa3e827cd2d9,5467,3582,2020:06:27 12:07:38,41.86875125,-87.6209592216667,287,true
Grid_Down_2-242.jpg,Grid_Down_2,15674313,5ac5511d66c20d4ce264138ea79276d9527fb41a75c83d977a6c5d9c8a2162b2,5467,3582,2020:06:27 12:07:41,41.8688333333333,-87.6209422783333,287,true
Grid_Down_2-243.jpg,Grid_Down_2,15985500,16fbac674a8ab24435c34d4ce4fe767eb24fca740708cd6a45831061f493ac41,5467,3582,2020:06:27 12:07:44,41.8689091383333,-87.620925695,287,true
Grid_Down_2-244.jpg,Grid_Down_2,16306496,e4a67ee6b2b9462c62b891e456c91e424836347780c6d9ffae60c4fc5bfcecd7,5467,3582,2020:06:27 12:07:47,41.868987055,-87.6209101116667,287,true
Grid_Down_2-245.jpg,Grid_Down_2,16417267,2caf341bcec36899d8d246c3b51a2ba0c1510996fe1780a8bdf5b36467bb315d,5467,3582,2020:06:27 12:07:50,41.8690653883333,-87.62089075,287,true
Grid_Down_2-246.jpg,Grid_Down_2,16578116,f106a8f14f207ca4595963c3c71802fa673f5a9585fe5c61301b9403638d4355,5467,3582,2020:06:27 12:07:53,41.869143445,-87.6208691666667,287,true
Grid_Down_2-247.jpg,Grid_Down_2,16680468,93b543d8d295e980cdef3fbe1e309d2095203fb6dcfc7c8c3bfd2112d396dc84,5467,3582,2020:06:27 12:07:56,41.8692063616667,-87.6208704166667,287,true
Grid_Down_2-248.jpg,Grid_Down_2,16636005,28612642e4d2d06ab99038d8cff49bfb025d38bd48729c76a9e1b8a44f92de77,5467,3582,2020:06:27 12:07:59,41.8692321383333,-87.620903445,286,true
Grid_Down_2-249.jpg,Grid_Down_2,16646925,1926fbee1a8e91c1a79f73ac6fec88d552615a7acb8e407d1c77d6e971efd4a7,5467,3582,2020:06:27 12:08:02,41.8692417783333,-87.620964945,287,true
Grid_Down_2-25.jpg,Grid_Down_2,16447175,4bf0d5ce4611c3a960b25665653d475217b24ec4953de563ec173a3aef6a7d9a,5467,3582,2020:06:27 11:56:45,41.867648445,-87.6206267216667,297,true
Grid_Down_2-250.jpg,Grid_Down_2,16506556,c27422e71b0db5fa9c6c05e3dfd80d524b35850c88fb9f5691aa51611db99f46,5467,3582,2020:06:27 12:08:05,41.8692488883333,-87.6210038333333,287,true
Grid_Down_2-251.jpg,Grid_Down_2,16495028,766f421674c97a76bd0a76e1326c0559357f5dbb142ddc96f9ede9f0f9ba3a48,5467,3582,2020:06:27 12:08:08,41.8693028616667,-87.6210120283333,287,true
Grid_Down_2-252.jpg,Grid_Down_2,16752029,d6a2fcf1d4d602d0beda98333f1ed00d58efcac0870f05015cd0f83e0600884a,5467,3582,2020:06:27 12:08:11,41.86937625,-87.62101575,287,true
Grid_Down_2-253.jpg,Grid_Down_2,16721590,d0ae845811c258e08d9e89b6ffbf9ac83adbe813494656f9313b83d9d180bdd5,5467,3582,2020:06:27 12:08:14,41.8694576383333,-87.621018195,287,true
Grid_Down_2-254.jpg,Grid_Down_2,16453094,a1d5368efe2a2f9dea9d0fdb4164b87d21ea187336465ced0ad92c2ec3a0cbae,5467,3582,2020:06:27 12:08:17,41.8695395833333,-87.6210215,287,true
Grid_Down_2-255.jpg,Grid_Down_2,16457860,cd1b3034789f4db4951780683445896d8ff81b4a02e61e56d37a4e5f073564fe,5467,3582,2020:06:27 12:08:20,41.8696216666667,-87.621022195,287,true
Grid_Down_2-256.jpg,Grid_Down_2,16426029,f188e40b2e810397c53078eab222d2d8f839667f24605e524a8ca8b9331131d8,5467,3582,2020:06:27 12:08:23,41.8697036383333,-87.6210260283333,287,true
Grid_Down_2-257.jpg,Grid_Down_2,17184584,ec43c7047561c178c21dd31ebb71069fb6b2e76f0526e1e1bd415f6a045dbb63,5467,3582,2020:06:27 12:08:26,41.8697881666667,-87.6210310283333,287,true
Grid_Down_2-258.jpg,Grid_Down_2,17049392,501adc8239314ff23f6a093031d53434601a7fb7e388a469f2f0375dbd35574d,5467,3582,2020:06:27 12:08:29,41.8698710833333,-87.621041055,287,true
Grid_Down_2-259.jpg,Grid_Down_2,16871891,3aaad045c303de09e9098173c9da6b29ed807cfdef829330ed6bcced6c1536dc,5467,3582,2020:06:27 12:08:32,41.869952555,-87.6210593883333,287,true
Grid_Down_2-26.jpg,Grid_Down_2,15865094,71cf4c57c7c274a7f1057a198c565e28af222b0b50c4e5630d51e9480764ad7f,5467,3582,2020:06:27 11:56:48,41.8676475283333,-87.6206283333333,297,true
Grid_Down_2-260.jpg,Grid_Down_2,16555971,27de85a4cf8f26a7313ac65610508811e1b8899c271c026844249da908beafb6,5467,3582,2020:06:27 12:08:35,41.870033945,-87.6210628616667,287,true
Grid_Down_2-261.jpg,Grid_Down_2,16023454,efaaa555583c3d9cb5b7c1438481057f6021d08e24fc366fae3a648db8f99a5f,5467,3582,2020:06:27 12:08:38,41.870115305,-87.6210616383333,287,true
Grid_Down_2-262.jpg,Grid_Down_2,16634136,32d9055c8bdc1909a8dbd7168ec2ed81633ad783c8a514c81ac611a7a9a2d623,5467,3582,2020:06:27 12:08:41,41.87019625,-87.6210597783333,287,true
Grid_Down_2-263.jpg,Grid_Down_2,16246758,83f8a718a934174e151338f0808d753d63fee2e801c9ba78f960ee42ae32ec3a,5467,3582,2020:06:27 12:08:44,41.870278,-87.6210613333333,287,true
Grid_Down_2-264.jpg,Grid_Down_2,16205732,5d2a1bc033c73b669cbf28c357df3a87c82f2fed2773fce6b78e91ae0c2b4c7a,5467,3582,2020:06:27 12:08:47,41.870362,-87.621063555,287,true
Grid_Down_2-265.jpg,Grid_Down_2,16003419,e351aabf9909228352430d2ed6f0933bbc8df9a56b3d89e22e0ad81b0a4eafde,5467,3582,2020:06:27 12:08:50,41.8704434166667,-87.6210677216667,287,true
Grid_Down_2-266.jpg,Grid_Down_2,15837793,4d8fe3ab18787fecfe9c1f98e7cc3c899674c107e4cb20bb142cc0a908113db0,5467,3582,2020:06:27 12:08:53,41.870523695,-87.621073555,287,true
Grid_Down_2-267.jpg,Grid_Down_2,15705977,0d06c509ecfbab06cc401b9fc34f35ea6c483d0aab916d639a573a750479e8d4,5467,3582,2020:06:27 12:08:56,41.8706041116667,-87.6210805833333,287,true
Grid_Down_2-268.jpg,Grid_Down_2,15752044,24aa74f73013b8da86e57af9243aab032d744caf25286808bf11b0f8849eddbb,5467,3582,2020:06:27 12:08:59,41.8706853616667,-87.62108075,287,true
Grid_Down_2-269.jpg,Grid_Down_2,15551321,731b322f0b167c425abd6fe0e19216da44dd6c20b763e440c868c5d0c928bb00,5467,3582,2020:06:27 12:09:02,41.870768555,-87.621080195,287,true
Grid_Down_2-27.jpg,Grid_Down_2,16267690,e8d431cb0de706158de0461a25d6a2e4f31bccbfec2c176a41e8b5d1250adbb1,5467,3582,2020:06:27 11:56:51,41.8676564716667,-87.6206318616667,297,true
Grid_Down_2-270.jpg,Grid_Down_2,16451676,ad7cf4acafa54d4b9e164cab8ee13a2b2327901048db4ec4c6932bf9ac217a40,5467,3582,2020:06:27 12:09:05,41.8708514166667,-87.6210787783333,287,true
Grid_Down_2-271.jpg,Grid_Down_2,16336572,cbcc52affe0100d270ff2a2bb0efbe6143bcbf4513378377cb9b5cbab136ca95,5467,3582,2020:06:27 12:09:08,41.8709337783333,-87.6210774166667,287,true
Grid_Down_2-272.jpg,Grid_Down_2,16375759,4b86b522d4d19593eae498f253a142d55e7aa2d5127b19dd62d0e8bfe6382629,5467,3582,2020:06:27 12:09:11,41.8710133333333,-87.6210781116667,287,true
Grid_Down_2-273.jpg,Grid_Down_2,16366172,9536db7092a1c6cce2e0bd4e726892ed8ad5822556f0fcade9049ce9e87e215a,5467,3582,2020:06:27 12:09:14,41.871095945,-87.621077,287,true
Grid_Down_2-274.jpg,Grid_Down_2,16453883,ff04763a5c15e6d36cdb94d92e506f28da9f76642e76bb6ea908ede150e29a44,5467,3582,2020:06:27 12:09:17,41.8711763616667,-87.6210744716667,287,true
Grid_Down_2-275.jpg,Grid_Down_2,16389689,e92032ee61509ef3b23ac80d539cd036581809247b88ba2c9d6a6c123e819e6c,5467,3582,2020:06:27 12:09:20,41.871257,-87.621072305,287,true
Grid_Down_2-276.jpg,Grid_Down_2,16194424,c4c4d9c5a643680a6e0e5eb3ee1d7785c0776d2c6b2147cf79f1b9c4f96967f9,5467,3582,2020:06:27 12:09:23,41.871338055,-87.62106875,287,true
Grid_Down_2-277.jpg,Grid_Down_2,16417909,38e0d7526a67e693d18aae3908a8560455a1d3d15a91ba19ae9cd421f715c32f,5467,3582,2020:06:27 12:09:26,41.871419305,-87.6210719716667,288,true
Grid_Down_2-278.jpg,Grid_Down_2,16295019,a0033d3c3ef04c8c196c502a9f9c17e31663b64b486f9d3bb5ebc7054b3d7dda,5467,3582,2020:06:27 12:09:29,41.8715014716667,-87.6210727216667,288,true
Grid_Down_2-279.jpg,Grid_Down_2,16314952,8bd1752b39976fab8425261d174dfb2e4cd073a81ab5f62a1cf701a74928ffef,5467,3582,2020:06:27 12:09:32,41.8715835833333,-87.6210759166667,288,true
Grid_Down_2-28.jpg,Grid_Down_2,16082121,4d3d5311413e1724448a5b8ed1eb1c2a141d4097c64214afc4262d3deec538c1,5467,3582,2020:06:27 11:56:54,41.8677091666667,-87.620626055,297,true
Grid_Down_2-280.jpg,Grid_Down_2,16388141,de661db85788b51d2323774580f194f0d58b34103cd03426858a4844471b4a6e,5467,3582,2020:06:27 12:09:35,41.8716655833333,-87.6210756666667,288,true
Grid_Down_2-281.jpg,Grid_Down_2,16397017,6c56063cedd47ba7a3d14768309ef77c8726ca6bd0ef7715f532c7fe84bd5c53,5467,3582,2020:06:27 12:09:38,41.8717487783333,-87.621073055,288,true
Grid_Down_2-282.jpg,Grid_Down_2,16571940,ba185ac4c739cab1afca715d6e0a55f87a985b463d11f84a1dce821ce4a3a2a1,5467,3582,2020:06:27 12:09:41,41.8718326666667,-87.621071445,288,true
Grid_Down_2-283.jpg,Grid_Down_2,16860034,060e392bb1d962f25ac5febd25ff323f4342a260423509eef620a0b8e04b53b3,5467,3582,2020:06:27 12:09:44,41.871918805,-87.6210695,287,true
Grid_Down_2-284.jpg,Grid_Down_2,16837690,1afc28eb37114e6d1678907324ac05bd767613d3a9f0736fd7cd948c98e1aa06,5467,3582,2020:06:27 12:09:47,41.872000945,-87.6210696666667,287,true
Grid_Down_2-285.jpg,Grid_Down_2,16569708,7a3e63563b2f4d71114da304a4aaa1e86355476accc983d16c1dd7624a8dd71d,5467,3582,2020:06:27 12:09:50,41.8720818616667,-87.6210701116667,287,true
Grid_Down_2-286.jpg,Grid_Down_2,17935202,624609f663b83ae7a0ae85a7812375cdfee033e5315aa6dddbe16d5e0199ea45,5467,3582,2020:06:27 12:09:53,41.872161445,-87.621072445,287,true
Grid_Down_2-287.jpg,Grid_Down_2,17149843,eeb1815c4eeaf0b00302b6031c026e9314985d1ab766729f09a8863bfd080f7a,5467,3582,2020:06:27 12:09:56,41.8722418883333,-87.6210744166667,287,true
Grid_Down_2-288.jpg,Grid_Down_2,16913951,49b1f8921a5fc669f16ab41471a41d4f814207d56c08575a7350892443312e12,5467,3582,2020:06:27 12:09:59,41.8723229716667,-87.6210733616667,287,true
Grid_Down_2-289.jpg,Grid_Down_2,17839931,82dcaa74973c616b0c1d28b8fb67970f6403df469212fbe2206e3b92ea125d6f,5467,3582,2020:06:27 12:10:02,41.8724038333333,-87.6210666666667,287,true
Grid_Down_2-29.jpg,Grid_Down_2,15934585,d52c336a86be96dfd383e16ce1902982e95fb2fad345d77843648111a33d5ca2,5467,3582,2020:06:27 11:56:57,41.867735695,-87.6206728333333,297,true
Grid_Down_2-290.jpg,Grid_Down_2,16916385,f1341b6706fdf13a1868ffcadfd76a8a27355d0a99bd1f33594cfd428a93025d,5467,3582,2020:06:27 12:10:05,41.8724877783333,-87.6210634166667,287,true
Grid_Down_2-291.jpg,Grid_Down_2,17191347,0d2c1fd72ea1236868df36f158cc4efca7bb0909c566eba11cca903c0407b665,5467,3582,2020:06:27 12:10:08,41.8725683883333,-87.6210602216667,287,true
Grid_Down_2-292.jpg,Grid_Down_2,16789605,f81506a0e206bffaa49d49551062c01cb1a8975dbcb3ff9c5e57599badb3e5fc,5467,3582,2020:06:27 12:10:11,41.8726498333333,-87.6210579166667,287,true
Grid_Down_2-293.jpg,Grid_Down_2,16286534,21f58089988f17f686bec994250f22d304f9ac3b1bd5221623706c26a906ae20,5467,3582,2020:06:27 12:10:15,41.8727328333333,-87.6210553883333,287,true
Grid_Down_2-294.jpg,Grid_Down_2,17392550,dbaf369ccd800d8579122f388a5ed1ad5b2dcebe287c15d5510c11b560b39181,5467,3582,2020:06:27 12:10:18,41.8728166116667,-87.621053195,287,true
Grid_Down_2-295.jpg,Grid_Down_2,17435435,cb4515f120a1d2493c48fbfa1e0b33d39898646ead7757a295ac781d998ff0a5,5467,3582,2020:06:27 12:10:21,41.8728947783333,-87.6210523616667,287,true
Grid_Down_2-296.jpg,Grid_Down_2,16894922,4fbfbca9cbaa8c5225684607bc708ff5ad6a3160e8460f6d8ac2084ac6f7b13c,5467,3582,2020:06:27 12:10:24,41.8729750283333,-87.6210541666667,287,true
Grid_Down_2-297.jpg,Grid_Down_2,16121866,3821a2e0c8e23198f9889a477dfb892ed05439ce0800cd29521ad301a11cab3b,5467,3582,2020:06:27 12:10:27,41.8730536383333,-87.6210547216667,288,true
Grid_Down_2-298.jpg,Grid_Down_2,15727626,ce26a97299cfebdae2a388fdb157f11b951a520834636f0c50ce5f0b850bf731,5467,3582,2020:06:27 12:10:30,41.8731312783333,-87.6210545,287,true
Grid_Down_2-299.jpg,Grid_Down_2,15949582,4e4c7a350ed2700edd160530185e7c031294f461a462fd2b46b181e4dd6316d9,5467,3582,2020:06:27 12:10:33,41.8731653616667,-87.6210526383333,287,true
Grid_Down_2-3.jpg,Grid_Down_2,15774167,da0be6d93ccfad786051dd6c35a027825968cbff7842f43b2e64dd49350a48c3,5467,3582,2020:06:27 11:55:39,41.867860305,-87.622089,296,true
Grid_Down_2-30.jpg,Grid_Down_2,15899316,388ea77d597a43edcac583438d15a33df91aa149802aa84c64e64238cda6b10d,5467,3582,2020:06:27 11:57:00,41.8677566666667,-87.6207598883333,296,true
Grid_Down_2-300.jpg,Grid_Down_2,15959082,0312e2ff94e6c5c02dd243319ff8991e63c31c9db73dca9f30caf1f44102d99f,5467,3582,2020:06:27 12:10:36,41.8731716666667,-87.6210407216667,287,true
Grid_Down_2-301.jpg,Grid_Down_2,15949631,d1a32fddec221a155a211f2b50e790e3a1c14cf7663c15dd830820d784277309,5467,3582,2020:06:27 12:10:39,41.8731703333333,-87.621036945,288,true
Grid_Down_2-302.jpg,Grid_Down_2,15966968,65ba37df06fc48b4634058fad8bc2f4bb2d24b00115b828dd96754783502eeba,5467,3582,2020:06:27 12:10:42,41.873169445,-87.6209763333333,287,true
Grid_Down_2-303.jpg,Grid_Down_2,16108837,575d60eff2fdde606051c541270c3530777aa3faecc58afa0031b1e82544a537,5467,3582,2020:06:27 12:10:45,41.8731686383333,-87.6208755833333,287,true
Grid_Down_2-304.jpg,Grid_Down_2,16287325,b62307c84faed7db53a1dcee2f02015b0ecf363c3d31392aeefd1a724a387625,5467,3582,2020:06:27 12:10:48,41.8731665833333,-87.620764195,287,true
Grid_Down_2-305.jpg,Grid_Down_2,16106716,6077846e6a3eca8879261539f9d4852aa22cf1b306566ae2d3b74424b5dfe802,5467,3582,2020:06:27 12:10:51,41.8731652783333,-87.6206633616667,287,true
Grid_Down_2-306.jpg,Grid_Down_2,16173688,48956fffed91933482d9fa9b3690ea78b432e225b86aa2a80405c2b1f8cc7500,5467,3582,2020:06:27 12:10:54,41.8731545,-87.6206287783333,287,true
Grid_Down_2-307.jpg,Grid_Down_2,16100932,93024815ad0583e65ac892ac1cc8cc7a76843ef97ee88b10f83d68f88cfbf5c7,5467,3582,2020:06:27 12:10:57,41.8730944166667,-87.6206215833333,287,true
Grid_Down_2-308.jpg,Grid_Down_2,16052359,de37949796819d73c620fb35a7614c7e522503dbe44e489ec20fcf31a03d6198,5467,3582,2020:06:27 12:11:00,41.8730157216667,-87.6206210283333,286,true
Grid_Down_2-309.jpg,Grid_Down_2,15999153,497058a2dbe684921ce102e645d7e3354dc8c67dbb70518765a52b360aa55d7a,5467,3582,2020:06:27 12:11:03,41.8729298333333,-87.6206252783333,286,true
Grid_Down_2-31.jpg,Grid_Down_2,15788440,a7c6533260874e5d79e642c2594445fde3691a7cfb298fbcf968926b9c64c234,5467,3582,2020:06:27 11:57:03,41.8677973333333,-87.6208453333333,297,true
Grid_Down_2-310.jpg,Grid_Down_2,16482969,a30eb88e694770e8e67de2453d03ef3251ac3779f0407a231aa6c7aa16cd684b,5467,3582,2020:06:27 12:11:06,41.8728473883333,-87.620627305,286,true
Grid_Down_2-311.jpg,Grid_Down_2,17355475,aa1edc219699e33a403d557708410e90cf0e953c79419069c639d3320d0440ad,5467,3582,2020:06:27 12:11:09,41.872764945,-87.6206281666667,285,true
Grid_Down_2-312.jpg,Grid_Down_2,17538074,98eb1ed444b0ab736f7f02855d3111d4c5f03dd9897d4e04e1c68100c9a00dfd,5467,3582,2020:06:27 12:11:12,41.8726826666667,-87.620629945,285,true
Grid_Down_2-313.jpg,Grid_Down_2,17606316,f3d02c7cd96604ee3ac8d431ee34087bb7f09932ccb4f84cd00bec3a53a92f79,5467,3582,2020:06:27 12:11:15,41.8726016383333,-87.620631305,285,true
Grid_Down_2-314.jpg,Grid_Down_2,17404886,8c0143e1af2e0fc44d75cb5961a9cf906cbee135594101ac924904ecc0840136,5467,3582,2020:06:27 12:11:18,41.8725207783333,-87.620631805,284,true
Grid_Down_2-315.jpg,Grid_Down_2,16940927,a13cd5f2db4d26d518befe3ad65b9c3b4c5f45845f541f11d74cea6ab3a4a3b8,5467,3582,2020:06:27 12:11:21,41.8724406666667,-87.6206303883333,284,true
Grid_Down_2-316.jpg,Grid_Down_2,15864446,c2ab49c1e00e6efba1284fdb982fed198e4336eb1f5e8f6ff81f971d3d257e4d,5467,3582,2020:06:27 12:11:24,41.872359195,-87.6206288333333,284,true
Grid_Down_2-317.jpg,Grid_Down_2,17813719,050df877e3096f18887a97a11669b61812c9fe3e0e62e1ae5a9082b8aee9973a,5467,3582,2020:06:27 12:11:27,41.8722781116667,-87.6206283883333,284,true
Grid_Down_2-318.jpg,Grid_Down_2,17176132,2df548376bc32d7e0515590ed8796fb291084f854936106d018267babb2dd843,5467,3582,2020:06:27 12:11:30,41.872196805,-87.6206265,284,true
Grid_Down_2-319.jpg,Grid_Down_2,16885530,940bb6d1fb65e868abe087ad268be7b24b2320a2a9b5b371dd74878446416aad,5467,3582,2020:06:27 12:11:33,41.8721133883333,-87.6206249166667,284,true
Grid_Down_2-32.jpg,Grid_Down_2,15653291,d6def66d7960cac998d536c26acae0961fedbde3df604758ee659d7f4420db9f,5467,3582,2020:06:27 11:57:06,41.867832195,-87.6209488616667,297,true
Grid_Down_2-320.jpg,Grid_Down_2,16602819,c1ca390fc7a8ce4c45acf5fbbda88a69ac0b92d7039eb27b5e017e6176c07398,5467,3582,2020:06:27 12:11:36,41.872031555,-87.6206265,284,true
Grid_Down_2-321.jpg,Grid_Down_2,16539383,3fd613329f7b587dc76ba8faf6b8b3fcbdbcfa745205ef5661e0d1d76d805a5b,5467,3582,2020:06:27 12:11:39,41.8719491383333,-87.6206271666667,285,true
Grid_Down_2-322.jpg,Grid_Down_2,16762946,2e4f099c7d01d5edfcb6d639abe294e130b6bf6a96ceb03cb24bd841c128ec4d,5467,3582,2020:06:27 12:11:42,41.8718651666667,-87.6206275,287,true
Grid_Down_2-323.jpg,Grid_Down_2,17272880,a0af7e1ab53b59a49a3d839cf43d919b17000a3ba17cf72302ec801ee9ee5f4b,5467,3582,2020:06:27 12:11:45,41.8717872783333,-87.6206290283333,288,true
Grid_Down_2-324.jpg,Grid_Down_2,16947451,61ed57dc8feca46011f199a321dfa5de3484d506bc02f41dd7461b47ae307fb3,5467,3582,2020:06:27 12:11:48,41.8717024716667,-87.6206310283333,289,true
Grid_Down_2-325.jpg,Grid_Down_2,16866158,87bc1452aa7b2c042942366e54d9a160d93a0d87cf1a38cafc172973d4044ff9,5467,3582,2020:06:27 12:11:51,41.8716212216667,-87.620633555,289,true
Grid_Down_2-326.jpg,Grid_Down_2,16949971,9f9d18eb47b83472ab5ec3efc2b69d044db5cf3abfbc331138d06888b6fa8401,5467,3582,2020:06:27 12:11:54,41.871539695,-87.6206345283333,289,true
Grid_Down_2-327.jpg,Grid_Down_2,17331054,88e5652cdaca996f473107fdfe0fa247ca83f1eef7ff9aa0f36b4cb733a4609d,5467,3582,2020:06:27 12:11:57,41.8714579716667,-87.620633805,289,true
Grid_Down_2-328.jpg,Grid_Down_2,17562410,bd792b137fd60331bda82696b943eecb9f1b5aa711b823b76137155775de1fca,5467,3582,2020:06:27 12:12:00,41.871376945,-87.62063375,289,true
Grid_Down_2-329.jpg,Grid_Down_2,17283544,7b5177da178ebd9dcbc592424c67350d32f137f3076a254c461d092f1d68531d,5467,3582,2020:06:27 12:12:03,41.871296,-87.6206329716667,289,true
Grid_Down_2-33.jpg,Grid_Down_2,15515104,6f76a31b20ead5494b663ab5f5b9dda3c2c6d3e53622d4906ddf34a2076b1f35,5467,3582,2020:06:27 11:57:09,41.8678628333333,-87.6210526666667,297,true
Grid_Down_2-330.jpg,Grid_Down_2,17126560,720e9ba97fa1c784566bc11ada6c71eb73a55b12d5078e614cc1c8216d731930,5467,3582,2020:06:27 12:12:06,41.8712116116667,-87.6206311666667,289,true
Grid_Down_2-331.jpg,Grid_Down_2,16819482,9617a4861141a9107a8f01b2993015b74868a96342178956a764168275465485,5467,3582,2020:06:27 12:12:09,41.8711307783333,-87.62063025,288,true
Grid_Down_2-332.jpg,Grid_Down_2,16857687,2e614f2e60df6eda4953940978a87f807957bc5e5d027a81a12286b93d6d8be1,5467,3582,2020:06:27 12:12:12,41.8710503883333,-87.620629,289,true
Grid_Down_2-333.jpg,Grid_Down_2,17081153,0b72f6b18c150b0b9cc7f46230e3a9d6c9bcef0da1b29eddf92a404b5bf03a33,5467,3582,2020:06:27 12:12:15,41.870969945,-87.62062775,288,true
Grid_Down_2-334.jpg,Grid_Down_2,17034246,76cf3c06daf4aade8fa5e17813faf1da7f3bf727e9ddf3c9df6a6d588a82e53a,5467,3582,2020:06:27 12:12:18,41.8708890833333,-87.6206271116667,289,true
Grid_Down_2-335.jpg,Grid_Down_2,17025507,9419bf48dcc9c4d5ae186f4b1b1a0d329424155de4337ecd3525f7638ce7d27a,5467,3582,2020:06:27 12:12:21,41.8708054166667,-87.6206247216667,288,true
Grid_Down_2-336.jpg,Grid_Down_2,17075816,f4cd652b09d2eb5bdd763e83b801d77a933e2bc68d5d4b9ee8b10c68801d3a01,5467,3582,2020:06:27 12:12:24,41.8707239716667,-87.620623,289,true
Grid_Down_2-337.jpg,Grid_Down_2,17281655,d582c508ad9798eb695deb706e563bf7cc5140fdc977998480f6e9a9c1550793,5467,3582,2020:06:27 12:12:27,41.8706426666667,-87.6206205,289,true
Grid_Down_2-338.jpg,Grid_Down_2,16406031,d030d905082ed23a468e27f4d3867ec92a3db32a51e6332b3f0a1281ca1ce5e6,5467,3582,2020:06:27 12:12:30,41.870561195,-87.6206168333333,289,true
Grid_Down_2-339.jpg,Grid_Down_2,16474877,b6418e0965253d480e517c6450c78c384292b4d61795ded2d218b5793d91e1c5,5467,3582,2020:06:27 12:12:33,41.8704803616667,-87.6206135833333,289,true
Grid_Down_2-34.jpg,Grid_Down_2,15527915,fbcad9a8f46db1c62002df4b8bea0509791e86088411f47d11f18ff50cddd81e,5467,3582,2020:06:27 11:57:12,41.867890445,-87.6211568333333,297,true
Grid_Down_2-340.jpg,Grid_Down_2,16460433,278119cf12839a8137e205ee28ce70067c6c048b7d6d8e437627853713fc1cda,5467,3582,2020:06:27 12:12:36,41.870398195,-87.620611195,286,true
Grid_Down_2-341.jpg,Grid_Down_2,16754359,10babec963c33aacfa62ab8c3097e8b36a8d76b957bb2f64d82bbd663459c8ce,5467,3582,2020:06:27 12:12:39,41.8703155283333,-87.620609445,283,true
Grid_Down_2-342.jpg,Grid_Down_2,15708425,f6cce6f29206b9726e1671e7ee5139c2c2edc22630ab98c73f81a59e77eac9bc,5467,3582,2020:06:27 12:12:42,41.870231805,-87.620606945,282,true
Grid_Down_2-343.jpg,Grid_Down_2,16840769,6ea387a5ceae086b1621ffc753e530cb70867e8166a2224cf2966fb21e6c49f6,5467,3582,2020:06:27 12:12:45,41.87015075,-87.6206050833333,282,true
Grid_Down_2-344.jpg,Grid_Down_2,16782509,799c74acfa6bba3a8d17aa9bd847b9b1a599c28db8bfbdf5b1a4ea928ec7b29c,5467,3582,2020:06:27 12:12:48,41.870069695,-87.6206068616667,282,true
Grid_Down_2-345.jpg,Grid_Down_2,17272194,6777bd733a07fede8e866f50b2bec80711ae0bd0ae5a714c7c5aa637c4e4b8f0,5467,3582,2020:06:27 12:12:51,41.869989445,-87.6206062783333,282,true
Grid_Down_2-346.jpg,Grid_Down_2,17035521,5df4d03a413622c24f6a8a023f6f3c4374ddad75fd8db69b670cdee3bbf90b63,5467,3582,2020:06:27 12:12:55,41.8699051116667,-87.6206038333333,282,true
Grid_Down_2-347.jpg,Grid_Down_2,17013783,e13ed14abf5560e70ad1d21aebc2476696f74a7903b51c9f2bf95173d327b7b8,5467,3582,2020:06:27 12:12:58,41.869825055,-87.6206026116667,282,true
Grid_Down_2-348.jpg,Grid_Down_2,17088858,1dccfbfc8a79f4955944dceb12f1c1c5efe6a1c738b684c078a23b3134675a15,5467,3582,2020:06:27 12:13:01,41.8697445283333,-87.6206017216667,282,true
Grid_Down_2-349.jpg,Grid_Down_2,17231603,fb03fee3c0da8b6d5299a47c4113de7e66c319fee6e49bbd824e992b83431313,5467,3582,2020:06:27 12:13:04,41.8696616116667,-87.62059925,282,true
Grid_Down_2-35.jpg,Grid_Down_2,15634598,af36b76204f3a862919dfc710b02d96f925fa72879b4eaa6175a1afa8fa557a5,5467,3582,2020:06:27 11:57:15,41.867921945,-87.6212573333333,297,true
Grid_Down_2-350.jpg,Grid_Down_2,17556090,403507c9517eaa6b616b586475d4f305bcda0649a2e171edb2fcf020fb2a83f8,5467,3582,2020:06:27 12:13:07,41.86957925,-87.6205981383333,282,true
Grid_Down_2-351.jpg,Grid_Down_2,17591298,be1f52d0f93aa75349d51c25824608a0b47b19c090a9a5dbc2075e4bbaa406fb,5467,3582,2020:06:27 12:13:10,41.8694960283333,-87.6206070833333,282,true
Grid_Down_2-352.jpg,Grid_Down_2,17439867,f648c631fdb81c6630231ea9f560a5f89d84180dcffa5281a39481bf521ee98d,5467,3582,2020:06:27 12:13:13,41.8694135833333,-87.6206129166667,282,true
Grid_Down_2-353.jpg,Grid_Down_2,17130545,1fb624be4e4e5a6b3e834806ca0ac831206053dc143e0287d9a23a22cf06e8b3,5467,3582,2020:06:27 12:13:16,41.8693333333333,-87.620616695,282,true
Grid_Down_2-354.jpg,Grid_Down_2,16492786,60ec6d74f59a890e82c4f4b54342f9b2503d69982f684f5d999fbdb05de4e326,5467,3582,2020:06:27 12:13:19,41.869251555,-87.6206236383333,282,true
Grid_Down_2-355.jpg,Grid_Down_2,16458235,f1fcc4662a9d667720b28e2df1f23d914c185509488cb0084e966660a0ff8f47,5467,3582,2020:06:27 12:13:22,41.8691673883333,-87.6206251383333,282,true
Grid_Down_2-356.jpg,Grid_Down_2,16249256,40a10923ad6f095782f5278208ff5a7ed840b24e425374f685c0e26645a3003c,5467,3582,2020:06:27 12:13:25,41.8690867216667,-87.6206156383333,281,true
Grid_Down_2-357.jpg,Grid_Down_2,15906667,eac7d4bf7a44c3d1036f57c66137de61b347c561a806f15a54fb5c2b168cec01,5467,3582,2020:06:27 12:13:28,41.8690058333333,-87.6206072783333,281,true
Grid_Down_2-358.jpg,Grid_Down_2,15396975,7f50aa004b8a2e08c556cc677a8e6e1186704bd76dec4030a54fa1e8ff2e6f14,5467,3582,2020:06:27 12:13:31,41.8689197783333,-87.6206034166667,281,true
Grid_Down_2-359.jpg,Grid_Down_2,15035320,ac37783f5f26981773b1e9d3643fba9dcaacda3e58791165fcd0de0bf3a4ac15,5467,3582,2020:06:27 12:13:34,41.8688378333333,-87.6206008333333,281,true
Grid_Down_2-36.jpg,Grid_Down_2,14659830,8bfadc0918d0180a37c3963b527a9b026dfbaa1be97cc736b16a2438dbd70ff7,5467,3582,2020:06:27 11:57:19,41.8679280283333,-87.621365195,297,true
Grid_Down_2-360.jpg,Grid_Down_2,14893874,1949f0f69f2b70bbc97651a43a7ca10047244cda15f6cd82c2fe773a38ae4f6b,5467,3582,2020:06:27 12:13:37,41.8687593883333,-87.6205959716667,281,true
Grid_Down_2-361.jpg,Grid_Down_2,14751996,7dc7ef560c88cb1cae13b02c266400185c44c31866b8dd7cc5f9447f8e8359b3,5467,3582,2020:06:27 12:13:40,41.8686791666667,-87.620589945,281,true
Grid_Down_2-362.jpg,Grid_Down_2,15049882,568ab2ab02c80365b0ad10f75fca6786cdc9199637592f34ad729fe49bb51ac7,5467,3582,2020:06:27 12:13:43,41.8685959166667,-87.6205824716667,281,true
Grid_Down_2-363.jpg,Grid_Down_2,15259942,7a4e11811f902b7be0439d9cd016bdfdac73e73e809ab54baf32c52f407cf2a8,5467,3582,2020:06:27 12:13:46,41.8685164166667,-87.6205815,281,true
Grid_Down_2-364.jpg,Grid_Down_2,15619099,bf9595b29fa12f5eb9cef2b2b02ba94f05101fb4a79cb9dcdb98d094f94d02ea,5467,3582,2020:06:27 12:13:49,41.8684368616667,-87.6205795283333,281,true
Grid_Down_2-365.jpg,Grid_Down_2,16190164,5a2d180a0804d5264dc84d9ac87525421986f4c8b71a4477489de0107e6f1c06,5467,3582,2020:06:27 12:13:52,41.8683576116667,-87.6205699716667,281,true
Grid_Down_2-366.jpg,Grid_Down_2,16173229,5abfdd1520e08619a45dfc4b74389e402fdd67ba48d58edc3ccc3fb3122fb55d,5467,3582,2020:06:27 12:13:55,41.868277055,-87.6205621116667,281,true
Grid_Down_2-367.jpg,Grid_Down_2,15854455,ecb5a40f3f28f463fbd2b9e0ddfd6aac7bce3a99c6bce60b992a97db84eb818c,5467,3582,2020:06:27 12:13:58,41.868195305,-87.6205546383333,281,true
Grid_Down_2-368.jpg,Grid_Down_2,15657515,b877d27ce71b1e88e4f9dc606b0edc21b06d2a3d3aed955a0d1202426619418c,5467,3582,2020:06:27 12:14:01,41.8681115833333,-87.6205456116667,281,true
Grid_Down_2-369.jpg,Grid_Down_2,14673407,0119d9562eadf291aeed6a9361127138974ff8d6eaeaf5ed4e7135b92014f11e,5467,3582,2020:06:27 12:14:04,41.8680300283333,-87.6205402783333,281,true
Grid_Down_2-37.jpg,Grid_Down_2,14811177,63b064633d187e5d83767fd09ae67346c0a97f1e8996c599ddf8852bbb6fa9c0,5467,3582,2020:06:27 11:57:22,41.8679306383333,-87.6214736383333,297,true
Grid_Down_2-370.jpg,Grid_Down_2,14224432,1a303ff627fa82b781d76d236251a5dd74468e669447815b2729f3402491ff34,5467,3582,2020:06:27 12:14:07,41.867949,-87.6205409716667,281,true
Grid_Down_2-371.jpg,Grid_Down_2,14122866,d0a4cdc6d8ab16da2b88648fa5ad6f35eb92243878b322c46962513f9da84f7d,5467,3582,2020:06:27 12:14:10,41.8678676383333,-87.6205418616667,281,true
Grid_Down_2-372.jpg,Grid_Down_2,14226708,852799dd2134bde8f77b95e0c19256766add5cb51f53abd69b9dcd1855c39386,5467,3582,2020:06:27 12:14:13,41.867795055,-87.620541555,281,true
Grid_Down_2-38.jpg,Grid_Down_2,14828469,13d12e4ad0de6ba1054adebf58869200e433bf9b7e4917c40cbd1031a04fd832,5467,3582,2020:06:27 11:57:25,41.86793225,-87.6215866383333,297,true
Grid_Down_2-39.jpg,Grid_Down_2,14768446,215bde5fd6b4f66344655764264a9ee05a9ca6b0cb4c9d06bbc5434b47e4713d,5467,3582,2020:06:27 11:57:28,41.867933305,-87.6216962783333,297,true
Grid_Down_2-4.jpg,Grid_Down_2,15722429,a1babdc1caaadf95d5e5aca3a0e4afa4e2504ffcd95f8bfc966b873487dc1363,5467,3582,2020:06:27 11:55:42,41.8678286116667,-87.6220856666667,296,true
Grid_Down_2-40.jpg,Grid_Down_2,14853306,942b8b31ae5d86d3f1a5f33e5a671fecda5f491d7743460d9e3157dafc442122,5467,3582,2020:06:27 11:57:31,41.867929305,-87.6217947216667,298,true
Grid_Down_2-41.jpg,Grid_Down_2,14780960,a0c934804b20be75c17753fcbdea2fad1746974251060fc91a506a5e1db28d55,5467,3582,2020:06:27 11:57:34,41.8679466383333,-87.6218266116667,298,true
Grid_Down_2-42.jpg,Grid_Down_2,14911616,05cdf5c427f366d472fdbb27516001eb71326e48c763e980196a4c058c26c72f,5467,3582,2020:06:27 11:57:37,41.8680061666667,-87.621840555,297,true
Grid_Down_2-43.jpg,Grid_Down_2,15272442,b6d57b4ee3cd760e42309811edbf12ee5a1e82c20eb0dc8b04bdfb801d5b7af4,5467,3582,2020:06:27 11:57:40,41.8680854166667,-87.62185225,297,true
Grid_Down_2-44.jpg,Grid_Down_2,15628052,389f425b8c4e8deb750a6508b9038e03329f0afa760f9ce3a1faa34710460334,5467,3582,2020:06:27 11:57:43,41.868165055,-87.6218618616667,297,true
Grid_Down_2-45.jpg,Grid_Down_2,15435565,e7ef4e802c3a13434f783be39743bb8199bcc9010526be86a47ea9f8901a71f0,5467,3582,2020:06:27 11:57:46,41.8682486666667,-87.6218703616667,297,true
Grid_Down_2-46.jpg,Grid_Down_2,15908720,d3a5179bcd66c94387f67f641eb744690fd0b16f3b66eee476c19d29b9d6511d,5467,3582,2020:06:27 11:57:49,41.8683254166667,-87.6218594716667,297,true
Grid_Down_2-47.jpg,Grid_Down_2,16059003,14aae1779d915b789d6c16c03b56f16a57c5bda93774b2606ca8ae1c69c3cd63,5467,3582,2020:06:27 11:57:52,41.868405445,-87.6218253883333,296,true
Grid_Down_2-48.jpg,Grid_Down_2,16392358,e3448e8dad4b9b2bcd1ed58c4978a0b680490d046f34781bb3d68352d6c2896c,5467,3582,2020:06:27 11:57:55,41.868478695,-87.6218033616667,295,true
Grid_Down_2-49.jpg,Grid_Down_2,16572703,a1598cccade1bef1fb05cf1dcd8705f99bd64b8b30b6ba7f27338cac8656a294,5467,3582,2020:06:27 11:57:58,41.8685597216667,-87.6217944166667,293,true
Grid_Down_2-5.jpg,Grid_Down_2,16103153,9850f6102394a3e64f4d17b1f62a58334b04e964d22fe961ccb90b2cc30bd627,5467,3582,2020:06:27 11:55:45,41.8678129166667,-87.622072305,296,true
Grid_Down_2-50.jpg,Grid_Down_2,16684307,fce02bb135611374286ff0340c6137b0580386fda908809e608da0724f334427,5467,3582,2020:06:27 11:58:01,41.8686058883333,-87.621790305,292,true
Grid_Down_2-51.jpg,Grid_Down_2,16694662,6acc70efa837065ff138935b755bff9b9b8a54a94ee661594c5d4baceb94d5a0,5467,3582,2020:06:27 11:58:04,41.8686287216667,-87.6217877216667,292,true
Grid_Down_2-52.jpg,Grid_Down_2,16742958,97943b7b391e8a8eecd5a812a67d93494720889ae0d7a14f3a41729a4e6c5d5a,5467,3582,2020:06:27 11:58:07,41.8686620833333,-87.6217850283333,291,true
Grid_Down_2-53.jpg,Grid_Down_2,16904244,22d9a9b8977776ff6b46e6b6772c0ab48a913632a82c8c95ab969d00c13270a1,5467,3582,2020:06:27 11:58:10,41.868694445,-87.6217843333333,287,true
Grid_Down_2-54.jpg,Grid_Down_2,16872561,e7cc46466115a50e778c9e03317a4e0d4009e41c96282570fb0548dd84db98d4,5467,3582,2020:06:27 11:58:13,41.868754055,-87.6217833883333,287,true
Grid_Down_2-55.jpg,Grid_Down_2,16844254,c3ad073a459a47c9fa637b1ed23cd63b3abeb76a4df1910eaf90f95cd8083d71,5467,3582,2020:06:27 11:58:16,41.8688335,-87.6217899716667,287,true
Grid_Down_2-56.jpg,Grid_Down_2,16990939,5f3abb71f3cb0cabb946ed7b5ddb79f1fad417a7750f05522f6d899cfd207cfe,5467,3582,2020:06:27 11:58:19,41.868915305,-87.6217960833333,287,true
Grid_Down_2-57.jpg,Grid_Down_2,17096794,c965e4a1c574b197131e3c6142ea0ae56b6f168b0a0c3e7270048745e6df5fc7,5467,3582,2020:06:27 11:58:22,41.8689991116667,-87.621803,286,true
Grid_Down_2-58.jpg,Grid_Down_2,17063047,f09ee1bc5097d1474eb5e00248ae34c9b1f7a1a171a50170a37dae8bd9163b42,5467,3582,2020:06:27 11:58:25,41.8690807216667,-87.6218088883333,286,true
Grid_Down_2-59.jpg,Grid_Down_2,17017552,64fdfb36b5fc14435197d815bbefe85863b3e8caedccf4bd34527f62e1d5e106,5467,3582,2020:06:27 11:58:28,41.8691626116667,-87.621812445,286,true
Grid_Down_2-6.jpg,Grid_Down_2,16213230,41562ca0addf54471ebda26a9977090b6cf17646449330bb121b2aa3524a3642,5467,3582,2020:06:27 11:55:48,41.8677872783333,-87.6220866383333,296,true
Grid_Down_2-60.jpg,Grid_Down_2,16823340,ff338bf59f5df6ed144d89db010a9a028462fc0ad9b7ec4b0382c1462f38f44b,5467,3582,2020:06:27 11:58:31,41.869242805,-87.6218126666667,286,true
Grid_Down_2-61.jpg,Grid_Down_2,16508845,dfff9afccf0798b0c51a4a4389e1661045c6f69c998cce09cd8bd6ce109848b1,5467,3582,2020:06:27 11:58:34,41.8693099716667,-87.6218173883333,286,true
Grid_Down_2-62.jpg,Grid_Down_2,16640353,c4c70ca915617e552c15ca21b0aaaaffffe46ae5369ff591dab88106855fb98b,5467,3582,2020:06:27 11:58:37,41.8693843616667,-87.6218234716667,286,true
Grid_Down_2-63.jpg,Grid_Down_2,16926389,40c5c6d325a7973e259e81b348e3a129699bd47e019df1bf8bb8b7b0f1a06ddd,5467,3582,2020:06:27 11:58:40,41.8694667216667,-87.6218336383333,286,true
Grid_Down_2-64.jpg,Grid_Down_2,17007772,b79bb6b617aa13064eb049edac413995be15af797d9faf2ec7b51cab98063fad,5467,3582,2020:06:27 11:58:43,41.8695485283333,-87.6218374166667,286,true
Grid_Down_2-65.jpg,Grid_Down_2,17086782,5624838ee02d8cdb65d16ce4dd44aa8fb8feec57243de9a4d7cb6fcc769fa449,5467,3582,2020:06:27 11:58:46,41.8696309166667,-87.621839945,286,true
Grid_Down_2-66.jpg,Grid_Down_2,17182574,d38cd7342fe020410a7fb041aa05a8a0b269b94f9d90a27da07b4c6e5e107da4,5467,3582,2020:06:27 11:58:49,41.8697121116667,-87.6218387783333,286,true
Grid_Down_2-67.jpg,Grid_Down_2,17598626,83c433972054aaea43cda1813c86a01118377174c8131c1a30cb36981c9a9783,5467,3582,2020:06:27 11:58:52,41.8697940283333,-87.621838805,286,true
Grid_Down_2-68.jpg,Grid_Down_2,17520317,a5cda4de2f58685782df7a7bdcca26f19ee9df27de489bc5593ae68e98c8babd,5467,3582,2020:06:27 11:58:55,41.8698788616667,-87.6218381666667,286,true
Grid_Down_2-69.jpg,Grid_Down_2,17785928,8e01ca5fc1fb9f5bb8ac579a8c834c4c64b5fc61e1df4a4c97471f99ecae72e8,5467,3582,2020:06:27 11:58:58,41.8699595833333,-87.6218363883333,286,true
Grid_Down_2-7.jpg,Grid_Down_2,16226287,8f16ed426ef8053f30df21e43bb0dba05b5ca4b87002a3eb471c4a8a4611fa7c,5467,3582,2020:06:27 11:55:51,41.8677468333333,-87.62212625,296,true
Grid_Down_2-70.jpg,Grid_Down_2,17621904,0ad9c5d23221d8c11563900aa1724296d74ba310c90b85323c8702baa2ce4a21,5467,3582,2020:06:27 11:59:01,41.8700006666667,-87.621880805,286,true
Grid_Down_2-71.jpg,Grid_Down_2,17399012,48840b7fc474cc9c84e22579a844e37642225ea2ffa57240f344a4570a8a110f,5467,3582,2020:06:27 11:59:04,41.870012,-87.6219733333333,286,true
Grid_Down_2-72.jpg,Grid_Down_2,17169239,3c3eee1e8cb44c8e15693423eabcd76bc08fc12dd085700ee40040ba90a3ea6b,5467,3582,2020:06:27 11:59:07,41.8699909166667,-87.6220213883333,286,true
Grid_Down_2-73.jpg,Grid_Down_2,17132564,df84522c4718a6440a92207f95ec7cd6612dae77b6cc1f9fc8dfdd0bb76c33c9,5467,3582,2020:06:27 11:59:10,41.8699888883333,-87.622027445,286,true
Grid_Down_2-74.jpg,Grid_Down_2,17344482,1139d721a11b492d3de77c39e8bd6e31405ff1ad4882d1b1c24d5a9775cf0439,5467,3582,2020:06:27 11:59:13,41.87005,-87.62201975,285,true
Grid_Down_2-75.jpg,Grid_Down_2,17456190,63d0767ac4d4df17efc31a4b644254d06fa704feac79c732b6a3be8d4f2615fc,5467,3582,2020:06:27 11:59:16,41.8701285833333,-87.622013055,285,true
Grid_Down_2-76.jpg,Grid_Down_2,17604261,cf2b77e92d67fb844a5b4edd344a82277812a7579aef8371d6118264955fdaf9,5467,3582,2020:06:27 11:59:19,41.8702116666667,-87.6220062783333,285,true
Grid_Down_2-77.jpg,Grid_Down_2,17611263,6823d98f986054eac6f90a2bb9aa68039307a679b69a63e084f77a11aef4d6d6,5467,3582,2020:06:27 11:59:22,41.8702930283333,-87.6220000283333,285,true
Grid_Down_2-78.jpg,Grid_Down_2,17612666,f7f2f42ddbacd470783051823f06d1b5feb5b7c4b2ac6bddfd84a51b8addee88,5467,3582,2020:06:27 11:59:25,41.8703732216667,-87.6220068333333,285,true
Grid_Down_2-79.jpg,Grid_Down_2,17787087,3e72c45db19e615569d8715e1e413c3434e9f55697a1a23c94fd29be7fb85197,5467,3582,2020:06:27 11:59:28,41.8704525,-87.6220042783333,285,true
Grid_Down_2-8.jpg,Grid_Down_2,16217519,8dd0475585e8e920c88b7f8c1eeaff9bd0ef85deff142db1ba3c59bb8753196f,5467,3582,2020:06:27 11:55:54,41.86769375,-87.622158305,296,true
Grid_Down_2-80.jpg,Grid_Down_2,17845373,61ae96d356be7f3f82efd3ef3652ba47a555379b06f4e6d8b6908772e61b1a2d,5467,3582,2020:06:27 11:59:31,41.8704989716667,-87.6220415283333,285,true
Grid_Down_2-81.jpg,Grid_Down_2,18767284,a70c47beb3817f85b5dfa20e47f037a2c8168ce5f5c6a06862c5a658ee812a3c,5467,3582,2020:06:27 11:59:34,41.8705119166667,-87.6221345833333,285,true
Grid_Down_2-82.jpg,Grid_Down_2,18877776,b79031c254f2fa5b918abc6c78982b38ec39146c1f9e0a0432fa401c558787cf,5467,3582,2020:06:27 11:59:37,41.8705154716667,-87.6222378616667,285,true
Grid_Down_2-83.jpg,Grid_Down_2,19008843,423a5f94c148acf801d9c6787595cf23225a5315bc1e3e5af38576d36995ab96,5467,3582,2020:06:27 11:59:40,41.8705368616667,-87.6222948616667,285,true
Grid_Down_2-84.jpg,Grid_Down_2,18802030,5bc29907937e4a8de97e9968e44a632e5ba52d01ce882de0ac3836acc962e470,5467,3582,2020:06:27 11:59:43,41.8706028883333,-87.6223023333333,285,true
Grid_Down_2-85.jpg,Grid_Down_2,18637977,6f546a46ab0cc9d4d415c2f98f1eec70bd644177f97d0416131286b8a379c230,5467,3582,2020:06:27 11:59:46,41.8706809716667,-87.622299805,285,true
Grid_Down_2-86.jpg,Grid_Down_2,18313701,06eb7e83e82777d3147b8606d18ce3b09741df7f1308a97669281a93415d02aa,5467,3582,2020:06:27 11:59:49,41.8707621116667,-87.6222955283333,285,true
Grid_Down_2-87.jpg,Grid_Down_2,17948765,c5cfc0de3b901347ef9a9d53fb41b967a7c4599298a9a535cfb608ad501b2a00,5467,3582,2020:06:27 11:59:52,41.87084425,-87.622288805,285,true
Grid_Down_2-88.jpg,Grid_Down_2,17678423,712f4fc821ef533860f686728720a0c91dd8c817fc818896cd2f9adad10dc8e2,5467,3582,2020:06:27 11:59:56,41.8709278333333,-87.6222831666667,285,true
Grid_Down_2-89.jpg,Grid_Down_2,17757437,20b450a1df58103b335c5f42de7b45bb357e14d09e829f53118ebf1fbf94b277,5467,3582,2020:06:27 11:59:59,41.8710089716667,-87.6222788333333,285,true
Grid_Down_2-9.jpg,Grid_Down_2,16162392,c0db8573ff182673d71c01d91a3de502e3adc6e69734d15096d507ffdcc66e98,5467,3582,2020:06:27 11:55:57,41.8676484166667,-87.62214075,296,true
Grid_Down_2-90.jpg,Grid_Down_2,17857652,fdc4f00bff87bfc47c2e65fdc7e53ff6d08c96dde25f766dc06753c12496bc01,5467,3582,2020:06:27 12:00:02,41.8710902783333,-87.6222744166667,285,true
Grid_Down_2-91.jpg,Grid_Down_2,17633407,69038730dd0478ca5aa7d39193cacb1342715667f1353a4f03294b97491edc47,5467,3582,2020:06:27 12:00:05,41.8711711666667,-87.6222702216667,285,true
Grid_Down_2-92.jpg,Grid_Down_2,17296019,d48da6d369afd1483d86ba430b42253e945ad207dfead818c6a8a60a9a31c536,5467,3582,2020:06:27 12:00:08,41.871252555,-87.6222659166667,285,true
Grid_Down_2-93.jpg,Grid_Down_2,17027118,9331d8ed63ffeec2bbb4c97d453b6809d5fa3e875759de86cc9e2a6557d0aaa4,5467,3582,2020:06:27 12:00:11,41.8713361116667,-87.6222622783333,285,true
Grid_Down_2-94.jpg,Grid_Down_2,17185161,7200f6189f03c54fd2d9d14a0d5e008893836e679d3056c9a55412bd41c9cac5,5467,3582,2020:06:27 12:00:14,41.8714168616667,-87.6222585833333,285,true
Grid_Down_2-95.jpg,Grid_Down_2,17257711,4b3689582b49a3d37e08842d70580c1f445a6d87b587aae8bcee67173e5c518f,5467,3582,2020:06:27 12:00:17,41.8714985,-87.62225575,285,true
Grid_Down_2-96.jpg,Grid_Down_2,17396880,c867d6803cc419a033d5f712534678bf009dfa92a0f18e7d33054a572667ebdf,5467,3582,2020:06:27 12:00:20,41.8715808616667,-87.6222521383333,285,true
Grid_Down_2-97.jpg,Grid_Down_2,17491880,dae335ceeb79ce0016a03685343e8a0eca42498ecaaecb8c62c0bab62b2a64ac,5467,3582,2020:06:27 12:00:23,41.8716627216667,-87.6222478333333,285,true
Grid_Down_2-98.jpg,Grid_Down_2,17549158,38678fc641f17d1c565196d802137b106590687cfbc129a930d5684d385fdde4,5467,3582,2020:06:27 12:00:26,41.8717470833333,-87.6222429166667,283,true
Grid_Down_2-99.jpg,Grid_Down_2,17632549,be5c1440eb82a099a52ae1cf1ef1cd39ba07e02e66a8649616f0ad2b0ac3ec1d,5467,3582,2020:06:27 12:00:29,41.8718271116667,-87.622242,281,true
Grid_Down_3-1.jpg,Grid_Down_3,19054166,0d6806e0c7957b5253c94541f2ea131d5ab31fe93f40ef52f11c529a01aa2033,5467,3582,2020:06:27 19:57:06,41.8729170833333,-87.6230160283333,234,true
Grid_Down_3-10.jpg,Grid_Down_3,19872861,52202c807673d2442854410e5f48d54d95d86a51f487568710393967d70e7abf,5467,3582,2020:06:27 19:57:33,41.872321945,-87.6230205833333,235,true
Grid_Down_3-11.jpg,Grid_Down_3,19804339,4e59a860a6f14b4cca2cf9bacb7777039146e25fac6fa8dde7dd9a022d1b576f,5467,3582,2020:06:27 19:57:36,41.8722430283333,-87.623019,234,true
Grid_Down_3-12.jpg,Grid_Down_3,19972881,a53d363831707c2992771e18cb978a6867af36b936ba59d6ab2c5568fede2492,5467,3582,2020:06:27 19:57:39,41.8721631116667,-87.623019695,235,true
Grid_Down_3-13.jpg,Grid_Down_3,19870575,1acddf3d65a41a723a20c424b1f0ae65b2f511a173e0587f3e4f17916d250317,5467,3582,2020:06:27 19:57:42,41.872079805,-87.6230191116667,235,true
Grid_Down_3-14.jpg,Grid_Down_3,20094777,2a0bf6079e48c72ffdf6b74f0cf4db3d23599b18204f94c6728e0855c733780f,5467,3582,2020:06:27 19:57:45,41.8719985833333,-87.6230191666667,235,true
Grid_Down_3-15.jpg,Grid_Down_3,20135600,4ce86ca18151c57f00f835085c172926c32d02c912ded0e23092f4d95c383347,5467,3582,2020:06:27 19:57:48,41.8719161116667,-87.623018,235,true
Grid_Down_3-16.jpg,Grid_Down_3,20008148,7fd42f5c99d62de80f8f0324bfbf50f6cf4164a4fddb3c970769ab59b35a2165,5467,3582,2020:06:27 19:57:51,41.8718339716667,-87.6230145283333,235,true
Grid_Down_3-17.jpg,Grid_Down_3,20028525,b660bf969c90de419a6e49404aa0b29b1f219233a320d1593279bc2c32079d47,5467,3582,2020:06:27 19:57:54,41.871753445,-87.623018195,235,true
Grid_Down_3-18.jpg,Grid_Down_3,20028226,f2b399d97e966362e0889fa30be69c72fecb952f408a7899b6b39ccd901dd469,5467,3582,2020:06:27 19:57:57,41.871668555,-87.623021305,235,true
Grid_Down_3-19.jpg,Grid_Down_3,20124815,63f51d5551842272e795805aab17ade7fd0abfe0cf72f7c976fe84752b11fbec,5467,3582,2020:06:27 19:58:00,41.871586,-87.6230158333333,235,true
Grid_Down_3-2.jpg,Grid_Down_3,19066358,29ab3ff3939f19a56d68d4e4bdb7dad47e7dec3d1948d4aa84074e684e26f245,5467,3582,2020:06:27 19:57:09,41.87291125,-87.623018195,235,true
Grid_Down_3-20.jpg,Grid_Down_3,20052685,8bd3d808448c2a129ca3b07cdf2ad574e945e0971cf50af8952d76f190ca93f1,5467,3582,2020:06:27 19:58:03,41.8715038883333,-87.6230025,235,true
Grid_Down_3-21.jpg,Grid_Down_3,20035285,4a8c1592b1e112c0516f27c51150fd0348fd9c93f8b492beb8c963beb035c2f8,5467,3582,2020:06:27 19:58:06,41.8714215283333,-87.6229870283333,235,true
Grid_Down_3-22.jpg,Grid_Down_3,19817486,969fbe272605b638610e2454cc705ba02623ef89bb8ab44beb859d182a7591ac,5467,3582,2020:06:27 19:58:09,41.871340805,-87.622975805,235,true
Grid_Down_3-23.jpg,Grid_Down_3,19657724,adc89d7fd35792bd2c648c1c3de5c9f471f4611f01b991d9be068da5dccc5442,5467,3582,2020:06:27 19:58:12,41.87125675,-87.622970945,235,true
Grid_Down_3-24.jpg,Grid_Down_3,19622293,419f4852199cb324807e2aeb9ea4c868786595409b0d67ac9fa3ad3e4a0076d3,5467,3582,2020:06:27 19:58:15,41.871174445,-87.6229676666667,235,true
Grid_Down_3-25.jpg,Grid_Down_3,19617435,31a41933b05d72a965be49b3210bb13222e8fedd8e4962d32a085fe856a60e78,5467,3582,2020:06:27 19:58:18,41.871093,-87.6229639716667,235,true
Grid_Down_3-26.jpg,Grid_Down_3,19693395,e165e4ba198ac09a079bbb7b315ea0ef96b29d845e3b376089f200ece8a8eb70,5467,3582,2020:06:27 19:58:21,41.8710103333333,-87.6229631116667,235,true
Grid_Down_3-27.jpg,Grid_Down_3,19707334,ba8c5d66e61cdc84549487a57543afc8f94d6e5147c34567df3b1f55e09a20c8,5467,3582,2020:06:27 19:58:24,41.8709285833333,-87.622963445,235,true
Grid_Down_3-28.jpg,Grid_Down_3,19674634,57c4df1c6078c0a6c8cc74538d81e2256f4b066ec6dde45aca2ddca5efddf09b,5467,3582,2020:06:27 19:58:27,41.870844,-87.6229638333333,235,true
Grid_Down_3-29.jpg,Grid_Down_3,19495584,71e8e19cf18a6830a717d54b4c4b462bb4a3e8e304ec87c3befe1467285cf3f8,5467,3582,2020:06:27 19:58:30,41.8707618883333,-87.6229628883333,235,true
Grid_Down_3-3.jpg,Grid_Down_3,19102679,9aaa2899c059f9f33881a6770dae15a5e6e1488c72260a20d1e764f37a0113fa,5467,3582,2020:06:27 19:57:12,41.87287875,-87.623021055,234,true
Grid_Down_3-30.jpg,Grid_Down_3,19515651,6c46f1250c151e8ca773837825489c8fd7ed0cf76cfb44e2cbf9b92f44510841,5467,3582,2020:06:27 19:58:33,41.8706805833333,-87.6229595833333,235,true
Grid_Down_3-31.jpg,Grid_Down_3,19276700,62fb5a11c884030fa7ad9c06aeeed54ca920f0d720a05d6343c9a70d97037f3d,5467,3582,2020:06:27 19:58:36,41.8705993616667,-87.622945,235,true
Grid_Down_3-32.jpg,Grid_Down_3,19229764,89ee541224f440815f815a955fa330fc121dc3f9cf293337d43e16ee0da7eae5,5467,3582,2020:06:27 19:58:40,41.8705116383333,-87.6229176666667,235,true
Grid_Down_3-33.jpg,Grid_Down_3,19218558,ccc39f98909ac1bfad72ff8e8cc9f1c57d36af2e6b89ced7fc702923cbc8c24d,5467,3582,2020:06:27 19:58:42,41.8704398883333,-87.6228931116667,235,true
Grid_Down_3-34.jpg,Grid_Down_3,19166805,69c8c31a4137d9f83b420da9068965bb43722bc4dc459d9fccfe23930ef2fd05,5467,3582,2020:06:27 19:58:45,41.870355445,-87.6228661383333,235,true
Grid_Down_3-35.jpg,Grid_Down_3,19124161,feb775073a0d66e10d5b98f31868c2a4e12a6d55eff766b3aca961cea955eecf,5467,3582,2020:06:27 19:58:48,41.8702738883333,-87.6228415833333,235,true
Grid_Down_3-36.jpg,Grid_Down_3,19121285,bf171af185c8d618409405a5514b71e47becc41b3d17c63bf45af27f9c09d54e,5467,3582,2020:06:27 19:58:51,41.8701957216667,-87.6228175,235,true
Grid_Down_3-37.jpg,Grid_Down_3,19221758,1ca608cca621efe4912c08f5fb69eecc6dd6b6202c37c261f74d28a3465b42bf,5467,3582,2020:06:27 19:58:54,41.8701170833333,-87.6227930283333,235,true
Grid_Down_3-38.jpg,Grid_Down_3,19378680,9165666de11348282a88fe0755eb4653a0f9c9d8689ce05284317a3b5e33a283,5467,3582,2020:06:27 19:58:58,41.8700375,-87.622770555,235,true
Grid_Down_3-39.jpg,Grid_Down_3,19410879,f14afd43a10d3538b41ccc8de4b97fee04efd119ae4aae03f8bdc21d5117e7cb,5467,3582,2020:06:27 19:59:01,41.869955195,-87.6227484716667,235,true
Grid_Down_3-4.jpg,Grid_Down_3,19195323,3ff6ff1513741c9fc894d60d063aa7990d5e9a74306b0da91b1634c4a09968d9,5467,3582,2020:06:27 19:57:15,41.8728141666667,-87.623021195,234,true
Grid_Down_3-40.jpg,Grid_Down_3,19485593,a759a6039ec952f0d730769baa560877a82f1fa069c1e74aeea9b6038fced909,5467,3582,2020:06:27 19:59:04,41.8698945,-87.6227290283333,235,true
Grid_Down_3-41.jpg,Grid_Down_3,19376449,d9637c41b347714bbb286c61c34a3cb578f245747cde9d4be70057fa6b85921f,5467,3582,2020:06:27 19:59:07,41.8698191116667,-87.622708945,235,true
Grid_Down_3-42.jpg,Grid_Down_3,19472611,d19a97f7a5a27778c2ef251acc92e2f844659bf2a773f494309512cc5eef84cf,5467,3582,2020:06:27 19:59:10,41.8697400833333,-87.6226850833333,235,true
Grid_Down_3-43.jpg,Grid_Down_3,19192603,eace6aecd886b6442da84970c894a96f663a4442e1520038847d50748db4e932,5467,3582,2020:06:27 19:59:13,41.8696608616667,-87.6226578883333,234,true
Grid_Down_3-44.jpg,Grid_Down_3,18447305,9275d017f46b179f10a0b51cc4034ba753a5df436e87886115fa521ee6e2d665,5467,3582,2020:06:27 19:59:16,41.8695838883333,-87.6226251116667,234,true
Grid_Down_3-45.jpg,Grid_Down_3,18485041,d8f00e06df60a133da38673b15f7e2dc30fc241193f97b2c5433674f41b8acbb,5467,3582,2020:06:27 19:59:19,41.8695085833333,-87.6225927783333,234,true
Grid_Down_3-46.jpg,Grid_Down_3,18345988,41fe6be3acebc35669e426f0167d9c959f66c6f63bdc6a9ef9836092a2f84b54,5467,3582,2020:06:27 19:59:22,41.8694329716667,-87.6225598616667,234,true
Grid_Down_3-47.jpg,Grid_Down_3,18028524,d5a981f039bd31430ae9e87ec347033a0c6c8d3356efd0c019424af13f558d61,5467,3582,2020:06:27 19:59:25,41.8693553883333,-87.622530305,234,true
Grid_Down_3-48.jpg,Grid_Down_3,17785292,0b9d49cae758ebef266100398c018764b9fe3d15603eef087b35178b27b69e3d,5467,3582,2020:06:27 19:59:28,41.8692765833333,-87.622501945,234,true
Grid_Down_3-49.jpg,Grid_Down_3,17708878,9615da07259d13342218fc9531f785ae71d3892185df8b6cd2b128b40dfea6cf,5467,3582,2020:06:27 19:59:31,41.8691968883333,-87.622473,234,true
Grid_Down_3-5.jpg,Grid_Down_3,19513392,c47a2096d7fe0fdf0d09c2c44a55ede26cbfaef7e07632e3fc81bd309280e357,5467,3582,2020:06:27 19:57:18,41.8727338333333,-87.6230195283333,234,true
Grid_Down_3-50.jpg,Grid_Down_3,17679005,b51ad399aba57db7c35b083b8dc104ba8e273ead1139c3181936cf518beb3da8,5467,3582,2020:06:27 19:59:34,41.8691213333333,-87.62244425,234,true
Grid_Down_3-51.jpg,Grid_Down_3,17639999,fb08eb6fe1733ecd521bd425e5abca7431f0bcad9cff3f5dd6b2c8af3d677b15,5467,3582,2020:06:27 19:59:37,41.8690450283333,-87.6224135283333,234,true
Grid_Down_3-52.jpg,Grid_Down_3,17734633,14e6801a6063b6d356b9ea07a32d1896814036d084181afbe241deef73dc1522,5467,3582,2020:06:27 19:59:40,41.868966445,-87.622387445,234,true
Grid_Down_3-53.jpg,Grid_Down_3,17884122,80cebdf6f2c64552fe8be9aa469620eba2f41b8dc7702c3a10befe2e965bd43e,5467,3582,2020:06:27 19:59:43,41.8688868333333,-87.6223541383333,234,true
Grid_Down_3-54.jpg,Grid_Down_3,18080028,1ce30abc5ad13954850b0d457469f142740c52c8920c83c53e8502d8e259f04e,5467,3582,2020:06:27 19:59:46,41.8688105833333,-87.6223165833333,234,true
Grid_Down_3-6.jpg,Grid_Down_3,19746913,7ecd66d777a592a2461a47ecfb386601d07f50bebf61975fe163fe317859bcd4,5467,3582,2020:06:27 19:57:21,41.8726523616667,-87.6230198333333,235,true
Grid_Down_3-7.jpg,Grid_Down_3,19873413,b71ae82084d2b540dcec097305101296ba29aa1b829c7cd2d3ed09f927c450ad,5467,3582,2020:06:27 19:57:24,41.8725701383333,-87.6230201383333,234,true
Grid_Down_3-8.jpg,Grid_Down_3,19942775,d0b93f60fc668255680483fe151eea69ce6cd0056fb319c3a00c7b04f4a6839c,5467,3582,2020:06:27 19:57:27,41.8724905283333,-87.6230229166667,234,true
Grid_Down_3-9.jpg,Grid_Down_3,19922428,172cb64ebe5e3ce84456f7ed08b229bfcf2846ceb176688bc4b1e0e5f6746c9f,5467,3582,2020:06:27 19:57:30,41.8724072216667,-87.623021945,234,true
Grid_Down_4-1.jpg,Grid_Down_4,17911389,1b82dd7f52938776eed54eb3f804094ba6a551a330d924cf4e2f086d50f24f73,5467,3582,2020:06:27 19:59:58,41.868709555,-87.622263,234,true
Grid_Down_4-10.jpg,Grid_Down_4,18064158,4c2576f752cba5c0ab132ba1da9c60338a0a482751e1109a0f04456778db9e69,5467,3582,2020:06:27 20:00:25,41.868072305,-87.6219613333333,234,true
Grid_Down_4-100.jpg,Grid_Down_4,18068036,25e7f418aaa876d211f7b6839aed065f3ceb7347d712c9164155622b178f5eae,5467,3582,2020:06:27 20:04:57,41.87189975,-87.621744055,282,true
Grid_Down_4-101.jpg,Grid_Down_4,18085717,8f0c2603f581a0e227a7d2a26747b41b1e9ed56c799b00d9436f5f15782be840,5467,3582,2020:06:27 20:05:00,41.871978805,-87.6217405833333,282,true
Grid_Down_4-102.jpg,Grid_Down_4,18008502,b5963c3bf29781ca206de7b48f1817406fecc0100c2f910c285527ed2e22e2e5,5467,3582,2020:06:27 20:05:03,41.872061,-87.6217472783333,282,true
Grid_Down_4-103.jpg,Grid_Down_4,17988583,6c0570f476b174cd7f256ce1a4693e0315a7aef5eda11414b90749c1e0c25c3f,5467,3582,2020:06:27 20:05:06,41.8721418333333,-87.6217475833333,282,true
Grid_Down_4-104.jpg,Grid_Down_4,17998095,4698a2e1631a3b0962b255f308b4153d2b5e9f6c9dc9a1291fcca5e8f70f3d60,5467,3582,2020:06:27 20:05:09,41.8722210833333,-87.6217454716667,281,true
Grid_Down_4-105.jpg,Grid_Down_4,18041028,b83bc9042dae00cd3a43451d3d7fc49272ba040308af97d509085fe33d7a106c,5467,3582,2020:06:27 20:05:12,41.872302945,-87.6217488883333,279,true
Grid_Down_4-106.jpg,Grid_Down_4,18085138,b22a9ef2b72b1f0a2038ebb9d0b30a7a14f8cd181e9f46e78335caa9b6318eae,5467,3582,2020:06:27 20:05:15,41.872384195,-87.6217574716667,274,true
Grid_Down_4-107.jpg,Grid_Down_4,18192230,81bda18175afe956c778d2e6800d814be536847de9980ec32089d689f387795e,5467,3582,2020:06:27 20:05:18,41.87246275,-87.621767305,269,true
Grid_Down_4-108.jpg,Grid_Down_4,18139767,c6960d06ab67db83ecead5e7be3129335bfe45d80a3765e069d66a37b4a64c77,5467,3582,2020:06:27 20:05:21,41.872544305,-87.621767945,268,true
Grid_Down_4-109.jpg,Grid_Down_4,18042259,545cbad2068edca6dfda0cff164dac33f83fa038ef0d6e1086829b09a5dbacba,5467,3582,2020:06:27 20:05:24,41.8726242783333,-87.621769,268,true
Grid_Down_4-11.jpg,Grid_Down_4,18059232,6175b1fd3b8f69483a6421f396933a9572fb83ca51af4409823f0876509f8bfd,5467,3582,2020:06:27 20:00:28,41.8679938616667,-87.62192525,233,true
Grid_Down_4-110.jpg,Grid_Down_4,17869448,92433b4bdd9e87eb0c9233a00119f6b72707e03eabf0e756259bf67a725b44da,5467,3582,2020:06:27 20:05:27,41.8727060283333,-87.6217720283333,268,true
Grid_Down_4-111.jpg,Grid_Down_4,17798891,796400403d3604bff7e16c13751d760fa80c234807c7bd091478225dc2a0a132,5467,3582,2020:06:27 20:05:30,41.8727887216667,-87.6217773333333,268,true
Grid_Down_4-112.jpg,Grid_Down_4,17775300,e630bb3534ad2fcb5b2395cd63d9ab2f7cda8dd974887b56dc66c22a6ecf8c01,5467,3582,2020:06:27 20:05:33,41.872873445,-87.6217818883333,268,true
Grid_Down_4-113.jpg,Grid_Down_4,17794936,10d5c4ece95c412c0dbb0d57422f5ec9390028c38033aef90891afa98f17f980,5467,3582,2020:06:27 20:05:36,41.8729542216667,-87.62178625,268,true
Grid_Down_4-114.jpg,Grid_Down_4,17685600,25f261940e4d657e2f2f5b4e37a1e0023dd86c403a627ae8e7262a5e02d0d0dd,5467,3582,2020:06:27 20:05:39,41.8730354716667,-87.621790055,268,true
Grid_Down_4-115.jpg,Grid_Down_4,17565603,535f38b01efe0648b584ad8c14168d845779690d12139d05fdfce9f9fb216b4e,5467,3582,2020:06:27 20:05:42,41.8731173333333,-87.621792055,268,true
Grid_Down_4-116.jpg,Grid_Down_4,17570115,99a7693b397e526c70758a8624b7e30067bd0368184775715164584b27fe7bc7,5467,3582,2020:06:27 20:05:45,41.873199445,-87.621793305,269,true
Grid_Down_4-117.jpg,Grid_Down_4,17542346,f21f5c45100fca60ff257939d873cec0ad0a3f10c8846b1ebe3ae934531614cc,5467,3582,2020:06:27 20:05:48,41.8732801666667,-87.6217949716667,269,true
Grid_Down_4-118.jpg,Grid_Down_4,17563411,74935b4d7746910915f86cf94abf66b46b4f61af8e07033632add82abb24d0af,5467,3582,2020:06:27 20:05:51,41.8733626666667,-87.6217943333333,269,true
Grid_Down_4-119.jpg,Grid_Down_4,17622610,afe69282624f69ead50fda2ca898477026d6f64b7d990eb2b563c808ac35002c,5467,3582,2020:06:27 20:05:54,41.873446305,-87.6217948616667,269,true
Grid_Down_4-12.jpg,Grid_Down_4,18194783,1e26b208781224af3b684e5827251d397f2df50be7e3e35aadec0e46a076c31c,5467,3582,2020:06:27 20:00:31,41.8679142216667,-87.62188725,233,true
Grid_Down_4-120.jpg,Grid_Down_4,17584783,38180af5977ddcf050e52e5d0e7ac4500f19fdeb494ce3f57b925f73e073c11d,5467,3582,2020:06:27 20:05:57,41.8735273333333,-87.6217986666667,269,true
Grid_Down_4-121.jpg,Grid_Down_4,17621448,60bcdb50a8be24215bb511f1ea744cdcffa180c544726737d2fcbace7a44c33b,5467,3582,2020:06:27 20:06:00,41.8736062783333,-87.6218236116667,269,true
Grid_Down_4-122.jpg,Grid_Down_4,17569996,42a1df89af23b487abf078406d2d99ef9f8644699b27df314b71388851926f42,5467,3582,2020:06:27 20:06:03,41.873679805,-87.6218691116667,269,true
Grid_Down_4-123.jpg,Grid_Down_4,17542052,5da8a5333b5d6bdb7604bbdc0e8d383837e8c72f107ff2375f42a51e722da47b,5467,3582,2020:06:27 20:06:06,41.8737493333333,-87.621923945,269,true
Grid_Down_4-124.jpg,Grid_Down_4,17685660,2ba3437ffbddb453a349a2de3976287a0b9bc85d38f7599a19ee699d60b926b7,5467,3582,2020:06:27 20:06:09,41.87383475,-87.6219427216667,269,true
Grid_Down_4-125.jpg,Grid_Down_4,17763529,e68856cc3658db56f345bb971cb3bd504b8a1a87aaa2d906c959595fd4302186,5467,3582,2020:06:27 20:06:12,41.8739035283333,-87.6219317216667,269,true
Grid_Down_4-126.jpg,Grid_Down_4,17963817,ff2a76344ec6281af2ee95650005178fe5b97f6d1db9c22b90d67b1d3e5bec8f,5467,3582,2020:06:27 20:06:15,41.8739731383333,-87.6219695,269,true
Grid_Down_4-127.jpg,Grid_Down_4,18476298,b5281fb6391094484eced6376b68032ef0152f0885b2ca8217ea28e920f789ab,5467,3582,2020:06:27 20:06:18,41.874027945,-87.6220491666667,269,true
Grid_Down_4-128.jpg,Grid_Down_4,18534147,91f2cf0d291ba89fc5571205c853f0d68e396b58a83ac3c6b3cdbcf856fdf71b,5467,3582,2020:06:27 20:06:21,41.874070055,-87.622145305,268,true
Grid_Down_4-129.jpg,Grid_Down_4,18537348,1d00998ed7564f7e327f1bbad6e8cc5c6a12a6def02615af45cf258f45888379,5467,3582,2020:06:27 20:06:24,41.8741221666667,-87.6222051383333,268,true
Grid_Down_4-13.jpg,Grid_Down_4,17944307,2240bdc9e1ddb354494d8cad7528804ba2f9d5c8699f8b455a46683ac3582d38,5467,3582,2020:06:27 20:00:34,41.867833445,-87.621851805,233,true
Grid_Down_4-130.jpg,Grid_Down_4,18595408,c90332508aa006cf5fa58179a2df4cf5c5305919413b43e0a474821f375442a6,5467,3582,2020:06:27 20:06:27,41.8741742216667,-87.622239445,268,true
Grid_Down_4-131.jpg,Grid_Down_4,18574084,55d0db632c5d6f43e578a4132359f9215ca111165b0500faf2bb6b677b13a21a,5467,3582,2020:06:27 20:06:30,41.8742170833333,-87.6222786383333,268,true
Grid_Down_4-132.jpg,Grid_Down_4,18645231,52d31cf858a61a25d47bdd0fed97c6009ff78a27c8c544039c452c316dca4e6e,5467,3582,2020:06:27 20:06:33,41.87423925,-87.6223750283333,269,true
Grid_Down_4-133.jpg,Grid_Down_4,18667377,145821f70cc8e109a06bb89ea5fa5e8d2d9598921b9b708ed83f9c6d4cd5e04d,5467,3582,2020:06:27 20:06:36,41.8742455833333,-87.6224728616667,269,true
Grid_Down_4-134.jpg,Grid_Down_4,18705801,4cda9b1ff7de76d159e07576247451edce75cb8af6ce00f4a06c84b8debc2714,5467,3582,2020:06:27 20:06:39,41.8742463883333,-87.6225229166667,270,true
Grid_Down_4-135.jpg,Grid_Down_4,18690222,e749f57fb3ae5ec253c6580417c41900673b43547d0e3523f39b29aa2c2c2209,5467,3582,2020:06:27 20:06:42,41.8742467216667,-87.62253225,269,true
Grid_Down_4-136.jpg,Grid_Down_4,18707048,52556fd36d6c7233d4184b32222b88e85c47dd9288b70d70ec728eae8665dd2c,5467,3582,2020:06:27 20:06:45,41.8742478333333,-87.6225455283333,269,true
Grid_Down_4-137.jpg,Grid_Down_4,18718718,d89bf7c81ec3d6a05039242de02464216c2f1ffb135bb83fe4ee6599c84b609f,5467,3582,2020:06:27 20:06:48,41.874241805,-87.622622445,270,true
Grid_Down_4-138.jpg,Grid_Down_4,18807520,84744c6498d2e53b21e4fde0d10be8eec5954ce7e0df01b79a33cff0201eba53,5467,3582,2020:06:27 20:06:51,41.8742393883333,-87.622638195,270,true
Grid_Down_4-139.jpg,Grid_Down_4,18697084,a1fda1f7ebb73bb90e2ae8928b076482ea739cf8cc2bdbd10e5de9f777b523e5,5467,3582,2020:06:27 20:06:54,41.8742475833333,-87.6225563883333,270,true
Grid_Down_4-14.jpg,Grid_Down_4,17901677,78cce6eed4fff87cd872955d20f659302aa47d43f13866c1ef16bbb39df7d09c,5467,3582,2020:06:27 20:00:37,41.8677552216667,-87.621813055,233,true
Grid_Down_4-140.jpg,Grid_Down_4,18574944,f1d146fa97177d3b14638899e14ac54fcbaec49348971528dae81bdd7ed47dca,5467,3582,2020:06:27 20:06:57,41.874257195,-87.6224576116667,270,true
Grid_Down_4-141.jpg,Grid_Down_4,18583699,aeca44a0473dee3c024bcbcb2f5dadcd2af74461c95d4a48c4385e018d94f3d8,5467,3582,2020:06:27 20:07:01,41.8742648333333,-87.6223565,270,true
Grid_Down_4-142.jpg,Grid_Down_4,18589235,461dae895357ac735f4a352c86b66cd4b0e99245bfee3bc0d8510e24d950a5fe,5467,3582,2020:06:27 20:07:03,41.8742714716667,-87.6222484716667,270,true
Grid_Down_4-143.jpg,Grid_Down_4,18642608,93523a7a3dd23e25d9470a7e3d961fd7051bd02f3b5ae772e312f87fd7acaf30,5467,3582,2020:06:27 20:07:06,41.874280555,-87.6221411666667,270,true
Grid_Down_4-144.jpg,Grid_Down_4,18690634,9a2934dd78ccdada44d81975a7cfa1b40a7bd86eeb1895f4c927a25f0ac4a2ad,5467,3582,2020:06:27 20:07:10,41.8742893883333,-87.6220317216667,270,true
Grid_Down_4-145.jpg,Grid_Down_4,19164756,8d8e97781d8212656a04c0ac724cf5710e12f4cd0056549d0a81afb6c8fb3a16,5467,3582,2020:06:27 20:07:13,41.874298055,-87.6219255,270,true
Grid_Down_4-146.jpg,Grid_Down_4,19172126,1768209bddb34750dbeb57cc2f98c0c47506e74c3581c35e594f2c9e7d921241,5467,3582,2020:06:27 20:07:16,41.874304555,-87.6218117216667,270,true
Grid_Down_4-147.jpg,Grid_Down_4,19066733,0953074c07b1be924caecd2e6dddeb368b4b5220556614a7b7f937e0bc290f4a,5467,3582,2020:06:27 20:07:19,41.8743109166667,-87.621702195,270,true
Grid_Down_4-148.jpg,Grid_Down_4,19001835,ee1a82fa505850d00b16991caa0c9c1d0f00378c02ffea5275104e044705f911,5467,3582,2020:06:27 20:07:22,41.874314945,-87.6215943883333,270,true
Grid_Down_4-149.jpg,Grid_Down_4,18961734,8fdf2faf7c89a58cb8f6a7f8d2d26dbecc3036e5c8fb57ce97d60f1521dc2e10,5467,3582,2020:06:27 20:07:25,41.8743172216667,-87.621484305,270,true
Grid_Down_4-15.jpg,Grid_Down_4,17925519,7ebb6e34dc00927143ca0dde1f0c49bcb1309d422d9325d411066ec09b7f3287,5467,3582,2020:06:27 20:00:40,41.867702195,-87.6217883333333,233,true
Grid_Down_4-150.jpg,Grid_Down_4,18959847,e4d1c4ef7c04bd12e6eae01a09b3903c7b20199ce0fb4b9660994714443c14c4,5467,3582,2020:06:27 20:07:28,41.8743171666667,-87.621376305,270,true
Grid_Down_4-151.jpg,Grid_Down_4,18963796,bfe12578c422f7ea1ee1f378a366e8355d7a5c89559fe391ce202ca427cc6b6a,5467,3582,2020:06:27 20:07:31,41.8743132216667,-87.6212706116667,269,true
Grid_Down_4-152.jpg,Grid_Down_4,19030639,82b0fd6d1fa7b25b68bc97035d95692caa2780adf04778121aa6062ffca93163,5467,3582,2020:06:27 20:07:34,41.8743068333333,-87.621193695,270,true
Grid_Down_4-153.jpg,Grid_Down_4,18866958,6e8cfc1353e2097f340a80e042ec04caa0d6a9aa1746b5c908343ff3fee87e56,5467,3582,2020:06:27 20:07:37,41.8742981383333,-87.6211758883333,271,true
Grid_Down_4-154.jpg,Grid_Down_4,18784471,52bd66d261ac1df8e3c112ed792ecc8884abb6faa298d6c3ae411df5763011cc,5467,3582,2020:06:27 20:07:40,41.874240945,-87.6211818883333,271,true
Grid_Down_4-155.jpg,Grid_Down_4,18767483,f502e4eef8429e9306347446a6a2cffcda07a027ea126e09aacb99cfe612a927,5467,3582,2020:06:27 20:07:43,41.8741657783333,-87.621190945,271,true
Grid_Down_4-156.jpg,Grid_Down_4,18446470,078c19042546e8bc93850f0734c525d77fbf0219a4900430c1a1aa381dd06692,5467,3582,2020:06:27 20:07:46,41.8740836383333,-87.6211940833333,271,true
Grid_Down_4-157.jpg,Grid_Down_4,18646236,fb005bb4c148c76df4b94bd71f406e5cf36551e095ff44fd4fdacb7250554440,5467,3582,2020:06:27 20:07:49,41.8740022783333,-87.6211922783333,271,true
Grid_Down_4-158.jpg,Grid_Down_4,18025595,95e5c3b315aeb564d85e041d519c764cae4c36046cb5e8b6b59a0266d9055e22,5467,3582,2020:06:27 20:07:52,41.873919695,-87.6211903616667,271,true
Grid_Down_4-159.jpg,Grid_Down_4,18335474,475297fd8e60b7dfcf6bb8e36756d0d91b3275f89e70695deb9325c6168b7331,5467,3582,2020:06:27 20:07:55,41.8738373616667,-87.62118875,271,true
Grid_Down_4-16.jpg,Grid_Down_4,17783890,b2bfd0a9f75cf7fcc4da4a9db9941638c7b211c5f06aee9d484fdfa2f3fad59a,5467,3582,2020:06:27 20:00:43,41.8676753616667,-87.6217788616667,233,true
Grid_Down_4-160.jpg,Grid_Down_4,18297877,67dabed52658ccf35992a3f7cc27749075d20843075db7d55bef1740086ef1cd,5467,3582,2020:06:27 20:07:58,41.8737551116667,-87.6211851383333,270,true
Grid_Down_4-161.jpg,Grid_Down_4,18387940,41b964bef90c9736035fb6f4cbd44b80f36a7e8f688a3ff699a3a98828642842,5467,3582,2020:06:27 20:08:01,41.8736696666667,-87.6211821116667,265,true
Grid_Down_4-162.jpg,Grid_Down_4,18163004,3a6d35c2946ffd986f4e93d111cbf5f0a9a7ff791c94f12290a98b52831e9c66,5467,3582,2020:06:27 20:08:04,41.873587305,-87.6211779716667,262,true
Grid_Down_4-163.jpg,Grid_Down_4,18094786,4a131a69f5ddbbe2c84e9afe89374b1238e763ccd21b4134a62d734bc222846a,5467,3582,2020:06:27 20:08:07,41.8735040283333,-87.621176055,260,true
Grid_Down_4-164.jpg,Grid_Down_4,18143648,d01791cffe501680a3cf86693755ce2fa20d7e9f9bf54112993b66b4e2bac22a,5467,3582,2020:06:27 20:08:10,41.8734224716667,-87.6211802783333,258,true
Grid_Down_4-165.jpg,Grid_Down_4,18052229,50ca2bf764a97b1fa7313ae12a02defd06a7e4b83268e1a5bb50d6e9d69b9203,5467,3582,2020:06:27 20:08:13,41.8733413616667,-87.6211854166667,258,true
Grid_Down_4-166.jpg,Grid_Down_4,18089297,e86bc7d7687c09b79492130b9b04ed3d367e12c60c1f903b0e9e227c050f7b71,5467,3582,2020:06:27 20:08:16,41.873260445,-87.6211843883333,258,true
Grid_Down_4-167.jpg,Grid_Down_4,18342420,b6195774e01a4b3a3c1cc68db63bfb921146138949a76289494415e8fcdaf03e,5467,3582,2020:06:27 20:08:19,41.873174555,-87.621179445,255,true
Grid_Down_4-168.jpg,Grid_Down_4,18330846,7e0f90ec0b08405d3fcda644e31543a2543b9a75ec58041813b22343654cde27,5467,3582,2020:06:27 20:08:22,41.873094055,-87.62117025,250,true
Grid_Down_4-169.jpg,Grid_Down_4,18416461,5d231b37ceac1945ac9cb9cf3b38d56d0221057584e2f0d4b7c7220cc82a995f,5467,3582,2020:06:27 20:08:25,41.8730149166667,-87.6211678883333,249,true
Grid_Down_4-17.jpg,Grid_Down_4,17515779,81de539215b5306eb537b6b34ec721076206663f172ee16608c001a9fb40c68c,5467,3582,2020:06:27 20:00:46,41.867626,-87.6217550283333,232,true
Grid_Down_4-170.jpg,Grid_Down_4,18631507,8263328ea144c992057472a0af5155c4d83482808365b59994cfe66d4ead167a,5467,3582,2020:06:27 20:08:28,41.8729356666667,-87.621174,249,true
Grid_Down_4-171.jpg,Grid_Down_4,18609045,2f13d37e394283a923e243b6f1c28e9ff0b759003c47e443f8d208afa2d31ee2,5467,3582,2020:06:27 20:08:31,41.8728556116667,-87.6211793883333,249,true
Grid_Down_4-172.jpg,Grid_Down_4,18782378,0de361d194266e4c75fc63c9aa16f52959fbd904d2eed6e06780b85c201a8126,5467,3582,2020:06:27 20:08:34,41.8727726383333,-87.6211902216667,244,true
Grid_Down_4-173.jpg,Grid_Down_4,18937940,6facbc33b6af1dc96a8aa8187c12df4d8d6fbea72431189aba8c3295d351de46,5467,3582,2020:06:27 20:08:37,41.872689555,-87.621195555,239,true
Grid_Down_4-174.jpg,Grid_Down_4,19177099,42cd830ef5be67db4e628557bf782c66e0edcedbafde43a90636df64b7306a99,5467,3582,2020:06:27 20:08:40,41.872611195,-87.6212001383333,235,true
Grid_Down_4-175.jpg,Grid_Down_4,19334874,36e953b88ca1ee563e84a100d072df6babaa3cfa73ce39faafe871f7b7a75907,5467,3582,2020:06:27 20:08:43,41.87253225,-87.621210055,230,true
Grid_Down_4-176.jpg,Grid_Down_4,19468680,156481b6559e01238143e33d939d6010e108eeb384197423d23816f4501b267f,5467,3582,2020:06:27 20:08:46,41.8724506666667,-87.62122575,225,true
Grid_Down_4-177.jpg,Grid_Down_4,19528568,76494e2d2c0fd3ad95856e36b853f819837a87fdc30fb25a83ae675290e81d74,5467,3582,2020:06:27 20:08:49,41.8723643616667,-87.6212328883333,220,true
Grid_Down_4-178.jpg,Grid_Down_4,17667145,1aa4d487bde446c50d21aadbd3b23cfdb0a830e2064d098560fd7c014c3a7a73,5467,3582,2020:06:27 20:08:52,41.87228675,-87.62124175,219,true
Grid_Down_4-179.jpg,Grid_Down_4,17607425,ead568712dbd61a3a922e557fda1365d6084a0df1ba0e28fa3a7b0c1d276f0be,5467,3582,2020:06:27 20:08:55,41.872207305,-87.621255945,217,true
Grid_Down_4-18.jpg,Grid_Down_4,17294933,2461dba210d2b1658d6eb4a56e100146eed77a355acc85433223cd167b040997,5467,3582,2020:06:27 20:00:49,41.8675659716667,-87.621725445,232,true
Grid_Down_4-180.jpg,Grid_Down_4,17622617,6e9d7a3a5aac41f475cc7c59db8c8c038487cb39fd280a0a8ca3a38a3a08f97a,5467,3582,2020:06:27 20:08:58,41.87212675,-87.6212714716667,215,true
Grid_Down_4-181.jpg,Grid_Down_4,17668430,c8f2141e51e4493c5968f7511f4bd43f67813c1ee891503a4e314868f68e0923,5467,3582,2020:06:27 20:09:01,41.872046055,-87.62128675,210,true
Grid_Down_4-182.jpg,Grid_Down_4,17518630,b5e633505a8b3df9ead0594a07d75d381e2d8a91374fbf7b10f369d0e8a29ba7,5467,3582,2020:06:27 20:09:04,41.8719655283333,-87.6212896116667,209,true
Grid_Down_4-183.jpg,Grid_Down_4,17451238,1095524b1dd7a90d3fd9e775727b22e5cc684f2bfce6b93a5b91ce98f7108b81,5467,3582,2020:06:27 20:09:07,41.8718858883333,-87.621287195,206,true
Grid_Down_4-184.jpg,Grid_Down_4,17005489,20fd3887299ed6382413368b692e9617bea2f26ad2f655b8ba82963b7c4d8b71,5467,3582,2020:06:27 20:09:10,41.871800695,-87.6212857216667,203,true
Grid_Down_4-185.jpg,Grid_Down_4,16330823,6faa7e7fe55be868b2f1090eb09693c674a921e592cd981137c7f473530b2b56,5467,3582,2020:06:27 20:09:13,41.8717194716667,-87.62128375,202,true
Grid_Down_4-186.jpg,Grid_Down_4,16353074,d1af2b821edb32b23b2ba9fc2ef4adba593b7449eadde3804b379fb7ecd002f1,5467,3582,2020:06:27 20:09:16,41.87163975,-87.6212824716667,202,true
Grid_Down_4-187.jpg,Grid_Down_4,16646689,3cca1529e3bf35b3b80b12e2fef6e0de632162b4dda59560e401c1a38d714ab7,5467,3582,2020:06:27 20:09:19,41.8715574716667,-87.6212794166667,202,true
Grid_Down_4-188.jpg,Grid_Down_4,17040107,2821b70d1ce09fdfa331d38cd9ecef58a743df0b3242da9851922fbcddcaaaa0,5467,3582,2020:06:27 20:09:22,41.871480195,-87.621275555,202,true
Grid_Down_4-189.jpg,Grid_Down_4,16974652,655a44d3a5d0c7a8a9e86c90f4a48a695cef546c2d815be844f49eac128791e3,5467,3582,2020:06:27 20:09:25,41.8713981666667,-87.621273695,202,true
Grid_Down_4-19.jpg,Grid_Down_4,17349231,7961e74948e42d1eba34bf19d5a21de409036564360075a33b5ba98412fa6613,5467,3582,2020:06:27 20:00:52,41.8675302216667,-87.6217081666667,233,true
Grid_Down_4-190.jpg,Grid_Down_4,18634578,3578d835e675a713e1f244e6482ca7e5cb86e574ac5a8ba58b9193342f984429,5467,3582,2020:06:27 20:09:28,41.871317695,-87.6212716383333,202,true
Grid_Down_4-191.jpg,Grid_Down_4,18228384,ecc9d628b782abf65e1c067c4aaa06653f5c18137f6b3c06fffea707f2e30142,5467,3582,2020:06:27 20:09:31,41.8712388883333,-87.621270195,203,true
Grid_Down_4-192.jpg,Grid_Down_4,18668943,e0b1891512b1e0664b678aa4f9f9aff411bced7284425e705475216a45f967b0,5467,3582,2020:06:27 20:09:34,41.8711590283333,-87.6212676116667,206,true
Grid_Down_4-193.jpg,Grid_Down_4,19431259,8f7130534b3be813db93f23ce9d19896ff4606212f209c7139c61703ca0b09b7,5467,3582,2020:06:27 20:09:37,41.87107975,-87.621263305,214,true
Grid_Down_4-194.jpg,Grid_Down_4,18379731,aaaabc104a1ba26c3dbb0f7de9e97c2ba3ee4cf19ee20a0701859bf619e9596c,5467,3582,2020:06:27 20:09:40,41.870997055,-87.6212583333333,217,true
Grid_Down_4-195.jpg,Grid_Down_4,18302198,616b5aec0c0d22a840b19c3bd30125c553afdf16fb4044855ec4ea6548cb8ef9,5467,3582,2020:06:27 20:09:43,41.870915555,-87.6212535833333,217,true
Grid_Down_4-196.jpg,Grid_Down_4,19021018,b5a9246e627ac88c1dc50e51f84866274e3dabc9d924da92035fde7821716cd0,5467,3582,2020:06:27 20:09:47,41.870833555,-87.6212480283333,218,true
Grid_Down_4-197.jpg,Grid_Down_4,19125762,28855c3c58653db13fb34d420de60dc31e6aa65caa8ccaef69a2ebad8d2fca96,5467,3582,2020:06:27 20:09:50,41.870759945,-87.6212443883333,219,true
Grid_Down_4-198.jpg,Grid_Down_4,18819386,a67aea12ef4312a02163447d70fa1a02604056ea3766a633879b1be8901fb222,5467,3582,2020:06:27 20:09:53,41.8707243616667,-87.6212413883333,219,true
Grid_Down_4-199.jpg,Grid_Down_4,18434754,c101018759549259758460f4f716bff11c44425bd3a66ebf574ced3051bce704,5467,3582,2020:06:27 20:09:56,41.870663195,-87.6212375283333,219,true
Grid_Down_4-2.jpg,Grid_Down_4,17829448,227dc28fdec3b0448dd2598b1bfd866ab2201b4aa84712def1f2ba8212bed96a,5467,3582,2020:06:27 20:00:01,41.8686831116667,-87.622252195,234,true
Grid_Down_4-20.jpg,Grid_Down_4,17421814,626d07a7a10b771b00cd8221645de65ad01ede90ebd7f5b2434d42a51623b006,5467,3582,2020:06:27 20:00:55,41.8675261666667,-87.6216864166667,233,true
Grid_Down_4-200.jpg,Grid_Down_4,18660985,94536231b50f9fc9f8e25a829e8c0578c49d28dca718901cc5466b6a53382954,5467,3582,2020:06:27 20:09:59,41.87058575,-87.62123425,219,true
Grid_Down_4-201.jpg,Grid_Down_4,19384294,46c7979140d2c37924e4d7a2b6af0535ba40b23e593b83372daebfaf9f39f095,5467,3582,2020:06:27 20:10:02,41.870506055,-87.6212313883333,220,true
Grid_Down_4-202.jpg,Grid_Down_4,19639766,a40b869900b899d4b54d944a51aa2d968d04d5c16be353b3b76b478e15f993ea,5467,3582,2020:06:27 20:10:05,41.870425555,-87.6212311383333,220,true
Grid_Down_4-203.jpg,Grid_Down_4,19982645,aa0547ce03ffa5195d71c725ef9f19e8394d04ef661e6c003853d189ec08a12e,5467,3582,2020:06:27 20:10:08,41.870348195,-87.62123575,220,true
Grid_Down_4-204.jpg,Grid_Down_4,19896644,dc550c623901710d6eb4aa361552f63f0d559fe64fbd0e8f0c8095ed1c547aa1,5467,3582,2020:06:27 20:10:11,41.8702693333333,-87.621235805,220,true
Grid_Down_4-205.jpg,Grid_Down_4,19430421,e93123ebb75c75b092d73143a7174a4b93a065fd4fb39b50cda264e66024116f,5467,3582,2020:06:27 20:10:14,41.8701884166667,-87.6212363616667,223,true
Grid_Down_4-206.jpg,Grid_Down_4,19521211,90d8378993d9421a8fa2e557cad17f84d8c088a1ea2a439001c4c34aec2e0578,5467,3582,2020:06:27 20:10:17,41.8701078616667,-87.6212283883333,228,true
Grid_Down_4-207.jpg,Grid_Down_4,18904917,0c88f31e8a512202db3df1da3aca1dfbae11e9f54f7f707508c8275c5df91910,5467,3582,2020:06:27 20:10:20,41.870030945,-87.6212213616667,232,true
Grid_Down_4-208.jpg,Grid_Down_4,19128133,7ec44eefcbe35ebe8f42376a5162c37fc88df469bd7c0af2b25f1f8c0b035ab9,5467,3582,2020:06:27 20:10:23,41.869951695,-87.6212175283333,233,true
Grid_Down_4-209.jpg,Grid_Down_4,19469617,e146930e50ff979d9bb81630a4e2540c3477ca8746542f448cf9df13719b9f78,5467,3582,2020:06:27 20:10:26,41.869871695,-87.621216695,233,true
Grid_Down_4-21.jpg,Grid_Down_4,17623449,62f8c75e11cd5810508af5b1af3e279a18d3f97b02221ba6cd93b465ee267de8,5467,3582,2020:06:27 20:00:58,41.8675395,-87.621620195,233,true
Grid_Down_4-210.jpg,Grid_Down_4,19428540,580d5d23304a3866e521c6efd9ca6ff0db6d29c216cade20aac36ea744b64284,5467,3582,2020:06:27 20:10:29,41.869791805,-87.621207195,233,true
Grid_Down_4-211.jpg,Grid_Down_4,19213276,d5928d1c8c872e0ffb84ffc4aff976e0a2e478bf5cf380eba90849d4afde41b5,5467,3582,2020:06:27 20:10:32,41.8697098333333,-87.6211889716667,233,true
Grid_Down_4-212.jpg,Grid_Down_4,19208329,402d4928b044bc02ae7a48c1925b59af607fdeec8d4ebe32d7f5519ca7a2faf7,5467,3582,2020:06:27 20:10:35,41.8696309716667,-87.6211709166667,233,true
Grid_Down_4-213.jpg,Grid_Down_4,19560061,788f8dd5873841421d39ab0688b5b3e9abfed53472cc4625a0cbcd4abc8bcf0c,5467,3582,2020:06:27 20:10:38,41.8695529716667,-87.6211458333333,233,true
Grid_Down_4-214.jpg,Grid_Down_4,19492514,6c41a0b4d7bb6006a75866f616b7b22f65707181b256ad075c8d314988e72005,5467,3582,2020:06:27 20:10:41,41.86947425,-87.621126195,233,true
Grid_Down_4-215.jpg,Grid_Down_4,19470667,f9aa24eded1a20f86771b08ff398fc63357a381c44161ec37468df808347975b,5467,3582,2020:06:27 20:10:44,41.8693937783333,-87.621121695,233,true
Grid_Down_4-216.jpg,Grid_Down_4,19273102,d14519fbe68cf85c6a3aa6018e350cc6b637f484248e3a143c88b02266a2af1c,5467,3582,2020:06:27 20:10:47,41.8693168883333,-87.6211165283333,233,true
Grid_Down_4-217.jpg,Grid_Down_4,19052440,42888b9432d9685a7f2fad7dc056cab81e168ec966a29cb5b9955e00b14808a2,5467,3582,2020:06:27 20:10:50,41.8692389716667,-87.6211076383333,233,true
Grid_Down_4-218.jpg,Grid_Down_4,18791660,41bc4150559c56999233c5135c0d9168c90d0a7526f906efd0ff5ff3c7b53331,5467,3582,2020:06:27 20:10:53,41.8691566383333,-87.62109775,232,true
Grid_Down_4-219.jpg,Grid_Down_4,18510795,0068af0a904db075df5c101382465337f9dd986818bea68ce7e22cdde58d8788,5467,3582,2020:06:27 20:10:56,41.869072,-87.6210816666667,235,true
Grid_Down_4-22.jpg,Grid_Down_4,17536271,deaec52a50d13dfe0bc6f18066d435e5c70fcbd26cc6005f0d7f62233188d9b6,5467,3582,2020:06:27 20:01:01,41.8675649166667,-87.6215234166667,233,true
Grid_Down_4-220.jpg,Grid_Down_4,18370517,d279e4cf77e1649d193413cee1861d5a9eb904866c88e1e84fec72b0cdab8a13,5467,3582,2020:06:27 20:10:59,41.8689970283333,-87.6210682216667,241,true
Grid_Down_4-221.jpg,Grid_Down_4,18626198,4b9e7deba9956e16736705e2b70cab5fd75fe310926ab8977d3278563f405d22,5467,3582,2020:06:27 20:11:02,41.8689180833333,-87.621056805,242,true
Grid_Down_4-222.jpg,Grid_Down_4,17893063,9f61babc13086747f848df2b476fb414145c45fca23c0a9d4e8b9cbc2f3b3a9f,5467,3582,2020:06:27 20:11:05,41.8688881383333,-87.6210592783333,242,true
Grid_Down_4-223.jpg,Grid_Down_4,17402621,2d95ec8e1e058957f339999a108e750a9e62a41b466575d35f05505078610b7c,5467,3582,2020:06:27 20:11:08,41.8688858616667,-87.6210726116667,242,true
Grid_Down_4-224.jpg,Grid_Down_4,16675101,6ac3121e38f58acb46d1b208eab4acfdf69e89089d99634bf991cffa634285c2,5467,3582,2020:06:27 20:11:11,41.8689255833333,-87.6211021383333,242,true
Grid_Down_4-225.jpg,Grid_Down_4,16605869,8b14bc7fa7a8c325fa8e1687e9995f87df39540c6c1d3d64ae0b96a89c80bf56,5467,3582,2020:06:27 20:11:14,41.868998055,-87.6211075833333,242,true
Grid_Down_4-226.jpg,Grid_Down_4,17340012,107ee72011f8880ac991da139d128e966e37ab87f54ef8f01abdd645d9e92a64,5467,3582,2020:06:27 20:11:17,41.869026695,-87.621091945,242,true
Grid_Down_4-227.jpg,Grid_Down_4,19308490,f1d88017bfc480c6dc54c399ac6346f54d90ba912914fb5218450caa31f8f48f,5467,3582,2020:06:27 20:11:20,41.8689898883333,-87.6210375283333,242,true
Grid_Down_4-228.jpg,Grid_Down_4,19913486,163bebf262dba896294ab2dce372c3e632fad9276764b44475c0f665b8526a3c,5467,3582,2020:06:27 20:11:23,41.8689487783333,-87.6210155283333,243,true
Grid_Down_4-229.jpg,Grid_Down_4,19846109,9ab14565a3e030ca16c6de52ed16b9feb085257b89ff5f3a16677b63a9da4add,5467,3582,2020:06:27 20:11:26,41.8689269166667,-87.6209541666667,243,true
Grid_Down_4-23.jpg,Grid_Down_4,17233184,c31600360af4bffa72b10629f6b44abfb52a18021a2ffc01edcd4d7165a52ebb,5467,3582,2020:06:27 20:01:04,41.8676048883333,-87.621438555,234,true
Grid_Down_4-230.jpg,Grid_Down_4,19792691,e8622d4551dee5e0e4e97cc2e4e043f2f56c90c9d3fa683fb05ed778087d8760,5467,3582,2020:06:27 20:11:29,41.8689253616667,-87.620893695,243,true
Grid_Down_4-231.jpg,Grid_Down_4,19737328,a2d007e23484bf09441bc4759671d457b540206c7b2b527eadff29eddef7d8c7,5467,3582,2020:06:27 20:11:32,41.8689295283333,-87.620878195,243,true
Grid_Down_4-232.jpg,Grid_Down_4,19734842,0fe67ce7ef4e95354b520841ba50301fa25eb0abd40a776e4c7d0aed139c1846,5467,3582,2020:06:27 20:11:35,41.8689884716667,-87.6208806383333,243,true
Grid_Down_4-233.jpg,Grid_Down_4,19668541,2501ecef5ab1a9609566363e8031bbbe955dabfad2ac7115b14119ff4061538c,5467,3582,2020:06:27 20:11:38,41.86906575,-87.6208899716667,243,true
Grid_Down_4-234.jpg,Grid_Down_4,19973248,29b9988923a468788ceea2b6ce180d8f80e4220f434631ac3625e956bcec86fa,5467,3582,2020:06:27 20:11:41,41.8691459166667,-87.62090875,243,true
Grid_Down_4-235.jpg,Grid_Down_4,20180043,d8606f88cfbaf5d89036f3b59b41299b0231b8e152920d868b329cfa492714e6,5467,3582,2020:06:27 20:11:44,41.8692165283333,-87.620904055,243,true
Grid_Down_4-236.jpg,Grid_Down_4,20101556,84fd2142ec41c5114b4f9cdab993fc84000d03ae8533297991bcc233619ad109,5467,3582,2020:06:27 20:11:47,41.869294695,-87.6209000833333,243,true
Grid_Down_4-237.jpg,Grid_Down_4,20116018,b35ed6937012e02e82e7096c4b90b5e8dac1a8ad99c5fd1346518dd1e64b42f4,5467,3582,2020:06:27 20:11:50,41.8693771116667,-87.6208792783333,243,true
Grid_Down_4-238.jpg,Grid_Down_4,20056580,6ddcd85599cfcf21638811fabe2fa55ab1381ee53d4cff9aea39823650720353,5467,3582,2020:06:27 20:11:53,41.8694580833333,-87.6208686666667,243,true
Grid_Down_4-239.jpg,Grid_Down_4,19893342,40d684cb55285bccb93157080b5c5bdaca1ad3499cd2e1ba31f9e91fc2519cf4,5467,3582,2020:06:27 20:11:56,41.869538445,-87.62085725,243,true
Grid_Down_4-24.jpg,Grid_Down_4,18886299,62d6c7d53fa3dc90ce2c8c042c8e4ab7fa8cea49f38f7ae4c45d76fcda13549c,5467,3582,2020:06:27 20:01:07,41.867578055,-87.6214152216667,234,true
Grid_Down_4-240.jpg,Grid_Down_4,19882424,80cac5be041176c4401df8a526f5d9b7d2b2b335480888b4746a517f2a7540eb,5467,3582,2020:06:27 20:11:59,41.8696196116667,-87.6208501383333,243,true
Grid_Down_4-241.jpg,Grid_Down_4,17788267,36073f2513f24702918d332d573e2ffbe1b363757101eff33001b48bbdf5a995,5467,3582,2020:06:27 20:12:02,41.8697003883333,-87.6208495833333,244,true
Grid_Down_4-242.jpg,Grid_Down_4,17747977,31e3a8abfeb5bf402689076cf7ed4e6abd833c91a4def412f9c0affb6089e739,5467,3582,2020:06:27 20:12:05,41.869784055,-87.6208507783333,244,true
Grid_Down_4-243.jpg,Grid_Down_4,17726913,0e61ffe6979d2042272cd1ac41067056e65535fdda8c209f079b1492afc46a5f,5467,3582,2020:06:27 20:12:08,41.8698659166667,-87.6208534716667,244,true
Grid_Down_4-244.jpg,Grid_Down_4,17636815,e452f6fa0df37b4b71ada796277dfcd2a49e8c83815c74fbd8e33ba10ee70ca8,5467,3582,2020:06:27 20:12:11,41.869946445,-87.62085525,243,true
Grid_Down_4-245.jpg,Grid_Down_4,17475397,8addd761aa1eae66f388ec6650ce099c800b780523e69b8784d5712807c4c558,5467,3582,2020:06:27 20:12:14,41.8700269716667,-87.6208586666667,243,true
Grid_Down_4-246.jpg,Grid_Down_4,17472486,f3cb2f9a1e8b5c4cab6ed005e242280d2e6e923c56b7e46227e5894fa064972f,5467,3582,2020:06:27 20:12:17,41.87010675,-87.6208627216667,243,true
Grid_Down_4-247.jpg,Grid_Down_4,17634269,248ff7820190c83be41a35be1eaa011954632a32030db7b368b337f952498c15,5467,3582,2020:06:27 20:12:20,41.8701897783333,-87.6208725283333,243,true
Grid_Down_4-248.jpg,Grid_Down_4,17638017,146c8d76b544f959b797ed2fe7d37fd5bfab0b0de85d8e0fa485aabbfc5446d9,5467,3582,2020:06:27 20:12:23,41.8702703616667,-87.6208883333333,243,true
Grid_Down_4-249.jpg,Grid_Down_4,17389021,9c9777a0132c3bdb685fd125215003cf3f528a1dc21a6478bf2b7d4f1d7f8d88,5467,3582,2020:06:27 20:12:26,41.8703516116667,-87.6208982216667,243,true
Grid_Down_4-25.jpg,Grid_Down_4,18780384,e1e93754b736190760700adb0075bd33a51b19798a6fd65075f2851c6f72c736,5467,3582,2020:06:27 20:01:10,41.8675411116667,-87.6213356383333,234,true
Grid_Down_4-250.jpg,Grid_Down_4,17323261,66575e4e3ed3562ad7ab015475d950a4c6225fdd0184386f5ed83f8d229077cc,5467,3582,2020:06:27 20:12:29,41.870431945,-87.6209028616667,243,true
Grid_Down_4-251.jpg,Grid_Down_4,17207975,794a4c1093f15917d8ab486a8fab9032592bfe56579c1d4385c218c4d450ddc4,5467,3582,2020:06:27 20:12:33,41.8705133616667,-87.620908445,243,true
Grid_Down_4-252.jpg,Grid_Down_4,17335692,c7a26166b82764dd04d12171c0f206c33d929297ba19d045e9b5030b3a9f4697,5467,3582,2020:06:27 20:12:36,41.870593555,-87.620923055,243,true
Grid_Down_4-253.jpg,Grid_Down_4,17561553,4a4b52d2329b1501431a458701451baefda2e419e81ac031eb56dc7766383a4f,5467,3582,2020:06:27 20:12:39,41.8706758883333,-87.6209457216667,243,true
Grid_Down_4-254.jpg,Grid_Down_4,17619660,1780a856140ef1a13cedb8bf7eadd79a42466117aaa58df3d36054d0bdd15077,5467,3582,2020:06:27 20:12:42,41.8707560833333,-87.6209634716667,243,true
Grid_Down_4-255.jpg,Grid_Down_4,17755070,a436afd26be8a215bd8dcd09fd41431c3277186f7e9f34bfb7e17d340325bb44,5467,3582,2020:06:27 20:12:45,41.8708363333333,-87.6209754166667,244,true
Grid_Down_4-256.jpg,Grid_Down_4,17674159,924f458516b319a93ee58661e2b3d7a6925068ca55353466449bf5971f632a63,5467,3582,2020:06:27 20:12:48,41.870915445,-87.6209841666667,244,true
Grid_Down_4-257.jpg,Grid_Down_4,17501269,e369adb98a3e58dee570cdd2bb965aee52677fd24011b6abd21600f01a7eddfc,5467,3582,2020:06:27 20:12:51,41.8709953883333,-87.620989555,244,true
Grid_Down_4-258.jpg,Grid_Down_4,17363447,a432bc1108ba058f30277d774ec8635edf2874858cf4b76cf378bf54ce94283a,5467,3582,2020:06:27 20:12:54,41.871074,-87.6210077216667,243,true
Grid_Down_4-259.jpg,Grid_Down_4,17204311,af5c30c62ba2347819e9632c4c089d33186931fbe3a3a296a3bb5052a3dfd9df,5467,3582,2020:06:27 20:12:57,41.8711599716667,-87.621035055,243,true
Grid_Down_4-26.jpg,Grid_Down_4,18711595,04b785889cd355aaffc2bb9416d4019780ed82d2083503f6586e572f4a15f015,5467,3582,2020:06:27 20:01:13,41.86747625,-87.621271555,233,true
Grid_Down_4-260.jpg,Grid_Down_4,17340162,06c49c2f7ddae9515aa306c7e9b6afc250c53019998937d198239af05e11a893,5467,3582,2020:06:27 20:13:00,41.871233555,-87.621050305,243,true
Grid_Down_4-261.jpg,Grid_Down_4,18580066,9321825f43a656ca3112889c2ccb3f560533c3d0df049a903d9e9c4d48dbc28b,5467,3582,2020:06:27 20:13:03,41.8713131116667,-87.6210608333333,243,true
Grid_Down_4-262.jpg,Grid_Down_4,18006728,b83f89131933f5e387a64f8acb38ec8ce6b46c38e3f0bbed7d6ec3cfe26cfb29,5467,3582,2020:06:27 20:13:06,41.871393445,-87.6210742783333,244,true
Grid_Down_4-263.jpg,Grid_Down_4,18228776,2f8524f22080e3aad7171b32d486ab4a3ebafa802bdc0ba1ca332e55fd1e41ca,5467,3582,2020:06:27 20:13:09,41.8714721666667,-87.621087555,244,true
Grid_Down_4-264.jpg,Grid_Down_4,18222158,66927cf8e4d18c196f6982af98da1029754023e651076c05bddd146f82b60723,5467,3582,2020:06:27 20:13:12,41.8715556383333,-87.6210993616667,244,true
Grid_Down_4-265.jpg,Grid_Down_4,18129739,edbc9313a92372d11a5844258f7b343f3477377e9b5acda3342529b666c69cb0,5467,3582,2020:06:27 20:13:15,41.8716372783333,-87.6211118883333,244,true
Grid_Down_4-266.jpg,Grid_Down_4,18115359,eade5f4390d5fe57f2b1e3a1aea541ab4ba3ce39a81e80d3977453f1b7651a84,5467,3582,2020:06:27 20:13:18,41.871718055,-87.621127305,244,true
Grid_Down_4-267.jpg,Grid_Down_4,17564355,132f287fd17b66c640a123f8533ce52a641b14908511bea2c15e7021ebcef6fb,5467,3582,2020:06:27 20:13:21,41.871797805,-87.6211444166667,244,true
Grid_Down_4-268.jpg,Grid_Down_4,17457442,02d3633f439cfa0e2fb460fc0e7fbc27e03557fb2d42334fea36a418ecef5efa,5467,3582,2020:06:27 20:13:24,41.8718779166667,-87.621160555,244,true
Grid_Down_4-269.jpg,Grid_Down_4,17358885,2ad55237e56d92d047f8e37c248afea426577c38050b1abcbbb56bd275ca3487,5467,3582,2020:06:27 20:13:27,41.8719609166667,-87.621174195,244,true
Grid_Down_4-27.jpg,Grid_Down_4,17393888,3da45325c8fda7e6346bf70fe29c5b66b22fcbb69c814198775d434f7ecf8382,5467,3582,2020:06:27 20:01:16,41.867441805,-87.62118625,234,true
Grid_Down_4-270.jpg,Grid_Down_4,18040186,c40d7e6139908694fff6773bb71d72fc85c1a88fe54c1ccd40c3aecb82eb43f8,5467,3582,2020:06:27 20:13:30,41.872041555,-87.6211862783333,244,true
Grid_Down_4-271.jpg,Grid_Down_4,18392436,40a924281e279a963236da4ce31e980b93ad86908d01d009d6cfc5d300d6bda8,5467,3582,2020:06:27 20:13:33,41.8721223883333,-87.621197555,244,true
Grid_Down_4-272.jpg,Grid_Down_4,18529016,ea10b15e87d71b7dc2a2a4a6cbd5c27345aa321777ea2641f4034e9ceec655e2,5467,3582,2020:06:27 20:13:36,41.8722036383333,-87.621207055,244,true
Grid_Down_4-273.jpg,Grid_Down_4,19025106,06ea3dbc9c1df7b187741a77e9ef7debd810f8782c1d6d8b7a4e4459e48325d8,5467,3582,2020:06:27 20:13:39,41.8722855,-87.6212183333333,244,true
Grid_Down_4-274.jpg,Grid_Down_4,18793971,412019b1f26b5431ecbbcee65b6bcc5831104dc6d487f62427b5a0c3ca07b25b,5467,3582,2020:06:27 20:13:42,41.87237025,-87.6212340283333,244,true
Grid_Down_4-275.jpg,Grid_Down_4,19522046,ef90c01d6e61f07814de46e378bc412bf3c5d719fcf15813c258a8cba0257cb2,5467,3582,2020:06:27 20:13:45,41.8724514166667,-87.6212497783333,244,true
Grid_Down_4-276.jpg,Grid_Down_4,19527823,2daa38a9c946daae9c323be2f111ffaa2da52b88bf99f4a04f47f099d9092716,5467,3582,2020:06:27 20:13:48,41.872532,-87.621268195,244,true
Grid_Down_4-277.jpg,Grid_Down_4,19560310,f89e54ca63ab79ca975000d715046ecfa69953d61d5ee9816b4763f11727319d,5467,3582,2020:06:27 20:13:51,41.8726092783333,-87.6212883883333,244,true
Grid_Down_4-278.jpg,Grid_Down_4,19497665,7508383cb85a7f03285416b5130bf1fe8b13348d1533b83b3ce28f1f69614037,5467,3582,2020:06:27 20:13:54,41.872685805,-87.6213118616667,244,true
Grid_Down_4-279.jpg,Grid_Down_4,19404070,4a1ef94821baf9038ded3db7349fcb7bc04355ea18f984242365a33e6b6b5c0c,5467,3582,2020:06:27 20:13:57,41.8727636116667,-87.6213340833333,244,true
Grid_Down_4-28.jpg,Grid_Down_4,18091455,b0d759c168c140f3347773ffe50d10a891e0dc3dd1f3bf7675346b676d81d427,5467,3582,2020:06:27 20:01:19,41.867439,-87.6210825833333,234,true
Grid_Down_4-280.jpg,Grid_Down_4,19487599,b6f66cc8f5c389efa3c22b3aa4a959086e94edaecc11626032958089cc887c42,5467,3582,2020:06:27 20:14:00,41.8728428883333,-87.6213571666667,244,true
Grid_Down_4-281.jpg,Grid_Down_4,19110916,b57fbacfc58eadb1edb6407ddd304064a9ab4c2c7edf499a929035d5b89909e1,5467,3582,2020:06:27 20:14:03,41.872924555,-87.6213827783333,244,true
Grid_Down_4-282.jpg,Grid_Down_4,19613549,27c41ebd6136a3db804ce1df2745959ab67597535939114b01a60dae247fd75a,5467,3582,2020:06:27 20:14:06,41.8730032216667,-87.6214075833333,244,true
Grid_Down_4-29.jpg,Grid_Down_4,18119214,b625530c541d7b07c16c084f472ddaa033ada1668b70900641b13872f1b51599,5467,3582,2020:06:27 20:01:22,41.8674259716667,-87.621042055,234,true
Grid_Down_4-3.jpg,Grid_Down_4,17784318,2beae554cf70d94186aa258a609e2da2f134d8280d88285d1cbc6e9a4b7374db,5467,3582,2020:06:27 20:00:04,41.8686135833333,-87.622219445,234,true
Grid_Down_4-30.jpg,Grid_Down_4,17164208,0daf777881dba6c3044de5cceed929d85056d6e56d406cd86ab923f46d21feda,5467,3582,2020:06:27 20:01:25,41.8674309166667,-87.6209749166667,234,true
Grid_Down_4-31.jpg,Grid_Down_4,16957005,82e82e79ef8c0f15a36831fa4a52f413fa52d21c7ac9b615fe2d8dcbd022769f,5467,3582,2020:06:27 20:01:28,41.867452445,-87.6209325283333,234,true
Grid_Down_4-32.jpg,Grid_Down_4,17528225,d94d87f39a678a29fd058a79a999ee575c4c9838638bb2534d83440cbfe5b4b6,5467,3582,2020:06:27 20:01:31,41.8674890833333,-87.620864,235,true
Grid_Down_4-33.jpg,Grid_Down_4,17946123,5f2ab712cb7b69d5ad0938b75047f7a78d26fd86e1f98be7ea4a5ed5183e8014,5467,3582,2020:06:27 20:01:35,41.867547305,-87.6207978333333,235,true
Grid_Down_4-34.jpg,Grid_Down_4,17367314,e04277ca13186487922c8b6310e8bddad0344c0c57e8b220bc85f2696dfbade5,5467,3582,2020:06:27 20:01:37,41.867613055,-87.6207391383333,235,true
Grid_Down_4-35.jpg,Grid_Down_4,18360446,37b4ff5566c0a84f9bdd9f0a3a95dcc499cda6760d754e55a5b40cde9c500a93,5467,3582,2020:06:27 20:01:41,41.8676790833333,-87.620702195,236,true
Grid_Down_4-36.jpg,Grid_Down_4,18502939,e7324a187bfe76b6a441e5532f0e7845b363d34232849a4e5e62dba9e66fdf21,5467,3582,2020:06:27 20:01:44,41.867742555,-87.620668805,237,true
Grid_Down_4-37.jpg,Grid_Down_4,17491900,65a53f0a2407fc04ee8fb67765b0d2dfb2aeef6b5ea796d8bca301e7f0168405,5467,3582,2020:06:27 20:01:47,41.8677639716667,-87.620654305,242,true
Grid_Down_4-38.jpg,Grid_Down_4,19186659,3a82a19f616f23f8958d551b28d528edd26e52723f711ead7d3b98c03b4ac4c6,5467,3582,2020:06:27 20:01:50,41.867767055,-87.6206511666667,249,true
Grid_Down_4-39.jpg,Grid_Down_4,18943594,bbdb2bfbc27d21a87db5f35ed3265af9d39153dcf06ef066d54af7c86f559685,5467,3582,2020:06:27 20:01:53,41.8677663333333,-87.620652055,251,true
Grid_Down_4-4.jpg,Grid_Down_4,17834695,b4090ec12c4befa67c1695c53b3f8369766255029ccd72143bd67b8ebc4fe98a,5467,3582,2020:06:27 20:00:07,41.8685371383333,-87.6221797216667,234,true
Grid_Down_4-40.jpg,Grid_Down_4,18897816,ba23b61ad05799dedf981fd0d8e6bc0055ec3f894f2884daa9dba250bbdf1828,5467,3582,2020:06:27 20:01:56,41.867785695,-87.6206413883333,251,true
Grid_Down_4-41.jpg,Grid_Down_4,18631020,be1f0c96342113f4848f6258038902795a470716caf8b9f9b76e6b1b4a5d78ce,5467,3582,2020:06:27 20:01:59,41.867853945,-87.6206148883333,251,true
Grid_Down_4-42.jpg,Grid_Down_4,18650012,655691fb43a7414ab1ab983a9641550d73db18e9bca8c385cf136607cd776a02,5467,3582,2020:06:27 20:02:02,41.867933695,-87.620599945,250,true
Grid_Down_4-43.jpg,Grid_Down_4,18434452,f9c5f8a95014aa54e6a3b88385b69f252a58a132763683fde9ad6eb7eceb1a42,5467,3582,2020:06:27 20:02:05,41.8680146666667,-87.6206030283333,250,true
Grid_Down_4-44.jpg,Grid_Down_4,18232048,bdc17fafc486ccad2e36408b4e31791dc1287d35e5468605b936f447ae13c6fc,5467,3582,2020:06:27 20:02:08,41.8680934166667,-87.6206348616667,250,true
Grid_Down_4-45.jpg,Grid_Down_4,18340154,63f23af7aed06623b999e076a8cb650ef0c5fdd169eaafe73c12f9f2accbc611,5467,3582,2020:06:27 20:02:11,41.868170555,-87.6206781666667,250,true
Grid_Down_4-46.jpg,Grid_Down_4,17624630,682eb566812acb7bf93e5f7aa0eca667bf6da09fc3bddf1d9e3daebb543a5d0a,5467,3582,2020:06:27 20:02:14,41.8682493333333,-87.620710195,250,true
Grid_Down_4-47.jpg,Grid_Down_4,18249427,4f461168f02ba99266f83ae537a541b8ff9f383f43a2a7ccb218793c8d4e5038,5467,3582,2020:06:27 20:02:17,41.868289195,-87.6207211383333,252,true
Grid_Down_4-48.jpg,Grid_Down_4,18196994,eeec16720ad91dc357cc50b090c25e6fd3bb2ec542b6390fae70464dccf8dd85,5467,3582,2020:06:27 20:02:20,41.868295445,-87.6207219716667,259,true
Grid_Down_4-49.jpg,Grid_Down_4,18043429,4758239071050ea4f17937c3c7e90869b356eda114e8c4890687180bf73bd504,5467,3582,2020:06:27 20:02:23,41.8682985833333,-87.6207037783333,268,true
Grid_Down_4-5.jpg,Grid_Down_4,17924765,ac0983231a918cf6ffb95f976c7d75e159da2df212dc7f59e6457fcb285991c2,5467,3582,2020:06:27 20:00:10,41.868458945,-87.622140195,234,true
Grid_Down_4-50.jpg,Grid_Down_4,17903695,4ffa85c3cef9bcdb43052ded064fd6cd587b3ee4f38597878f2b1e2d9eee9761,5467,3582,2020:06:27 20:02:26,41.868310055,-87.6206491383333,276,true
Grid_Down_4-51.jpg,Grid_Down_4,17490648,29776fea1432b7f2655bdf6e0b8b5fc209a829566577454edc98bb765a77260a,5467,3582,2020:06:27 20:02:29,41.868322555,-87.6205821666667,277,true
Grid_Down_4-52.jpg,Grid_Down_4,18052837,e79a04abad4ec315074be403d79820398ee52586fb16653f68e5f43f9fea4a80,5467,3582,2020:06:27 20:02:32,41.8683451383333,-87.620500555,277,true
Grid_Down_4-53.jpg,Grid_Down_4,18035816,af4cb6a61312e94cefed51461ac9da7d2597190e2e11781b89d55f6d372ddc5b,5467,3582,2020:06:27 20:02:35,41.868352445,-87.6204718883333,281,true
Grid_Down_4-54.jpg,Grid_Down_4,18163733,72dab541d639d6a26b09fb43ce7b72edc9e3aefe2a53262d8a0915a9930a107f,5467,3582,2020:06:27 20:02:38,41.868367945,-87.6204614716667,282,true
Grid_Down_4-55.jpg,Grid_Down_4,18052409,a9de37d3632bb5b119df7bca4c90c8471a59dd85eb67a23142302039e5ebbe55,5467,3582,2020:06:27 20:02:41,41.8684266383333,-87.6204901116667,282,true
Grid_Down_4-56.jpg,Grid_Down_4,17813331,003a7e297588d7f00dec2a470db688146e4d1d084459fa725ac15fb46a4ce2f5,5467,3582,2020:06:27 20:02:44,41.868498805,-87.6205290833333,282,true
Grid_Down_4-57.jpg,Grid_Down_4,17968463,fa24b551c946224118502e68225ccba3b6de1aa62f5f9da54676ee37683371f7,5467,3582,2020:06:27 20:02:47,41.868575805,-87.6205554166667,281,true
Grid_Down_4-58.jpg,Grid_Down_4,17953216,74989fc0303cef1d993d818eb47c84fb62f81c9e8b9fa8fa516b38cd4852d7bd,5467,3582,2020:06:27 20:02:50,41.8686573616667,-87.620575305,284,true
Grid_Down_4-59.jpg,Grid_Down_4,17834019,43e1684c61a62168997494df86e70d8062c97d6ab4e8e95d06b0655678b82738,5467,3582,2020:06:27 20:02:53,41.8687392783333,-87.6205941666667,285,true
Grid_Down_4-6.jpg,Grid_Down_4,17979753,aee094ed1991081ce1dcba530dd9697a820a59918a56b7061adfec7e2255e63d,5467,3582,2020:06:27 20:00:13,41.868380695,-87.6221030833333,234,true
Grid_Down_4-60.jpg,Grid_Down_4,17767654,a7d804d852dba553a0b1619f9dfa1e1153ffed0fb0d0987c51693e6091656766,5467,3582,2020:06:27 20:02:56,41.868820695,-87.6206241383333,285,true
Grid_Down_4-61.jpg,Grid_Down_4,17729406,bbaf625d33f5291ec81afd592fddfc639c80aeaa59281daa42e3e28865bcc4bf,5467,3582,2020:06:27 20:02:59,41.8688976116667,-87.6206590283333,285,true
Grid_Down_4-62.jpg,Grid_Down_4,17672188,789991f4c960b74ff9e872375a20f9ed13e3ff90aa3fe0fbed66091e9ce95422,5467,3582,2020:06:27 20:03:02,41.8689738883333,-87.620694945,285,true
Grid_Down_4-63.jpg,Grid_Down_4,17641818,67f44e1ee4d53a00a42300c1629b12cb2dc72fd453bdd0fd2eb7ea75724713b6,5467,3582,2020:06:27 20:03:05,41.869053945,-87.6207246666667,285,true
Grid_Down_4-64.jpg,Grid_Down_4,17698518,4df6ccbcbd6f639d977608e321ffd7fcf88d6c7f2c434851e8374f21b7909f5d,5467,3582,2020:06:27 20:03:08,41.8691348333333,-87.6207472783333,285,true
Grid_Down_4-65.jpg,Grid_Down_4,17570292,77831f05e6d8e5be8de0501d88774082982979a3e0dfd3e1ca227190699ed6fb,5467,3582,2020:06:27 20:03:11,41.869217055,-87.6207666383333,285,true
Grid_Down_4-66.jpg,Grid_Down_4,17618635,bdc776b810f0b622ef1a16ee5915006290556f54895158a9a0eeff092bcbd82a,5467,3582,2020:06:27 20:03:14,41.869300055,-87.6207798883333,285,true
Grid_Down_4-67.jpg,Grid_Down_4,17645728,8a9531db805601eaf3f20d7c84041cc9bddbfdd55b7d504607e79f2482730887,5467,3582,2020:06:27 20:03:17,41.869380945,-87.6208000283333,284,true
Grid_Down_4-68.jpg,Grid_Down_4,17326190,6d54ffabac849aa58614dc3b6bedec880ff4d2a06d6ea4a62a9b14034fc79eb9,5467,3582,2020:06:27 20:03:20,41.8694578616667,-87.6208356666667,284,true
Grid_Down_4-69.jpg,Grid_Down_4,17366906,1018edc0c3c33f2a47a580cff9e3348df2bc979de9c930765aa7c5e68dd66789,5467,3582,2020:06:27 20:03:23,41.8695346116667,-87.6208715283333,284,true
Grid_Down_4-7.jpg,Grid_Down_4,18124041,91f0860c8f41df6899d51a02db453ea3e0461ac75c743e2a06f41e7fd3d65838,5467,3582,2020:06:27 20:00:16,41.8683056666667,-87.62206825,234,true
Grid_Down_4-70.jpg,Grid_Down_4,17380400,6782f0533d0de453bbbf5dc1819fd9c9ff2574814d0af44e2a598296625802d3,5467,3582,2020:06:27 20:03:26,41.8696093883333,-87.6209078333333,283,true
Grid_Down_4-71.jpg,Grid_Down_4,17499037,fd5bc996cefe5052d5d2cbc135d5d7a0e44280fbbf56c25a213a3637536e6d2a,5467,3582,2020:06:27 20:03:29,41.8696845283333,-87.62094225,283,true
Grid_Down_4-72.jpg,Grid_Down_4,17544590,3ae065e01e397cbeb66e155eb4cf39fa824e21da20393b0c55f7948ee6b4c7c4,5467,3582,2020:06:27 20:03:32,41.8697616666667,-87.6209777216667,283,true
Grid_Down_4-73.jpg,Grid_Down_4,17542367,00d51af15df45648622bbd2f0d374a77d16a38a2107858daaff455c6f2132220,5467,3582,2020:06:27 20:03:35,41.8698413333333,-87.6210095283333,283,true
Grid_Down_4-74.jpg,Grid_Down_4,17607155,bbfffeec929917c8694c5d565445e301d4d512326b5f96c360c253cbd9d05eaa,5467,3582,2020:06:27 20:03:38,41.8699173883333,-87.6210405833333,283,true
Grid_Down_4-75.jpg,Grid_Down_4,17508971,c2a136867c467c1615edfad5a177a23340d482a72a30ed6f50e16e943d323aad,5467,3582,2020:06:27 20:03:41,41.8699941116667,-87.6210671666667,283,true
Grid_Down_4-76.jpg,Grid_Down_4,17598517,2bc2e3e78876ec655a3ca0795e4b4a173c471b84999b85dfaed0d081fac09ae5,5467,3582,2020:06:27 20:03:44,41.8700738616667,-87.6210895,283,true
Grid_Down_4-77.jpg,Grid_Down_4,17999705,924a4cc03b51c8d13ab6436e0add7fe7a9782880f73cc9aadc7f8618e4ab4bae,5467,3582,2020:06:27 20:03:47,41.8701551116667,-87.6211186383333,283,true
Grid_Down_4-78.jpg,Grid_Down_4,17967783,83f15d03274050b907e4f92e0b580713ec0a17824da72962d718febf98080a5a,5467,3582,2020:06:27 20:03:50,41.8702307216667,-87.621148555,282,true
Grid_Down_4-79.jpg,Grid_Down_4,18070152,237f624575aa82d68487bdc1da663caa0ae8dca9c65fdeedfd1f5ebde6cf43fc,5467,3582,2020:06:27 20:03:53,41.870305945,-87.6211837216667,282,true
Grid_Down_4-8.jpg,Grid_Down_4,18139197,15501f550b5d9d5b66969b362506b38be0e113d23079a3f51b6b5a3abce8567e,5467,3582,2020:06:27 20:00:19,41.86822975,-87.6220337783333,234,true
Grid_Down_4-80.jpg,Grid_Down_4,18144720,7e78a25313145c27fa5e53a90c80e6abdad995b3d686aff2edbe870db4451176,5467,3582,2020:06:27 20:03:56,41.870379305,-87.6212329716667,282,true
Grid_Down_4-81.jpg,Grid_Down_4,18175061,5ee7b5ac25b9a9aaa65575a5aa4babb264c2f0494ec66e24cc7d2b7fbc008174,5467,3582,2020:06:27 20:03:59,41.870451445,-87.6212815,282,true
Grid_Down_4-82.jpg,Grid_Down_4,18610919,dfd96e560b325c20c7da98ead217f418ec94b74424147b4bc1246289bf948bea,5467,3582,2020:06:27 20:04:02,41.8705206116667,-87.6213254166667,282,true
Grid_Down_4-83.jpg,Grid_Down_4,18136569,58ef5325fdd823ad61017898c9386ca74958cab5233b0ae29daaa8ca71f1b28c,5467,3582,2020:06:27 20:04:05,41.8705818883333,-87.6213612783333,282,true
Grid_Down_4-84.jpg,Grid_Down_4,18088063,a2bceee1b778db229d5f609cad6ba7ebd456dbc893d60258c7e635c67e0cbd27,5467,3582,2020:06:27 20:04:08,41.8706522216667,-87.6214024166667,282,true
Grid_Down_4-85.jpg,Grid_Down_4,18141729,1b4fd05ee9dc4cda8a06fa8046e45d9d5a2ae22ae6677b32fc85d13e33e79d63,5467,3582,2020:06:27 20:04:11,41.8707265283333,-87.6214429716667,282,true
Grid_Down_4-86.jpg,Grid_Down_4,18528201,c118302e89ce24e5ccdf45d81cf928e3e45b56e8c8e92949d9a6d5d60d1e1944,5467,3582,2020:06:27 20:04:14,41.8708023883333,-87.6214805283333,282,true
Grid_Down_4-87.jpg,Grid_Down_4,18577055,62f4721471ad26a7ee4c5f8e16c7a9b8270c3f3688caae3c5f71a4da4bd77b55,5467,3582,2020:06:27 20:04:17,41.8708792216667,-87.6215083883333,282,true
Grid_Down_4-88.jpg,Grid_Down_4,18603743,71a5b1ed75554df6431b2c9cae53e13a1f99e1eea9e760c5f6441dbc8c39aace,5467,3582,2020:06:27 20:04:20,41.8709587783333,-87.6215265283333,282,true
Grid_Down_4-89.jpg,Grid_Down_4,18587820,dfd6c6b7ab38ef60666c3dafb3caf29f7e3645bdd6d365bf173c083ee3334874,5467,3582,2020:06:27 20:04:23,41.8710339166667,-87.6215581383333,282,true
Grid_Down_4-9.jpg,Grid_Down_4,18089975,40d6545e3156a92176c5aa27d587ea2a0db1ddbf68cb748729234612fe6def6a,5467,3582,2020:06:27 20:00:22,41.8681503616667,-87.6219957783333,234,true
Grid_Down_4-90.jpg,Grid_Down_4,18551287,5722e061e3fe3ba44ec72aad19f86f24b3989fea0ed8543f65210cef3a42c25b,5467,3582,2020:06:27 20:04:27,41.8711077216667,-87.621593555,282,true
Grid_Down_4-91.jpg,Grid_Down_4,18504862,469fb9d6c517ff0640fec4ba283a04cf2dd2f670d1ab0ebecdda2827909d3872,5467,3582,2020:06:27 20:04:30,41.871180695,-87.621634805,282,true
Grid_Down_4-92.jpg,Grid_Down_4,18515567,6a7c385c94a924eb6787362040b49f949bc600cdf90b2e031a09757fd47d389d,5467,3582,2020:06:27 20:04:33,41.8712575283333,-87.6216783333333,282,true
Grid_Down_4-93.jpg,Grid_Down_4,17685887,262f21b3b1da715e5c5043290d31e7e70d78e4c8fb57f14af481edc114354be4,5467,3582,2020:06:27 20:04:36,41.8713335283333,-87.62171575,282,true
Grid_Down_4-94.jpg,Grid_Down_4,18259812,88796f7bfedc077d7e03c18b4a20f570b40fad8f08f7e2fe4f2c753e3a8f5023,5467,3582,2020:06:27 20:04:39,41.871414805,-87.621728945,282,true
Grid_Down_4-95.jpg,Grid_Down_4,18261726,bf6a2cd3626f8cbac7cc9b95c66a7b79a8b68cc674befb394b6b1e81849e59bf,5467,3582,2020:06:27 20:04:42,41.8714957783333,-87.6217395283333,282,true
Grid_Down_4-96.jpg,Grid_Down_4,18203422,b7f54bad7896fbb24fd5be82791397ce00e5d5ba9b87bd0c7cfedc4292e770e7,5467,3582,2020:06:27 20:04:45,41.8715765,-87.621748055,281,true
Grid_Down_4-97.jpg,Grid_Down_4,18179254,b3aecab15de37fd3e94e9c55884c4293c59f34f388e95dfe30ed01810ccfd22e,5467,3582,2020:06:27 20:04:48,41.8716563616667,-87.6217415283333,282,true
Grid_Down_4-98.jpg,Grid_Down_4,18139080,95c5f4edddcbbd7c386a42efa172c65852771702178944d6756eec5a1563d587,5467,3582,2020:06:27 20:04:51,41.8717378333333,-87.6217373616667,282,true
Grid_Down_4-99.jpg,Grid_Down_4,18083559,35cbb4f17d0fec79494896733fd5709118b0c61d61db62d568987e79d212bf26,5467,3582,2020:06:27 20:04:54,41.8718191383333,-87.6217423616667,282,true
Park_Overhead_-1.jpg,Park_Overhead_,16606765,4af58016cfebbf9615b8be4d3c71e949deab57d302ffeacfd6263fcac89dc445,5467,3582,2020:06:28 13:47:49,41.8719840283333,-87.621424945,183,true
Park_Overhead_-10.jpg,Park_Overhead_,14375013,87e6bc4caab65d16de4230061f80b2d26874d495a836cdf8e0b0475c02bdd2f8,5467,3582,2020:06:28 13:48:17,41.8718975833333,-87.6214128333333,184,true
Park_Overhead_-100.jpg,Park_Overhead_,15598200,7a5d4d4171c380fcdd9be4718e5a0a017eb7c7a9cd9b68e4bf34c4b11afb50f8,5467,3582,2020:06:28 13:53:20,41.871884555,-87.6212689716667,195,true
Park_Overhead_-101.jpg,Park_Overhead_,15592491,1576093c37a92342692f9b19998d682dbcd22c4c38c24f6c2459568af53f4882,5467,3582,2020:06:28 13:53:23,41.8718891116667,-87.6213124166667,195,true
Park_Overhead_-102.jpg,Park_Overhead_,15581772,79d6d233e82a234ef1fbb2eb2552df70af04fc4d56664966d878547da02081e4,5467,3582,2020:06:28 13:53:26,41.8718955833333,-87.6213782216667,196,true
Park_Overhead_-103.jpg,Park_Overhead_,15599027,47bc730839410ac448e2c5d226207986ba3d036ceae0e680bd4013042b7a9f02,5467,3582,2020:06:28 13:53:29,41.8719013333333,-87.6214340283333,196,true
Park_Overhead_-104.jpg,Park_Overhead_,15560019,8a51d370d80b0fc9ef7126af97d012c4ca80f42060dfbf6b986a96b9504e3275,5467,3582,2020:06:28 13:53:32,41.8719052216667,-87.6214939716667,196,true
Park_Overhead_-105.jpg,Park_Overhead_,15466762,b08d180834b9234038d7697d3a99522b842120e37c219896d191027b8ff7368c,5467,3582,2020:06:28 13:53:35,41.8719086666667,-87.621565055,197,true
Park_Overhead_-106.jpg,Park_Overhead_,14835955,c70bef1bfffc72c46b6e9c663883cfe379d3eba4c6c99279669af0979774ac36,5467,3582,2020:06:28 13:53:38,41.871913,-87.6216468333333,197,true
Park_Overhead_-107.jpg,Park_Overhead_,15329912,0e9704ad36579bd5495153361cfc212111e19f18c0e6fdf4a891834bc3fa3a7c,5467,3582,2020:06:28 13:53:41,41.8719167216667,-87.621667695,197,true
Park_Overhead_-108.jpg,Park_Overhead_,16224380,9bcb5bbadabc58153227349601835261663d48bcba7eb5c4e0783264a8aaf2e2,5467,3582,2020:06:28 13:53:44,41.8718913333333,-87.6216190283333,197,true
Park_Overhead_-109.jpg,Park_Overhead_,16217472,14e4bbc135cba1315f5f5d153867ab98b3894656cf47cdd61ce376b225e4072a,5467,3582,2020:06:28 13:53:47,41.871866945,-87.6215814166667,197,true
Park_Overhead_-11.jpg,Park_Overhead_,14286314,91226322c7bdd20fb045cb582d7dbaabf6a8c3833c665ad01c757630d72233e8,5467,3582,2020:06:28 13:48:19,41.8719014716667,-87.6213976666667,184,true
Park_Overhead_-110.jpg,Park_Overhead_,16201906,d5c91fdcc85f0fb1c31647b9723b5c9a9b01c9e932f57ad6ddb0f82345c61aae,5467,3582,2020:06:28 13:53:50,41.8718616383333,-87.6215426116667,197,true
Park_Overhead_-111.jpg,Park_Overhead_,15041684,2ae204d7aeb4b7b8e55bc61ff7e95126cb83fe97aa8a2dc908b7fab468cc2958,5467,3582,2020:06:28 13:53:53,41.8718603333333,-87.6215263616667,197,true
Park_Overhead_-112.jpg,Park_Overhead_,15922564,9fc688183d75691bfd79f40f76183d644a09f4012ea0519259195bcb47336892,5467,3582,2020:06:28 13:53:56,41.8718657216667,-87.6215216116667,197,true
Park_Overhead_-113.jpg,Park_Overhead_,15742277,9302438de3eb8522b3d9917d9bc678d2b257aaa5a080906fed0592c0f63db0f6,5467,3582,2020:06:28 13:53:59,41.8719220833333,-87.6215129166667,197,true
Park_Overhead_-114.jpg,Park_Overhead_,15905870,5dcbc55ed1a6911dcf14dfd77ef60d78de4740548f6fc474e695562236c117e8,5467,3582,2020:06:28 13:54:03,41.871962,-87.621508555,198,true
Park_Overhead_-115.jpg,Park_Overhead_,15720340,e82b7a58a11f033e04319d8bc2a556ea5821ddf31ea1b65b5b5e87a6b3d2ea2e,5467,3582,2020:06:28 13:54:06,41.8720118616667,-87.621503445,198,true
Park_Overhead_-116.jpg,Park_Overhead_,15603997,52d8b842ae73273a14d799d0245cf9eb634644f5eba9343078d7cc2452c972d5,5467,3582,2020:06:28 13:54:09,41.872086805,-87.6214933883333,198,true
Park_Overhead_-117.jpg,Park_Overhead_,15912453,e612ab07e3347ec858dd0da0e9067c6c94fc407e5e1ccc319f9e7078891c03a7,5467,3582,2020:06:28 13:54:12,41.8721465833333,-87.6214849716667,198,true
Park_Overhead_-118.jpg,Park_Overhead_,15949327,d5b06e06610115f4f15763fd8b35c73b80eff97d7f2488cde61a28f3cab7c062,5467,3582,2020:06:28 13:54:15,41.8721796116667,-87.6214823333333,198,true
Park_Overhead_-119.jpg,Park_Overhead_,15936286,95f7bc5dc82dbc85bc0551aae4c34d76a1a74c0f48b7be37586238255d9ede28,5467,3582,2020:06:28 13:54:18,41.8722476116667,-87.62147875,198,true
Park_Overhead_-12.jpg,Park_Overhead_,13581878,70ee0468e29d9e0edf5ae7e051bb5a3e37acc9182e32389ac618a1e3abfaffb6,5467,3582,2020:06:28 13:48:23,41.8719027216667,-87.6213842216667,184,true
Park_Overhead_-120.jpg,Park_Overhead_,16147524,d02cca1d90cc0988fddda1f6a22057d86881f747c831a7b5222d4cdd54af1eb2,5467,3582,2020:06:28 13:54:21,41.8722863333333,-87.621475305,198,true
Park_Overhead_-121.jpg,Park_Overhead_,15979473,d9b2983d535e9bfcc136a88ebca93dcd5001c1cdbb45217e15cca9474fd6a476,5467,3582,2020:06:28 13:54:24,41.872324445,-87.6214953616667,198,true
Park_Overhead_-122.jpg,Park_Overhead_,16046977,8b61a18a2e522b77d3d543f76134ee5787fb23a3fecb85ffeade5e05b6af95c6,5467,3582,2020:06:28 13:54:27,41.872378805,-87.6215078333333,197,true
Park_Overhead_-123.jpg,Park_Overhead_,16089628,67cfd357ace22e8fda732f7a6ad213f01bc603417afff2e9766ddbc9af8dff39,5467,3582,2020:06:28 13:54:30,41.872438445,-87.621507555,197,true
Park_Overhead_-124.jpg,Park_Overhead_,16217685,711e2909bcdd438d7ab6a5cc2e9eb6b69440a0ca0d198f7f17a06f966b41fdc8,5467,3582,2020:06:28 13:54:33,41.8725066383333,-87.6215043616667,196,true
Park_Overhead_-125.jpg,Park_Overhead_,15088429,acd3712e9b3279229be56c860be086d73735ea33d1cb7acd116dd4e750c90357,5467,3582,2020:06:28 13:54:36,41.8725319716667,-87.6215030283333,199,true
Park_Overhead_-126.jpg,Park_Overhead_,15498105,18d9a711fc6e15085eb77c9f53a8b4510f5fcfa79e45cbd0cbc899bced354076,5467,3582,2020:06:28 13:54:39,41.8725478333333,-87.6214996383333,199,true
Park_Overhead_-127.jpg,Park_Overhead_,15659722,a397f89972b04f0f944d72b627f4b77e5a57653a1d1001b828ca5ef0ad08eff9,5467,3582,2020:06:28 13:54:42,41.872592695,-87.621493555,199,true
Park_Overhead_-128.jpg,Park_Overhead_,15382358,0bdfa4f2ca54a6c379a73c0bc6adf8eefab835ae32fafafbb1964418d753f580,5467,3582,2020:06:28 13:54:45,41.8726133333333,-87.6214919716667,199,true
Park_Overhead_-129.jpg,Park_Overhead_,15327789,a13187c50d6f6e100141d51f116259f1c7554d938dd1ec944ff869b6c301b2e0,5467,3582,2020:06:28 13:54:48,41.8726656666667,-87.621482445,199,true
Park_Overhead_-13.jpg,Park_Overhead_,13574387,36977bc3a76c641e85f1db31bc659cdae9684c9b1576995d93b9c94f487a9259,5467,3582,2020:06:28 13:48:26,41.87190275,-87.621393055,184,true
Park_Overhead_-130.jpg,Park_Overhead_,14929672,fa0dcb771d0c83dc52c79e09161c0185a0def16043aa9312825bd55c913612c0,5467,3582,2020:06:28 13:54:51,41.872687055,-87.6214798616667,199,true
Park_Overhead_-131.jpg,Park_Overhead_,15775854,3ee40bd29e9ac3ae8adbc3bce674414cabd4a15d6f75518e8241b76fd6c3d700,5467,3582,2020:06:28 13:54:54,41.8726474166667,-87.6215258883333,199,true
Park_Overhead_-132.jpg,Park_Overhead_,15170203,6f1db047290441b29b27dba3ada5dddf0fa88f51ee1d24e6ee037ef9b9a3517e,5467,3582,2020:06:28 13:54:57,41.8725974716667,-87.6216031116667,199,true
Park_Overhead_-133.jpg,Park_Overhead_,15577324,293054df671fe0b0b6f5407f415c0ebc40d464832062d39a9cb08ee93f2d6afd,5467,3582,2020:06:28 13:55:00,41.872585945,-87.621632945,199,true
Park_Overhead_-134.jpg,Park_Overhead_,16324874,3f1381c675928f5995b223a4c77091224a3935dc57084c1513e31f1e112b1b51,5467,3582,2020:06:28 13:55:03,41.872560055,-87.6216421116667,199,true
Park_Overhead_-135.jpg,Park_Overhead_,16566109,c10d3cfda9e8a34391191561d725b579e4371f62409b6c73051a986a5f73dd62,5467,3582,2020:06:28 13:55:06,41.87259475,-87.6216333616667,199,true
Park_Overhead_-136.jpg,Park_Overhead_,16237153,ebaade855bb6e1fdadcd97ebf34f0efc06d704218a04189e17dadba9adeee5db,5467,3582,2020:06:28 13:55:09,41.8726301116667,-87.6216103616667,199,true
Park_Overhead_-137.jpg,Park_Overhead_,16639989,b64ffaf44bcb8af831814cf4c0711500eb9cace8c893d34dc2fc214c10b092c8,5467,3582,2020:06:28 13:55:12,41.8726338883333,-87.621525,199,true
Park_Overhead_-138.jpg,Park_Overhead_,16480124,27075e327bfcde386903dad7d2f7bad8021a6d0196b801a013bb165498cb7a9f,5467,3582,2020:06:28 13:55:15,41.8726388616667,-87.6214204166667,199,true
Park_Overhead_-139.jpg,Park_Overhead_,16600859,110b0e9679ddcd1f7a6d52948f22a991a99a90ae30dadf7697196851ba8d5d07,5467,3582,2020:06:28 13:55:18,41.872650055,-87.6213283333333,197,true
Park_Overhead_-14.jpg,Park_Overhead_,13522221,b08826274affb7afaf131855f2f137d734e4c9e84239491e4476a05c337473da,5467,3582,2020:06:28 13:48:29,41.8719033616667,-87.621450695,184,true
Park_Overhead_-140.jpg,Park_Overhead_,16386178,7daa0f9e9d72984377030d142748eca64f6385edac74629c78937ae93b5afbb6,5467,3582,2020:06:28 13:55:21,41.8726556666667,-87.621278695,196,true
Park_Overhead_-141.jpg,Park_Overhead_,15283738,c677f99e5f9c8f9ac6eca2aec6cf5cf90e7b63674911d2f377ef37dae726a826,5467,3582,2020:06:28 13:55:24,41.872656055,-87.62121725,196,true
Park_Overhead_-142.jpg,Park_Overhead_,16483087,9d9090fffce31af57e039047d16bfc052915f99777db0c8d07716c4dbef7900b,5467,3582,2020:06:28 13:55:27,41.8726710833333,-87.62125325,196,true
Park_Overhead_-143.jpg,Park_Overhead_,16510523,c6f0f12c9e9e42d8f2fd6f485d74a7b0b599608cfd6926386aa78468c77f0f66,5467,3582,2020:06:28 13:55:30,41.8727090283333,-87.621331,196,true
Park_Overhead_-144.jpg,Park_Overhead_,16462772,92e10935c42e8caeb867595bf0eb66b12aefc77e8002f3209beb9b56dd0f4db6,5467,3582,2020:06:28 13:55:33,41.8727578333333,-87.621344305,195,true
Park_Overhead_-145.jpg,Park_Overhead_,17065750,4e77c35d487b30d5eb15c5a1c8a649b99c2d9572af78ff71f0fecf611196c8f5,5467,3582,2020:06:28 13:55:36,41.8728021383333,-87.6212782216667,196,true
Park_Overhead_-146.jpg,Park_Overhead_,16032083,f9a53ab3f06450175b6785bc335c526efb8f3bab5f14627b4324590d3b3adc6c,5467,3582,2020:06:28 13:55:39,41.872785555,-87.6212387783333,196,true
Park_Overhead_-147.jpg,Park_Overhead_,16929996,225fe623fb82966a5dd0031bd917288e9740d21034f3091443dc6304d192a929,5467,3582,2020:06:28 13:55:42,41.8727563616667,-87.6212613883333,196,true
Park_Overhead_-148.jpg,Park_Overhead_,16856407,08d76cd545c31f06ac0b69754f40a3eeeb7f50f4cf6042be11a691dd7776e21a,5467,3582,2020:06:28 13:55:45,41.8727382216667,-87.6212999716667,197,true
Park_Overhead_-149.jpg,Park_Overhead_,15401506,2a4d22584f7799c6233de0929d4206bf7f776ad94b3248e33b2167776532426a,5467,3582,2020:06:28 13:55:48,41.8727020283333,-87.6213495,197,true
Park_Overhead_-15.jpg,Park_Overhead_,13623638,4dbf574017f2db91243391c7815124c6de47a6a8cbaecc98f1ad3c3e9091544b,5467,3582,2020:06:28 13:48:32,41.8719038883333,-87.6214889166667,184,true
Park_Overhead_-150.jpg,Park_Overhead_,17832657,788ac22a224c2069ce09cb715853ac24d91787e2f556f9e2b56ee0f8184b4d7c,5467,3582,2020:06:28 13:55:51,41.8726436383333,-87.621360805,197,true
Park_Overhead_-151.jpg,Park_Overhead_,17951652,11dc10e39fdb026eb7321a233b1143bf209fc34eaa98de5306812a6e5b20b86f,5467,3582,2020:06:28 13:55:54,41.8726195,-87.6213661116667,197,true
Park_Overhead_-152.jpg,Park_Overhead_,18005507,28be68cc21dccc9f040ba1f365322c6e0760e25917f19a3c4b9f3ca6fc6bb550,5467,3582,2020:06:28 13:55:57,41.8726025833333,-87.621369695,197,true
Park_Overhead_-153.jpg,Park_Overhead_,17832524,f2f9874b3bdcbd4e8f4ef62bcaf1bbb1531bdde50977fafbd6187ee65a328d93,5467,3582,2020:06:28 13:56:00,41.8725720283333,-87.6213701116667,197,true
Park_Overhead_-154.jpg,Park_Overhead_,17840420,d485dce1668054d9886050524cb4eecd506bcf95b4763d3cc75653a1a1cd1e39,5467,3582,2020:06:28 13:56:03,41.8725293883333,-87.6213677216667,197,true
Park_Overhead_-155.jpg,Park_Overhead_,17586728,ca250a13f55a3efaa72bcc85054a4d70a518697bb669283cba3f9a8319528bd9,5467,3582,2020:06:28 13:56:06,41.8724703333333,-87.6213608333333,197,true
Park_Overhead_-156.jpg,Park_Overhead_,17648132,3e2e31f9ba9ceb894919897f82123e3a23f6074a29298ee70e109040414b1aaa,5467,3582,2020:06:28 13:56:09,41.872420695,-87.6213534166667,196,true
Park_Overhead_-157.jpg,Park_Overhead_,17560957,a8188512049da73c9242220e4165d86ffbae3fb222319d10f57aef9cb189ada5,5467,3582,2020:06:28 13:56:13,41.8723628616667,-87.621347195,196,true
Park_Overhead_-158.jpg,Park_Overhead_,17762209,48a8002b842ea15ad4e5a16115e3b277b1630e88531f9e01eaa7f509f747e6ae,5467,3582,2020:06:28 13:56:16,41.872326445,-87.62134125,196,true
Park_Overhead_-159.jpg,Park_Overhead_,17654166,037303265d728e2bf95443768adecfe0ebd1045edc74fd009db19431fdcccb9d,5467,3582,2020:06:28 13:56:19,41.8722820283333,-87.621332805,196,true
Park_Overhead_-16.jpg,Park_Overhead_,13428666,ab63ee7e830625e1abe41fe7e5e0681c553b3dd8eddc4e82093822b551823f7a,5467,3582,2020:06:28 13:48:35,41.871905445,-87.6215102783333,184,true
Park_Overhead_-160.jpg,Park_Overhead_,17562560,1c50b15b14b8695865e89b683dc4d72a1bd3236669fef3f743642772b330b5f3,5467,3582,2020:06:28 13:56:22,41.872209555,-87.621320555,196,true
Park_Overhead_-161.jpg,Park_Overhead_,17636073,9c7f80918a9e4e119548b6901d174e9d34d0a0116c2b83b450c66b218c0947a6,5467,3582,2020:06:28 13:56:25,41.8721380833333,-87.6213115,196,true
Park_Overhead_-162.jpg,Park_Overhead_,17763231,6237ef8b5fd090a62ad03af69076b4032904980dd15025f205fb7dbc994b806d,5467,3582,2020:06:28 13:56:28,41.8720892783333,-87.6213024716667,196,true
Park_Overhead_-163.jpg,Park_Overhead_,17941775,59a093b835c18e2b1fd694ddc8516cb1779e79336ee77989bc549cf274fe0d00,5467,3582,2020:06:28 13:56:31,41.8720402783333,-87.62129325,196,true
Park_Overhead_-164.jpg,Park_Overhead_,17754079,15a2a6a591ac8f611f4a7b6787593498ab0c5a83bbf3b492473dd5352606c850,5467,3582,2020:06:28 13:56:34,41.8719993616667,-87.621288695,196,true
Park_Overhead_-165.jpg,Park_Overhead_,17869839,cd96c105aefed131a75ab392663abfc774c7a89dc09793ac347a8a1187112f29,5467,3582,2020:06:28 13:56:37,41.8719552783333,-87.6212844716667,196,true
Park_Overhead_-166.jpg,Park_Overhead_,17831073,d6422f677d927a0b24a26ebbff543e0f5068472e6658c2926a3b0679204cbbe5,5467,3582,2020:06:28 13:56:40,41.8719035833333,-87.621281445,196,true
Park_Overhead_-167.jpg,Park_Overhead_,17904901,9d0df0b854e19a41f3545a955afde1b6807b0a12421335cf05e37f35a038f2ba,5467,3582,2020:06:28 13:56:43,41.87185125,-87.6212779716667,196,true
Park_Overhead_-168.jpg,Park_Overhead_,17686957,41872a3ebf26f69cad2e285069e30d000d0c0b38c1a5e2129a21282ad70677e9,5467,3582,2020:06:28 13:56:46,41.8718008333333,-87.62127275,196,true
Park_Overhead_-169.jpg,Park_Overhead_,16840859,9b5594ede0d94a43621bf9b7bec49ea5b28cb6fbfbe585004fb09d5bc7110b13,5467,3582,2020:06:28 13:56:49,41.8717627783333,-87.621270805,196,true
Park_Overhead_-17.jpg,Park_Overhead_,13082052,96bb099b95ed69aec31f7625e2ef686fe479f6a894b81e6ad5e9bbe44b6bf4eb,5467,3582,2020:06:28 13:48:38,41.8719124716667,-87.6215405833333,184,true
Park_Overhead_-170.jpg,Park_Overhead_,17508825,5a612c16c663521e981723f38b3e69d92ca1a878386a8b6261085926a5ceb7e8,5467,3582,2020:06:28 13:56:52,41.871744945,-87.621273305,196,true
Park_Overhead_-171.jpg,Park_Overhead_,17545670,fe502ba3925c5da544422646716a48c07e55a691cb9e94bb6fb3813a8ac93d13,5467,3582,2020:06:28 13:56:55,41.8717627216667,-87.6212663883333,196,true
Park_Overhead_-172.jpg,Park_Overhead_,17291309,e56ef72e494f333b1c59db6175b4efd50d249909087db5314fba5a435201663c,5467,3582,2020:06:28 13:56:58,41.8717971666667,-87.6212466666667,196,true
Park_Overhead_-173.jpg,Park_Overhead_,17350014,1498853925155e35eca00ab5a9ba154b89176bc3c16c6ff2115dbd8ae8f54f97,5467,3582,2020:06:28 13:57:01,41.871821555,-87.621218195,196,true
Park_Overhead_-174.jpg,Park_Overhead_,17210908,6a2355b803822af755568ba6ef437d168e66f95b18f0fee1d7f3f5678ad6d3b5,5467,3582,2020:06:28 13:57:04,41.871843,-87.6211826666667,197,true
Park_Overhead_-175.jpg,Park_Overhead_,16151157,af32cced97d5c1eeba08d17aab0c00af89742f1a4c0f79c4b9d10b1480972237,5467,3582,2020:06:28 13:57:07,41.8718462783333,-87.621171305,197,true
Park_Overhead_-176.jpg,Park_Overhead_,15987543,a6631968084e9dd353d68b65968f87bcee8fd29db6d4c17202006ab1a9e502c8,5467,3582,2020:06:28 13:57:10,41.871842,-87.621193445,197,true
Park_Overhead_-177.jpg,Park_Overhead_,15683917,417d4e53c22761104966da594b9fe98d96188a7202f153664bdb5b46b355b91b,5467,3582,2020:06:28 13:57:13,41.8718414716667,-87.6212156116667,197,true
Park_Overhead_-178.jpg,Park_Overhead_,15755423,2eea58c661c459e17468e2225d26df1b0e63c72c2ee8d4d9d10d09c0f590e15c,5467,3582,2020:06:28 13:57:16,41.8718649716667,-87.6212540283333,197,true
Park_Overhead_-179.jpg,Park_Overhead_,15791713,6ca43a92d6cd1c62c7bb8a5756eab038c4dcd60860ddfdd564145fada3222b85,5467,3582,2020:06:28 13:57:19,41.8718690283333,-87.621335445,197,true
Park_Overhead_-18.jpg,Park_Overhead_,13704288,0500db0828cd2e6d0844b6d1cbe3832300bb6312807cd1b22757c25f36641186,5467,3582,2020:06:28 13:48:41,41.871915695,-87.6215486116667,184,true
Park_Overhead_-180.jpg,Park_Overhead_,14861346,3e42cc8ce12ffc48d3934434626f495054b607a734fecbb742ec44a45fd1d9e9,5467,3582,2020:06:28 13:57:22,41.871866,-87.62136075,201,true
Park_Overhead_-181.jpg,Park_Overhead_,16807689,e52dfb6c876c2b90e58752d42f73afc84c78d0ddd4ef01644334723617ec0fc0,5467,3582,2020:06:28 13:57:45,41.8719221666667,-87.6213823333333,216,true
Park_Overhead_-182.jpg,Park_Overhead_,16603157,b582ce78f41312b08ba811cae5af9893ae0d155b830d609c6d480b5b7bf60dd6,5467,3582,2020:06:28 13:57:48,41.871921445,-87.621459805,216,true
Park_Overhead_-183.jpg,Park_Overhead_,16361177,114cd5c182377f28fdd1077c21d07db5c1cd0285764d80255c2cb73c82906d59,5467,3582,2020:06:28 13:57:51,41.8719195,-87.6215636116667,216,true
Park_Overhead_-184.jpg,Park_Overhead_,16115201,e4fae7e3fa1bc56afc641ef413aa52a108d7639da70b3a4c3854df88493dca5b,5467,3582,2020:06:28 13:57:54,41.871918,-87.6216721383333,216,true
Park_Overhead_-185.jpg,Park_Overhead_,16245161,ab3250cb9b3d25f479d911b5b9ad0a82657f6394b499c47a2af3ec9325cc9b48,5467,3582,2020:06:28 13:57:57,41.8719243883333,-87.621759195,217,true
Park_Overhead_-186.jpg,Park_Overhead_,16761715,bc0b85104ff12bd3915d618d22ea1b9d3f4da92adca5b1debe3da75bc4a129ff,5467,3582,2020:06:28 13:58:00,41.8719268883333,-87.6217558883333,217,true
Park_Overhead_-187.jpg,Park_Overhead_,19016900,ca3cd1661f06e272ba8a34869588a306c5e04c0cb6a38cb0d35494a1e13f9bcb,5467,3582,2020:06:28 13:58:03,41.8719502783333,-87.6216963883333,217,true
Park_Overhead_-188.jpg,Park_Overhead_,17357741,d003a8f660fbc490c7ee39989e4980b3ae03af680d97ca207d330e7e15df5e89,5467,3582,2020:06:28 13:58:06,41.8719761383333,-87.6216257216667,217,true
Park_Overhead_-189.jpg,Park_Overhead_,18243881,0ca4fef0a0f268b6a40ba6e5030c1ca03329dcf0693adb901ea123ba96816eba,5467,3582,2020:06:28 13:58:09,41.8719377783333,-87.6215782783333,217,true
Park_Overhead_-19.jpg,Park_Overhead_,12768420,035de0f5219ade8f299e45923b66b192424bdc879239fa69509014055c988cc2,5467,3582,2020:06:28 13:48:44,41.87192175,-87.6215598616667,185,true
Park_Overhead_-190.jpg,Park_Overhead_,17752723,8f56e2c846e004d41c3618ea40038f5e84570b16749ba0ada7a4546ef22bef8f,5467,3582,2020:06:28 13:58:12,41.871879,-87.6215586383333,217,true
Park_Overhead_-191.jpg,Park_Overhead_,17891723,db19748ba813a300bb312bc5980c2d41e122fb247353b511b5db9e04bab97059,5467,3582,2020:06:28 13:58:15,41.8718428616667,-87.6215545283333,216,true
Park_Overhead_-192.jpg,Park_Overhead_,17813353,b3c4b98001db413984efd4f5088abff3c21087d0dd1b03623042c4868e758ec2,5467,3582,2020:06:28 13:58:18,41.87186375,-87.6215511383333,216,true
Park_Overhead_-193.jpg,Park_Overhead_,17697062,3c902367a04d3699e2426093788de1ac71963e4795e967ed753005ee5f056f68,5467,3582,2020:06:28 13:58:21,41.8719330283333,-87.6215427216667,216,true
Park_Overhead_-194.jpg,Park_Overhead_,17577173,a2f3ef247d172fc598b45c1d0c80830e77265dbb044a802dd78ffbb44451f227,5467,3582,2020:06:28 13:58:24,41.872013445,-87.621536305,216,true
Park_Overhead_-195.jpg,Park_Overhead_,17749147,4ee61093b8d70ae5793cc9558a55663f595ea26298a87db185484420df2b11d0,5467,3582,2020:06:28 13:58:27,41.872099195,-87.6215410283333,216,true
Park_Overhead_-196.jpg,Park_Overhead_,17495774,7e516d374bb10f431c71c938c75defa4fe4784826df8de6ef3016b18d814934d,5467,3582,2020:06:28 13:58:30,41.8721805,-87.6215470833333,216,true
Park_Overhead_-197.jpg,Park_Overhead_,17196599,79f2bdff2a874799e5966ea2409708ea1fe1a7bc3bbaa62e8ddd81b52661cf7c,5467,3582,2020:06:28 13:58:33,41.8722631383333,-87.62155125,216,true
Park_Overhead_-198.jpg,Park_Overhead_,17459283,e7950aa53c055861d5e4f06b80f4a9c85a747a456e8f37cb5765bc7f6def0947,5467,3582,2020:06:28 13:58:36,41.8723456383333,-87.6215556666667,215,true
Park_Overhead_-199.jpg,Park_Overhead_,17618784,f54aba9c09abfc7256f6300dad67ca0fc899dcc19ff2a02b69b3e41da97c42fa,5467,3582,2020:06:28 13:58:39,41.8724273333333,-87.6215625,215,true
Park_Overhead_-2.jpg,Park_Overhead_,15007987,223629314aba1fa35073784ab0838750b5214f3add7e8290bb13f4d9403669e0,5467,3582,2020:06:28 13:47:52,41.8719823616667,-87.6214247216667,183,true
Park_Overhead_-20.jpg,Park_Overhead_,14149640,ae71d5640e6310512507386a510611dcf48a1d1cf75d67d2cc3c17c6300190a7,5467,3582,2020:06:28 13:48:47,41.8719253616667,-87.6215584166667,185,true
Park_Overhead_-200.jpg,Park_Overhead_,17715043,889b56f6fda254645dd5893559d3b10b174b3841646725abb85c543ec2138587,5467,3582,2020:06:28 13:58:42,41.8725090283333,-87.6215688616667,216,true
Park_Overhead_-201.jpg,Park_Overhead_,17811774,ab60f1240616d09a28aa0b6d934f35e79773aeedec92bbf9525629740a4d8ccb,5467,3582,2020:06:28 13:58:45,41.8725831116667,-87.6215755833333,216,true
Park_Overhead_-202.jpg,Park_Overhead_,17701563,46fcc423c74311b418b954065aa2568dcd76950ea3e40f614fb851265d39a584,5467,3582,2020:06:28 13:58:48,41.8726360833333,-87.6215815833333,216,true
Park_Overhead_-203.jpg,Park_Overhead_,17150917,92f6d43a0a2677d9160cd36d77fc6f7297055d656f359942aae7583fc4975f90,5467,3582,2020:06:28 13:58:51,41.872704305,-87.6215858883333,216,true
Park_Overhead_-204.jpg,Park_Overhead_,17059509,bc154992df700e230ccf8fcdecaf431087e7b9103b388473facc60ca45641331,5467,3582,2020:06:28 13:58:54,41.872734305,-87.6215631666667,216,true
Park_Overhead_-205.jpg,Park_Overhead_,17639346,90b1174188f2ed34a7bda9a1a8b09c057ceaf77664ef018ebd2ace459c491ac8,5467,3582,2020:06:28 13:58:57,41.8727338616667,-87.621547445,216,true
Park_Overhead_-206.jpg,Park_Overhead_,17626286,579edbf165e256878d5baeae373d54ca6093a88305745c13cf6fd9e21c51df94,5467,3582,2020:06:28 13:59:00,41.872732305,-87.6215460833333,216,true
Park_Overhead_-207.jpg,Park_Overhead_,16991912,a96fe83dee5a813c21019c27984c88d00285d1dbb2304c9eae94ce61ad02da5f,5467,3582,2020:06:28 13:59:03,41.872737445,-87.6215785,216,true
Park_Overhead_-208.jpg,Park_Overhead_,17819638,75731081a0205c6ec09f0dd783362374a144cd31ca6349195be9acdf85197530,5467,3582,2020:06:28 13:59:06,41.8727234166667,-87.621606945,217,true
Park_Overhead_-209.jpg,Park_Overhead_,17234361,20bd3bf56e460541dbda42e3b3ec509e28adac6301d546615d26a514fd08626c,5467,3582,2020:06:28 13:59:09,41.8726841116667,-87.621670055,217,true
Park_Overhead_-21.jpg,Park_Overhead_,14114546,a82a84105c78199012dec585ebf33d616573bdfd8b1c7f1bbf0796606931f986,5467,3582,2020:06:28 13:48:50,41.87191975,-87.6215645283333,185,true
Park_Overhead_-210.jpg,Park_Overhead_,18548601,96632879408f733e43c33882ba0f00afb1fa6eba345b28d4b83c18814a9347f5,5467,3582,2020:06:28 13:59:12,41.872646945,-87.6216882216667,217,true
Park_Overhead_-211.jpg,Park_Overhead_,17960356,5d39b348749551d3dafa4c35ef79db2a205fea42bfb68d8a0c16a0d06b12e46f,5467,3582,2020:06:28 13:59:15,41.8726108616667,-87.6216617216667,217,true
Park_Overhead_-212.jpg,Park_Overhead_,16876711,640535372a6d5e8065438c973381a043d979d789054ca41722b14b2f61cc89eb,5467,3582,2020:06:28 13:59:18,41.8726022216667,-87.6216072216667,217,true
Park_Overhead_-213.jpg,Park_Overhead_,17108268,6b9740113b96c0e5ba8e33cce0b537b6a7829edc0fc0b280271d28bc95da8fc5,5467,3582,2020:06:28 13:59:21,41.8726028883333,-87.6215302216667,217,true
Park_Overhead_-214.jpg,Park_Overhead_,16890532,3cf7b5c28490d6890ed4b4e0e068d41823d1e88e8bd78dc316bda311e6c238ba,5467,3582,2020:06:28 13:59:24,41.8726224166667,-87.6214308883333,217,true
Park_Overhead_-215.jpg,Park_Overhead_,17433339,5cfbb930ddeb8bc38dd367ab2ba83e5bd9e4ec3c6eb129603138f201d7453325,5467,3582,2020:06:28 13:59:27,41.8726486116667,-87.6213244166667,216,true
Park_Overhead_-216.jpg,Park_Overhead_,17493123,3d3e6d041ef72b3ff1c6f63862dc9537d6cd276c834b454c3c9313e6d292db53,5467,3582,2020:06:28 13:59:31,41.8726649166667,-87.6212373333333,216,true
Park_Overhead_-217.jpg,Park_Overhead_,16034392,04fc98fdf781f935f85d9c4e8637a419611599ee5a0b82f7955f7a7842cbbe31,5467,3582,2020:06:28 13:59:34,41.8726620833333,-87.6211496666667,216,true
Park_Overhead_-218.jpg,Park_Overhead_,16943404,43f2e9ae14bf4caa3e0266338c079061bf6a9cd0a4b23116ce10f18199d668bd,5467,3582,2020:06:28 13:59:37,41.8726719166667,-87.621182,216,true
Park_Overhead_-219.jpg,Park_Overhead_,16945635,0226b462b2e47facaa014c4a2ddc1a05852908056955eedbaa2b955c3d581354,5467,3582,2020:06:28 13:59:40,41.8726885,-87.6212685283333,216,true
Park_Overhead_-22.jpg,Park_Overhead_,13877430,c5d88ca7672bacf9e8fbe6e9f26ba9508f81afcb007884eeafda55a0cdf79232,5467,3582,2020:06:28 13:48:53,41.8719162783333,-87.6215689716667,185,true
Park_Overhead_-220.jpg,Park_Overhead_,17135844,3439021438a52056899ea8fcca787d0fc3194348a383e80447a765d5d4e9dba0,5467,3582,2020:06:28 13:59:43,41.8727290833333,-87.621362445,216,true
Park_Overhead_-221.jpg,Park_Overhead_,16966623,4d7b62851fef3ce823cd59991d616227f4ebba363c730e03d8a9f9e9e53532d4,5467,3582,2020:06:28 13:59:46,41.872789,-87.621436055,216,true
Park_Overhead_-222.jpg,Park_Overhead_,17143300,78f1d4257b450ec882bf12a3b95117dd784dc831221b332b0ce63b0eea9f939f,5467,3582,2020:06:28 13:59:49,41.8728245,-87.62147425,216,true
Park_Overhead_-223.jpg,Park_Overhead_,16785717,0d00bb6b1d3245b5d71bc755fb92e087d4df5be9ca4ee596f1f289ce6414586e,5467,3582,2020:06:28 13:59:52,41.872774,-87.6214795,216,true
Park_Overhead_-224.jpg,Park_Overhead_,16711454,5f895da1296230e5a61d1e55d68799818b7eed2067ff4884e83c81b2e73b92f1,5467,3582,2020:06:28 13:59:55,41.8726992783333,-87.6214821116667,216,true
Park_Overhead_-225.jpg,Park_Overhead_,16782107,328486b735183e52b336771fe77bb2f7a455e3281b2be2bc55c8f85b159cc4ea,5467,3582,2020:06:28 13:59:58,41.872619195,-87.6214830283333,216,true
Park_Overhead_-226.jpg,Park_Overhead_,16903490,c3f04d427a91f181cb84014e631b786fb78992ac004296d8c6207f86a240a3be,5467,3582,2020:06:28 14:00:01,41.872534055,-87.6214738616667,216,true
Park_Overhead_-227.jpg,Park_Overhead_,16882497,219e05c09282f76f065ed69892caa924d964794f6a60c9633e439a3256d77ce2,5467,3582,2020:06:28 14:00:04,41.8724522216667,-87.6214575,216,true
Park_Overhead_-228.jpg,Park_Overhead_,16677772,3f93e397919e63e76de57c100d7e2283312eebdd93835fb0b233ffa814750718,5467,3582,2020:06:28 14:00:07,41.8723716116667,-87.621439195,215,true
Park_Overhead_-229.jpg,Park_Overhead_,16628382,aede0314b18f4381f57efa3129aa58fae65f5fb124af29c8e9c687b707a699b0,5467,3582,2020:06:28 14:00:10,41.8722919166667,-87.621423055,215,true
Park_Overhead_-23.jpg,Park_Overhead_,14982056,a681533ea4efa11622291386ffd1fde7eeb249b370f5de80769b1973006f3616,5467,3582,2020:06:28 13:48:56,41.871906555,-87.6215659716667,185,true
Park_Overhead_-230.jpg,Park_Overhead_,16642790,405fa94ebd5a95fbca29cd7278bff08c3d0c23fc00929b5ecc782eda52a6e34d,5467,3582,2020:06:28 14:00:13,41.8722109166667,-87.62141125,215,true
Park_Overhead_-231.jpg,Park_Overhead_,16498948,9d9012f5c4c2a179d0566819bc164e45241e672e975d03ee8cd14187948b856c,5467,3582,2020:06:28 14:00:16,41.8721302783333,-87.6214018333333,215,true
Park_Overhead_-232.jpg,Park_Overhead_,16704556,1e8603482d5f435a28b28421d074604e8d7c58950b5f74a9f6ecb24367978a9a,5467,3582,2020:06:28 14:00:19,41.872046055,-87.6213923333333,215,true
Park_Overhead_-233.jpg,Park_Overhead_,16658911,b8b70b3a8da2548e8a1598ad6c43f94e0d32001715d9b7b4abd6a5af033f8459,5467,3582,2020:06:28 14:00:22,41.8719683616667,-87.6213895833333,215,true
Park_Overhead_-234.jpg,Park_Overhead_,16761014,2cbb7ad14b79e9d304c9a265664c541c4f42f752bb1087d57d82171fd85b7f5c,5467,3582,2020:06:28 14:00:25,41.8719014166667,-87.6214054166667,214,true
Park_Overhead_-235.jpg,Park_Overhead_,15956922,96f1e7aef826a6cbffecb984fb5015d419a8b651100e0a95c87157b41ce93cf8,5467,3582,2020:06:28 14:00:28,41.8718511666667,-87.62140525,214,true
Park_Overhead_-236.jpg,Park_Overhead_,16203116,1693f4996613e3c02db0eddaa1cd475e6ad4e1962f2f960e3c127ff9d1237af9,5467,3582,2020:06:28 14:00:31,41.871823055,-87.6214027216667,214,true
Park_Overhead_-237.jpg,Park_Overhead_,16396619,c1e879bee4876de458eff807125c38137ac467cf7b641a4a8332f59c7bcb6b50,5467,3582,2020:06:28 14:00:34,41.871757,-87.6213884716667,214,true
Park_Overhead_-238.jpg,Park_Overhead_,16453398,9c6d5e1206af50dd5f8ea241b12e86490d94cacd5c609c888c6437c7584091f0,5467,3582,2020:06:28 14:00:37,41.871675695,-87.62137825,214,true
Park_Overhead_-239.jpg,Park_Overhead_,15954789,332a6b37242222880b82e55022717f2d33b639f97bf2daee4620d9f5a035f427,5467,3582,2020:06:28 14:00:40,41.8715991666667,-87.6213658883333,214,true
Park_Overhead_-24.jpg,Park_Overhead_,14834206,9a1963b7bb19ed0ad7bf2e6b3bc54c141d8969d8460250d925367c553a629872,5467,3582,2020:06:28 13:48:59,41.871903805,-87.6215498333333,185,true
Park_Overhead_-240.jpg,Park_Overhead_,16334289,1a4312fb1b5497ad8c8357858d8d79c3649f5f3c4458df7235eef1109ad382dc,5467,3582,2020:06:28 14:00:43,41.8715464716667,-87.6213685,214,true
Park_Overhead_-241.jpg,Park_Overhead_,16258851,c9becff8c3522a501782e5230d6c4aa5d936a10060407154997934e6a0916e32,5467,3582,2020:06:28 14:00:46,41.8714749166667,-87.6213960283333,213,true
Park_Overhead_-242.jpg,Park_Overhead_,15951208,29e5dc32122161dedb93e42dd685dcbf0257ad76e03b5ccd1213be5d501f00eb,5467,3582,2020:06:28 14:00:49,41.871397305,-87.6214218616667,213,true
Park_Overhead_-243.jpg,Park_Overhead_,15725377,d2858583c4601b1e60a91b3b13a48fab6e622e4d5bb640b35763fe83e7a719b2,5467,3582,2020:06:28 14:00:52,41.8713146383333,-87.6214363883333,213,true
Park_Overhead_-244.jpg,Park_Overhead_,15568764,7477fb22756f437c06fe12a3a64b882b9c81b8f3acb35210e7862be7f845cec1,5467,3582,2020:06:28 14:00:55,41.871234,-87.6214499716667,213,true
Park_Overhead_-245.jpg,Park_Overhead_,15649476,b8ebdd6f3b627a74470cb641e48dcc4de34fcaadba6de968b01681ccaf163077,5467,3582,2020:06:28 14:00:58,41.8711533616667,-87.621459805,213,true
Park_Overhead_-246.jpg,Park_Overhead_,15762864,6d3cf0e952069790fbbc4bb07f887a3537ebf210326970817f443080b439c925,5467,3582,2020:06:28 14:01:01,41.8710724716667,-87.6214584716667,213,true
Park_Overhead_-247.jpg,Park_Overhead_,15829990,65731e803e1344cde54e7b546fd1c08a6d4f07f07c6817f737c1e37f150a6e5d,5467,3582,2020:06:28 14:01:04,41.8709933883333,-87.6214504716667,213,true
Park_Overhead_-248.jpg,Park_Overhead_,15829409,210f8533f45080fcd5e1bc3be92305f6667e2c4080c18bbce13e85b3175ca88e,5467,3582,2020:06:28 14:01:07,41.8709135283333,-87.6214444166667,213,true
Park_Overhead_-249.jpg,Park_Overhead_,15145276,ae4d784bca2e6efbb7e70bb2b3f10a5efd51b55c9b3ce402651899e54676bda6,5467,3582,2020:06:28 14:01:10,41.87084875,-87.621444,213,true
Park_Overhead_-25.jpg,Park_Overhead_,14736179,c86ecd3c6de98940ec61162031275dea0db348217a60f09e0981ce33973b5db3,5467,3582,2020:06:28 13:49:02,41.871933945,-87.6215450833333,185,true
Park_Overhead_-250.jpg,Park_Overhead_,16198352,1fa00deca4a90736a42860255c9c0952a748da9d6c1c5d0f8b2ac9b412d61d4b,5467,3582,2020:06:28 14:01:13,41.8708783333333,-87.6214224166667,213,true
Park_Overhead_-251.jpg,Park_Overhead_,15463260,0c55f7284f6ad80bb590fe17ae071c3e6fcced0b86eccc99ee1f625272ad76a3,5467,3582,2020:06:28 14:01:16,41.870936195,-87.6213661383333,213,true
Park_Overhead_-252.jpg,Park_Overhead_,15571384,1496af44433a07e27e733bd862004f5ec11955f73bc201dfaedaa91691833c7d,5467,3582,2020:06:28 14:01:19,41.8709919716667,-87.6212904166667,213,true
Park_Overhead_-253.jpg,Park_Overhead_,15293286,f4d23d9159ca5c13b1fd5e20d3109534d1d6bffbffaac4dc4e6eb721fcee18d0,5467,3582,2020:06:28 14:01:22,41.8710477216667,-87.621220555,213,true
Park_Overhead_-254.jpg,Park_Overhead_,15825170,a43012d15654684f7b3c3cfc2af32fb52e07f96cf5d5035300960a9c03a7137b,5467,3582,2020:06:28 14:01:25,41.8710591666667,-87.6211888883333,214,true
Park_Overhead_-255.jpg,Park_Overhead_,15743547,0a9e56a7f8f5d1bff84713bfa3aab55768c85f978cd23f61cf81b0cfdd53279f,5467,3582,2020:06:28 14:01:28,41.8710534166667,-87.6212140833333,214,true
Park_Overhead_-256.jpg,Park_Overhead_,15282884,e5f01d8c82eae26dea76f5b33df50dcc449e2fd750a38043c33620d7cd9f214e,5467,3582,2020:06:28 14:01:31,41.8710246116667,-87.6212940833333,214,true
Park_Overhead_-257.jpg,Park_Overhead_,14675905,2ba5df59c59075252b4d8fd84d9cf67f6e63d1814122113b7994ee756768061a,5467,3582,2020:06:28 14:01:34,41.870970055,-87.6213339166667,215,true
Park_Overhead_-258.jpg,Park_Overhead_,14918070,9d1c96e4f430c0833094025d4bfeea1cb72fb6945547b2b82434206249adf3c6,5467,3582,2020:06:28 14:01:37,41.870936,-87.6214034716667,215,true
Park_Overhead_-259.jpg,Park_Overhead_,15577260,e9d10abee1e8cb3d860da85fc908f90d55d6eba2ad9c59fd190b790bc9c2eec3,5467,3582,2020:06:28 14:01:40,41.8709323883333,-87.6214912216667,215,true
Park_Overhead_-26.jpg,Park_Overhead_,14742468,72c16390b20ac4273b4b7139f2a6a4c55f36d5a465da670e3ddbd2671443b536,5467,3582,2020:06:28 13:49:05,41.8719868883333,-87.6215445833333,184,true
Park_Overhead_-260.jpg,Park_Overhead_,16658599,47f398a638de83b69d943634f188c5d6e86d07a64f982138e7b0f78eb63b040b,5467,3582,2020:06:28 14:01:43,41.8709166383333,-87.6214584716667,215,true
Park_Overhead_-261.jpg,Park_Overhead_,16363901,e2d3c2f3f1d812e0b8bb09ca91084a611de990f40a130e57cfba781e0e1b3454,5467,3582,2020:06:28 14:01:46,41.8709099166667,-87.621377055,215,true
Park_Overhead_-262.jpg,Park_Overhead_,16368034,8df94c14688e3ff007cf0ab5ea6179afe325fb16931f223fb394d560047b28ed,5467,3582,2020:06:28 14:01:49,41.8708969166667,-87.6213245,215,true
Park_Overhead_-263.jpg,Park_Overhead_,16286479,36dbc17a9cf15e3e1cd6e02670fc0953644b2399a89f4a8366aa7a687e5ae0a8,5467,3582,2020:06:28 14:01:52,41.870858695,-87.6212630833333,215,true
Park_Overhead_-264.jpg,Park_Overhead_,16222664,cbf169d02633b202c87b0fb410b4ef2eede392aaef01952f158b1e82ac4205cd,5467,3582,2020:06:28 14:01:55,41.8708626116667,-87.621239305,216,true
Park_Overhead_-265.jpg,Park_Overhead_,15894130,fc3eeca8972c6c4e15a0aa7e95ff8d75528dd415877e18ffdae4fe08fb148702,5467,3582,2020:06:28 14:01:58,41.8709251116667,-87.621267195,216,true
Park_Overhead_-266.jpg,Park_Overhead_,15680631,03ea31464ea2bf63aaa90447dd8458edf1ba451f8280a049a0f48d8ad79db48d,5467,3582,2020:06:28 14:02:01,41.8709950833333,-87.6213097216667,216,true
Park_Overhead_-267.jpg,Park_Overhead_,15655413,68a6c74db0ccd48f5cadb90c1f5564a1a5e935c74572d733b3a9bf91ca9cc19d,5467,3582,2020:06:28 14:02:04,41.8710726666667,-87.6213598333333,216,true
Park_Overhead_-268.jpg,Park_Overhead_,15495249,36ecdbf0e394a2e62e1ad58dc376e55b57e21099eec256254d63c149ede7ea5a,5467,3582,2020:06:28 14:02:07,41.8711473883333,-87.62140975,216,true
Park_Overhead_-269.jpg,Park_Overhead_,15316417,3e6bc172cac2af9eb35fa90d246347881672dbcf4ce2176188906a4b0fca0392,5467,3582,2020:06:28 14:02:10,41.8712191116667,-87.6214624166667,217,true
Park_Overhead_-27.jpg,Park_Overhead_,15238375,ef5d43c18478b29d059ecefa1e6b1022fa993215a511c33642a6e3b913a6a366,5467,3582,2020:06:28 13:49:08,41.872058195,-87.6215454716667,184,true
Park_Overhead_-270.jpg,Park_Overhead_,15210466,ef986aa0a14912cba40c40734edb4d0cd8ad62f8b220aa1fcbbef3923c4bb991,5467,3582,2020:06:28 14:02:13,41.871293695,-87.6215118616667,217,true
Park_Overhead_-271.jpg,Park_Overhead_,15203693,21e5d1704fc1fe9488ae25caf438b0334e65fe26eee869a7c4c7b728387d6b8b,5467,3582,2020:06:28 14:02:17,41.8713746383333,-87.621541695,217,true
Park_Overhead_-272.jpg,Park_Overhead_,16020350,6d9173070f506558b6077cf8501012937c6ddd3202c74b5cf9a047e339b69436,5467,3582,2020:06:28 14:02:20,41.871454695,-87.6215485283333,217,true
Park_Overhead_-273.jpg,Park_Overhead_,16110510,efebb5660e44ad833b87be364550ab7866db4acbe033719d23ace0909c6507c6,5467,3582,2020:06:28 14:02:23,41.8715372783333,-87.6215598333333,217,true
Park_Overhead_-274.jpg,Park_Overhead_,16285230,fe335d36238131e4644500b4b87a8c83851492b9fe9bd170e68175c7746bab9b,5467,3582,2020:06:28 14:02:26,41.8716144716667,-87.6215677783333,217,true
Park_Overhead_-275.jpg,Park_Overhead_,16462477,f77d4b579e2d43f53f33f904ad630b6e3dad00c9916766ee5c208c45236fb1a7,5467,3582,2020:06:28 14:02:29,41.8716901116667,-87.6215598616667,217,true
Park_Overhead_-276.jpg,Park_Overhead_,16774109,49f2d7cc23750172b238414d3204c542e58df7ee78cc145c639d6c6154f19eb6,5467,3582,2020:06:28 14:02:32,41.871766195,-87.6215553883333,217,true
Park_Overhead_-277.jpg,Park_Overhead_,16825210,044c8c74a7adc21563256353090292cc76f7dd408acfdfb180370bd516b3d617,5467,3582,2020:06:28 14:02:35,41.8718415,-87.6215608333333,217,true
Park_Overhead_-278.jpg,Park_Overhead_,16683681,7e3d4b07c0f527675a7af3a357555ffd86c46e8589fda95521aaa8d34ee815ec,5467,3582,2020:06:28 14:02:38,41.871912305,-87.6215468616667,218,true
Park_Overhead_-279.jpg,Park_Overhead_,16357010,2559025048e004d076b56ccf314206933b517fe378b66af586b3819dcf188ba7,5467,3582,2020:06:28 14:02:41,41.871979805,-87.621555695,219,true
Park_Overhead_-28.jpg,Park_Overhead_,15453741,0279b1ed8bd7c464e7317a32728890398e0d71faf77c01cdb7b9a416ce81fd4f,5467,3582,2020:06:28 13:49:11,41.8721250283333,-87.6215443616667,185,true
Park_Overhead_-280.jpg,Park_Overhead_,16754806,c794a3a6259b072cd5393aa1efc72bc438e40863e719b8bb5331efa40d70d7c4,5467,3582,2020:06:28 14:03:02,41.8720072783333,-87.6214409716667,236,true
Park_Overhead_-281.jpg,Park_Overhead_,16646063,fc178fb24cfac6572efec06d2798bbfa771d714e94db045dc3f6fd0157a49721,5467,3582,2020:06:28 14:03:05,41.8720621116667,-87.6214455283333,236,true
Park_Overhead_-282.jpg,Park_Overhead_,16676701,8f4e5593bf209da247771c16f61e4ee40d092d2c84f63a7f97224c75356168f2,5467,3582,2020:06:28 14:03:08,41.8721309166667,-87.6214282783333,236,true
Park_Overhead_-283.jpg,Park_Overhead_,16811212,2cfeb81e69176b58a41de3cf7c852fb204561de4a6eb01c6fc8dc31bcc150bc9,5467,3582,2020:06:28 14:03:11,41.8722069166667,-87.6214163333333,236,true
Park_Overhead_-284.jpg,Park_Overhead_,16688703,3686e7e291859e6c67945e952842acdd11164227da6e2a4ea00ab5de5c4bd67b,5467,3582,2020:06:28 14:03:14,41.8722862216667,-87.6214315,237,true
Park_Overhead_-285.jpg,Park_Overhead_,16951230,0dfc536e0a5a2d64ccb3dbeadcd90786e8c031bfa177a78c88f7b59ebe3bab22,5467,3582,2020:06:28 14:03:17,41.8723678883333,-87.6214518616667,240,true
Park_Overhead_-286.jpg,Park_Overhead_,16655736,a9d47d9fdeeb081ee2338cbdd0e7e055a7ac3ace9e370baba1257092df875f24,5467,3582,2020:06:28 14:03:20,41.87244675,-87.621476305,241,true
Park_Overhead_-287.jpg,Park_Overhead_,16534526,dd5b4dbf59f4d1de734ef57819c8658db68e451c67caaf3895a67f84b3ed3106,5467,3582,2020:06:28 14:03:23,41.8725269166667,-87.621490555,242,true
Park_Overhead_-288.jpg,Park_Overhead_,16157553,6d89ad770c732ace818b837ac82c4108efcf5575e76a6f8543666d8a93514644,5467,3582,2020:06:28 14:03:26,41.8726090833333,-87.6214878333333,241,true
Park_Overhead_-289.jpg,Park_Overhead_,16661902,aea1cef84dd520ccab3db9689b8a1e1ff3aa03d5a6c7f2d688569cc05245233b,5467,3582,2020:06:28 14:03:29,41.8726904716667,-87.6214767216667,241,true
Park_Overhead_-29.jpg,Park_Overhead_,15374818,549eb147519fad5f875bba08798f2a3138e913ac2bd91c202b960be3acaf040a,5467,3582,2020:06:28 13:49:14,41.872197055,-87.621544805,184,true
Park_Overhead_-290.jpg,Park_Overhead_,15986255,5819d08634110e700e6b0e317e239219fa0df4684ab09e888937c11cf16f3f62,5467,3582,2020:06:28 14:03:32,41.8727023883333,-87.62148025,242,true
Park_Overhead_-291.jpg,Park_Overhead_,16604130,dab02e74111858aff28b187f2942cd3599ad9b4207bb73b45477175a767f03cd,5467,3582,2020:06:28 14:03:35,41.8726463333333,-87.621519445,242,true
Park_Overhead_-292.jpg,Park_Overhead_,16667396,c5bde8a76c608bf419b6d970ff499f53e41e6197fc70e6fed8877c30dd385862,5467,3582,2020:06:28 14:03:38,41.872589,-87.62159,242,true
Park_Overhead_-293.jpg,Park_Overhead_,16321808,85a1558fc1452321cef9af8a381747bedf9d883f3a08dbad28932a825977d637,5467,3582,2020:06:28 14:03:41,41.8725367783333,-87.6216379166667,242,true
Park_Overhead_-294.jpg,Park_Overhead_,16498539,34ae8bda83191edd1774f5ad9529d6c5ab8145f5300aa57e9a752e19f3e4640a,5467,3582,2020:06:28 14:03:44,41.8724647783333,-87.6216235833333,242,true
Park_Overhead_-295.jpg,Park_Overhead_,17309930,0a866f789b5b7970fcbdf90e9ffa33971616cc722b4a2f112dc41a462cb99d14,5467,3582,2020:06:28 14:03:47,41.8723919166667,-87.6216200283333,242,true
Park_Overhead_-296.jpg,Park_Overhead_,17369599,d0f7254721d8f7cf89379657fb9e049be8719d5abfd698bb3ebb8d26c35bc424,5467,3582,2020:06:28 14:03:50,41.872370555,-87.6215746666667,242,true
Park_Overhead_-297.jpg,Park_Overhead_,17466979,98ed57a02ed3b093525b62d302fd5d18f52be762b02f304b2f68462afd552157,5467,3582,2020:06:28 14:03:53,41.872399445,-87.621513305,242,true
Park_Overhead_-298.jpg,Park_Overhead_,17566764,370a09d9e588f1373dc5f0e2e8f4dd2a9b92bdb1fb430725eb567f38b2936e5e,5467,3582,2020:06:28 14:03:56,41.872430805,-87.6214295,242,true
Park_Overhead_-299.jpg,Park_Overhead_,16946044,8edac1d538dfb1504ea4cf47d97b7b62e1759617797a82650e37d030fc3f1c5e,5467,3582,2020:06:28 14:03:59,41.872435555,-87.6213702216667,241,true
Park_Overhead_-3.jpg,Park_Overhead_,15602284,e986a6c210c3365e88676822469eb08f54661f5e40cbce496ffe0240d3b836b5,5467,3582,2020:06:28 13:47:55,41.87198075,-87.6214242216667,183,true
Park_Overhead_-30.jpg,Park_Overhead_,15394699,1a38e406052f0d558766f4e1562238de5c8548d2761a5683a7c2fcbf4d1cbfaf,5467,3582,2020:06:28 13:49:17,41.872265805,-87.621545195,185,true
Park_Overhead_-300.jpg,Park_Overhead_,17996418,f0c7f43daf9242edb4fe4f155c7696c063e225828e07dd95a86833b68f7023c1,5467,3582,2020:06:28 14:04:02,41.872462445,-87.621413945,241,true
Park_Overhead_-301.jpg,Park_Overhead_,17954376,1c78030ab3ff19220c81fefe7aadfe396571603043220c2f33db4cd12abb590c,5467,3582,2020:06:28 14:04:05,41.8725193616667,-87.6214861383333,241,true
Park_Overhead_-302.jpg,Park_Overhead_,17818431,fd5c68f5ce925f7b2a1d49b10a75fcc8aad2d5a75c9ba1320ec01cdeb48ca976,5467,3582,2020:06:28 14:04:08,41.872565,-87.6215658333333,241,true
Park_Overhead_-303.jpg,Park_Overhead_,17956659,6a49eec55bf9c3c290c5738c54686cfdb196f34cf6e68b2169f3b7c8a0a1c1ee,5467,3582,2020:06:28 14:04:11,41.87259975,-87.6216607216667,241,true
Park_Overhead_-304.jpg,Park_Overhead_,17960804,d37f224b916d624e0f7db08c6ae52eb78a475d6a275bdd99fdbf090976fd2d92,5467,3582,2020:06:28 14:04:14,41.8726413333333,-87.621744555,241,true
Park_Overhead_-305.jpg,Park_Overhead_,18080683,ee08bec36d0bc89a856da66def49be3176282c66cf7ff6a17bf870d5af7e5016,5467,3582,2020:06:28 14:04:17,41.8726560283333,-87.6217788333333,241,true
Park_Overhead_-306.jpg,Park_Overhead_,18057282,1a6cb0714af882169ac0c3c301b7592fe1fcace1867e2d1d75e88c02bd7661d4,5467,3582,2020:06:28 14:04:20,41.872618695,-87.621766,241,true
Park_Overhead_-307.jpg,Park_Overhead_,17957992,13dd3d667824963aa2ae5b2932e51ba68f9dfa400ac53a823621f1ba14c29210,5467,3582,2020:06:28 14:04:23,41.8725489716667,-87.621734055,241,true
Park_Overhead_-308.jpg,Park_Overhead_,18228755,2115499e0867367b015a2387dd0c891212973d3da67ba540b04971242bd03879,5467,3582,2020:06:28 14:04:26,41.87247075,-87.6217082783333,241,true
Park_Overhead_-309.jpg,Park_Overhead_,18228043,cd6d6961b08f12b804e5994a8269ada3fbc43eaccc704601fc69fcc387dd018c,5467,3582,2020:06:28 14:04:29,41.8723903883333,-87.6216837216667,241,true
Park_Overhead_-31.jpg,Park_Overhead_,15294252,741a9df53f21c7c16729659d680d37343dfc0882002d136c5f463de6b87acd89,5467,3582,2020:06:28 13:49:20,41.8723330283333,-87.6215454166667,184,true
Park_Overhead_-310.jpg,Park_Overhead_,18196108,796f54a02616c4040d014b2aab8e7a69f41e4d93e0482435a6c4f8121122a8b3,5467,3582,2020:06:28 14:04:32,41.8723075,-87.6216626116667,243,true
Park_Overhead_-311.jpg,Park_Overhead_,18128466,261a135b8673452c835882456ae113f0a86750a16697f312d24a4fe8ef78f67c,5467,3582,2020:06:28 14:04:35,41.872226945,-87.621650555,243,true
Park_Overhead_-312.jpg,Park_Overhead_,18020024,f5bc72c46ec6d12e4f1df399459f6fe0f786171dc10751bc5561ecdac173314c,5467,3582,2020:06:28 14:04:38,41.8721462216667,-87.621645305,242,true
Park_Overhead_-313.jpg,Park_Overhead_,18002396,2343a26596be2dcfdb30bd410435d1cf5e48a5c8f83a1101cdb0f0a97919c0d6,5467,3582,2020:06:28 14:04:41,41.8720652783333,-87.6216408616667,242,true
Park_Overhead_-314.jpg,Park_Overhead_,17265779,3977c3ee2273fd4dbcbf2b3f87bdb2397b6317319c65ce7c6e46c8c8db52ba58,5467,3582,2020:06:28 14:04:44,41.871987055,-87.6216418883333,242,true
Park_Overhead_-315.jpg,Park_Overhead_,17827346,cdf15f98c67b58353a685e19de7968d3da728abb666ed6c4c5d125f62f370dcc,5467,3582,2020:06:28 14:04:47,41.8719363616667,-87.6215988883333,242,true
Park_Overhead_-316.jpg,Park_Overhead_,16077783,cb0362d4b3afa64065cc76cd3e6eb6dc886e04b5055b3b4f236a106536b0383f,5467,3582,2020:06:28 14:04:51,41.8719103616667,-87.621571695,242,true
Park_Overhead_-317.jpg,Park_Overhead_,15553845,93facd1bc18eb91b0efc96554cefa6f66b8a203a6fc34c46bd80e2a72b4a9eb9,5467,3582,2020:06:28 14:04:54,41.8719037216667,-87.6215711666667,246,true
Park_Overhead_-318.jpg,Park_Overhead_,15496214,b4db66bd9dd06e7bf0fe08e5902de6743cb60986567bf081d414e4fcebb39eca,5467,3582,2020:06:28 14:04:57,41.87190275,-87.621570945,255,true
Park_Overhead_-319.jpg,Park_Overhead_,15841304,74de110793b161d2fc1e4763e283c3c98cad9c3ecb84243484281c0ff76f00be,5467,3582,2020:06:28 14:05:00,41.871903195,-87.6215769166667,264,true
Park_Overhead_-32.jpg,Park_Overhead_,15081685,9bcb5ed2952ec125f06b82d5a5ed805d8232e9c35a6fb7b8725f44d9c489dad6,5467,3582,2020:06:28 13:49:23,41.8724029166667,-87.621546,185,true
Park_Overhead_-320.jpg,Park_Overhead_,15901634,b27ad5300e84e64acd60c5a65195c3c3388e2674629f7824dbdf79cca3bd21b8,5467,3582,2020:06:28 14:05:03,41.8719123333333,-87.6216434166667,272,true
Park_Overhead_-321.jpg,Park_Overhead_,16010927,fd647d9c9b23db2cc8e53e97d469c9098a8ecf627e4b65427df88fc40fe79016,5467,3582,2020:06:28 14:05:06,41.8719243616667,-87.621671945,273,true
Park_Overhead_-322.jpg,Park_Overhead_,15745760,a1a7443c757c20d203b8b579a216a05dc51caebf4d9bdf54aabd00f7de10db72,5467,3582,2020:06:28 14:05:09,41.87195675,-87.6216114716667,274,true
Park_Overhead_-323.jpg,Park_Overhead_,16504049,d28e64b3241681eb1b854a5876a167e5421a7bf84c7e0b069946c814dedafc7e,5467,3582,2020:06:28 14:05:12,41.87196525,-87.6215259166667,275,true
Park_Overhead_-324.jpg,Park_Overhead_,16700673,246ef76552a6b087269363aa2e2b331e480e7a27ab084981559093438529b803,5467,3582,2020:06:28 14:05:15,41.8720076383333,-87.6215259166667,275,true
Park_Overhead_-325.jpg,Park_Overhead_,16657360,6d1c244a4d3576c534ead40dd279cecc3253ee63b7a034ae73052af762820f52,5467,3582,2020:06:28 14:05:18,41.8720746116667,-87.6215721383333,275,true
Park_Overhead_-326.jpg,Park_Overhead_,16606993,309862edf1400a4492c6286526575def316e57fcadaa2efeb2b293ff95116902,5467,3582,2020:06:28 14:05:21,41.872120445,-87.6215521383333,275,true
Park_Overhead_-327.jpg,Park_Overhead_,16605839,bb35961777acc80314794bcd9e8c1fdbec0747f9ac503f0004f10f4f621029f1,5467,3582,2020:06:28 14:05:24,41.87218275,-87.6214995283333,276,true
Park_Overhead_-328.jpg,Park_Overhead_,16550832,aee69a0a35ad96858b490de698c9cd8ef113acdb6f94457ec398465c101340a1,5467,3582,2020:06:28 14:05:27,41.8722601116667,-87.6214876383333,276,true
Park_Overhead_-329.jpg,Park_Overhead_,16604065,a36fda495657002c0fa21c60c49a8a5397bab5bcc6967b07808aae8bbbb33da5,5467,3582,2020:06:28 14:05:30,41.8723138616667,-87.6214382783333,276,true
Park_Overhead_-33.jpg,Park_Overhead_,15002582,743ea8fd673301ab025fdb2c613f15aa6466dcbdbdee20e7bfe7139b0f087452,5467,3582,2020:06:28 13:49:26,41.8724805833333,-87.62154675,185,true
Park_Overhead_-330.jpg,Park_Overhead_,16628104,d48092d62692af0fd4f98164518a2cd02909e0f528c2a7bb245cb7ab289e737c,5467,3582,2020:06:28 14:05:33,41.8723739716667,-87.621409445,276,true
Park_Overhead_-331.jpg,Park_Overhead_,16431121,c4512d8791d0a55622f20d4892d416570c46b5587e4e2b996f17c35e4ad9a967,5467,3582,2020:06:28 14:05:36,41.8724104166667,-87.6214022216667,282,true
Park_Overhead_-332.jpg,Park_Overhead_,15820790,a9473ac10762b41cee8e6fa60362872c713ec57b458c2251d12c3ac49a0cf15b,5467,3582,2020:06:28 14:05:39,41.8724176383333,-87.621399195,290,true
Park_Overhead_-333.jpg,Park_Overhead_,15548903,00a916f70f514429e7b6c1ae43086ab8db60ce89e4c2ca135728549a88d8350a,5467,3582,2020:06:28 14:05:42,41.8724067216667,-87.6214031666667,295,true
Park_Overhead_-334.jpg,Park_Overhead_,16078655,a55f6bc228093324ab3131be630cd0b31d7eb3673d1bbc590f6860b8ef6f8b38,5467,3582,2020:06:28 14:05:45,41.8723439716667,-87.6214103333333,298,true
Park_Overhead_-335.jpg,Park_Overhead_,16091459,a98774f545876b4f4c4f9ab570a716b883433b831f78ecdcc5c8be39bd72ecc6,5467,3582,2020:06:28 14:05:48,41.8722702783333,-87.6214368883333,298,true
Park_Overhead_-336.jpg,Park_Overhead_,15952758,83b110bb3f11e68d7611734828fbc2c93d62a3b82507d460e7e6a0e8847d4b62,5467,3582,2020:06:28 14:05:51,41.8722188616667,-87.6214862216667,298,true
Park_Overhead_-337.jpg,Park_Overhead_,16047707,2c45f71ef441b886ac762f323f130fb621e6c4e1fb765eff5cab2964f806b513,5467,3582,2020:06:28 14:05:54,41.8722010283333,-87.62156275,298,true
Park_Overhead_-338.jpg,Park_Overhead_,16084362,24381fe2f1284148bda2ab90b4bc1e7caa39468311cc94b04c8f30e8a867a4ce,5467,3582,2020:06:28 14:05:57,41.8722136666667,-87.6216675283333,298,true
Park_Overhead_-339.jpg,Park_Overhead_,16520243,fb19136df4f57b7b71fc83f4d3d317a095d83527684143a3505a6be30228078a,5467,3582,2020:06:28 14:06:00,41.872270055,-87.621723805,298,true
Park_Overhead_-34.jpg,Park_Overhead_,14975076,aa03bf8e737a4f2bfa4cb55fa72f24c057d70f3e25d68c206ca1bdf57f0d2d78,5467,3582,2020:06:28 13:49:29,41.872557555,-87.62154575,185,true
Park_Overhead_-340.jpg,Park_Overhead_,16625010,9f01b54d5ed30e81e7d5fd22454291b82897af356737cbfcc774c75ff9c06847,5467,3582,2020:06:28 14:06:03,41.8723383333333,-87.621761695,298,true
Park_Overhead_-341.jpg,Park_Overhead_,16240580,d569cd96af229c4915e6f3166ffb7048cf8725d0bb482ff220983e775b5eb098,5467,3582,2020:06:28 14:06:06,41.8723803616667,-87.6217938883333,297,true
Park_Overhead_-342.jpg,Park_Overhead_,16456673,9bf3a590a3c4ff21574cbb48b2b93d4110ea7bcbf6f6ea601f4f8e269a1293f2,5467,3582,2020:06:28 14:06:09,41.8723825283333,-87.6218697783333,297,true
Park_Overhead_-343.jpg,Park_Overhead_,16790695,647dca8ecc499b833eb9165a164a1e034d0ce948de082521076ff216858f2e02,5467,3582,2020:06:28 14:06:12,41.8723749166667,-87.6219582216667,297,true
Park_Overhead_-344.jpg,Park_Overhead_,16604187,e962065f18d5ba36f5f41c60a71e2ed50cab4c331f504fbc9b5c6c058f603a29,5467,3582,2020:06:28 14:06:15,41.8723156666667,-87.6219798333333,297,true
Park_Overhead_-345.jpg,Park_Overhead_,16553246,01f4587e700bc67f2f92780ba729392611dc27ea8a3795a9c39f3be3e4880d00,5467,3582,2020:06:28 14:06:18,41.872240555,-87.6219621116667,297,true
Park_Overhead_-346.jpg,Park_Overhead_,16507806,53bba529a7e2b4968562f0d13d021c6f065d513c567df9ed44c7a3a40c6751f5,5467,3582,2020:06:28 14:06:21,41.87216575,-87.621927695,297,true
Park_Overhead_-347.jpg,Park_Overhead_,16139506,7d31c7a20faad18dd19eb714e90265be013ffe42f0df31a57c3fc1a75c066577,5467,3582,2020:06:28 14:06:24,41.8721349166667,-87.6219133333333,296,true
Park_Overhead_-348.jpg,Park_Overhead_,15783476,3553eb68cf9e29232d3bd4d17e059b670e958a78c88c27f67820da17d6808d63,5467,3582,2020:06:28 14:06:27,41.872128195,-87.6219141666667,296,true
Park_Overhead_-349.jpg,Park_Overhead_,16372810,b81e3cd1dbac394ce3d759ec2d85c13dfb0e7271ec277920e047da0386311c1f,5467,3582,2020:06:28 14:06:30,41.8721425283333,-87.6218912783333,295,true
Park_Overhead_-35.jpg,Park_Overhead_,14669996,f319b7471208cfafbb8529bb9dc40259034c7f394f93b702d4e0ff1cd378c2c5,5467,3582,2020:06:28 13:49:32,41.8726347783333,-87.621544055,185,true
Park_Overhead_-350.jpg,Park_Overhead_,16849180,bd3e312a5185a66df9b7a6f2acabf5b0c2b5fd3455a284b6fe106d79d50cd8ea,5467,3582,2020:06:28 14:06:33,41.8721693333333,-87.6218034166667,295,true
Park_Overhead_-351.jpg,Park_Overhead_,16577872,83b9c463ad7e4cb098a394fc79db47d2b27d8931d329d2afc221b8e2c9b21f9e,5467,3582,2020:06:28 14:06:36,41.8721899716667,-87.6216991666667,295,true
Park_Overhead_-352.jpg,Park_Overhead_,16605314,9528d0b9ea27315f78b9a9367f37ac607bb3f3b99c14508c419582ee170362e3,5467,3582,2020:06:28 14:06:39,41.8721957216667,-87.6215854166667,295,true
Park_Overhead_-353.jpg,Park_Overhead_,16257695,9bad4d19140b269bb28d9f8e740de54bf696b38e51e501bb55bbdbbff338a85e,5467,3582,2020:06:28 14:06:42,41.8721927216667,-87.62147925,296,true
Park_Overhead_-354.jpg,Park_Overhead_,16817856,2b00d2b6df0cdb01e3c7ca8ad9ef4600dd65e054fc2da5175e77c2e7819dcdb0,5467,3582,2020:06:28 14:06:45,41.8721651116667,-87.6213726116667,296,true
Park_Overhead_-36.jpg,Park_Overhead_,14164694,ef31955115b9609a23893f5fd3f7b45bd8d41929d245ab72bd2f2f16f8b8f3e8,5467,3582,2020:06:28 13:49:35,41.872710445,-87.6215397216667,185,true
Park_Overhead_-37.jpg,Park_Overhead_,13810121,86eedb940dda07c8ebedad50b8a5399554dcaa3d991470d0e9631dd07bba4702,5467,3582,2020:06:28 13:49:38,41.872785945,-87.6215374166667,185,true
Park_Overhead_-38.jpg,Park_Overhead_,13532750,aee0e0cfc04420883c752964a68f0fe66ae6e5af9cd6bd86539063e434a4d215,5467,3582,2020:06:28 13:49:41,41.8728643333333,-87.6215342783333,185,true
Park_Overhead_-39.jpg,Park_Overhead_,14489795,4edad23f1acbceca9782e0a35e13e8ae9436ff18174608840bc65a1eebe36f23,5467,3582,2020:06:28 13:49:44,41.87293975,-87.621531805,184,true
Park_Overhead_-4.jpg,Park_Overhead_,15448084,f1989e6e0c3691aca69c8aa2ad9d7b7c2b24fc2a6dc819ea1c7529aa18b636c6,5467,3582,2020:06:28 13:47:58,41.8719635833333,-87.621426305,183,true
Park_Overhead_-40.jpg,Park_Overhead_,14370361,a9c0df4b01f552fe7da1d8aaf553495bb90e9f5f347517d0476ecadc8996ab5c,5467,3582,2020:06:28 13:50:19,41.8728133333333,-87.6215316116667,184,true
Park_Overhead_-41.jpg,Park_Overhead_,13620993,d17b8e6b69bc56d85a67cd5cf9872e4526e9708d5d41bf066e75a5e3e749df21,5467,3582,2020:06:28 13:50:22,41.872814805,-87.6215313883333,184,true
Park_Overhead_-42.jpg,Park_Overhead_,13790825,02a19ceb18e61809eb62e027697cfeb64fada630d34ee4582ecce7deb9a514bb,5467,3582,2020:06:28 13:50:25,41.872815805,-87.621531,184,true
Park_Overhead_-43.jpg,Park_Overhead_,13940934,d8b4fc033b8f1815a2b8d2cfe61efcab29986526f3073851c980793e532f8a45,5467,3582,2020:06:28 13:50:28,41.8728123333333,-87.621532695,184,true
Park_Overhead_-44.jpg,Park_Overhead_,14400809,b0d37670c633f5e31038ebdcb015a8ae8841a7ea9b2393549eb513fc7ff865a1,5467,3582,2020:06:28 13:50:31,41.8728022783333,-87.6215391116667,185,true
Park_Overhead_-45.jpg,Park_Overhead_,14313754,573016332db25b42b1d5f8bf8820ae099a165be6cb60cd984797ea6cbc1b7ee9,5467,3582,2020:06:28 13:50:34,41.8727936383333,-87.621543445,185,true
Park_Overhead_-46.jpg,Park_Overhead_,14427531,631c33807fa3845bb1f410cbe97b63b6bf818dbc847d17c5b6567c941ebf4d65,5467,3582,2020:06:28 13:50:37,41.8727854716667,-87.621550555,185,true
Park_Overhead_-47.jpg,Park_Overhead_,15674840,2a5e51d98cb8ad01f761b23d6ab1a95b2b6ed88492a8ad2756a6cfa09cbdfc6f,5467,3582,2020:06:28 13:50:40,41.872779805,-87.6215573883333,185,true
Park_Overhead_-48.jpg,Park_Overhead_,15090361,fd2ef7cc28290755715cb25a8739474233bb96b8e334a43d6729509f0355240d,5467,3582,2020:06:28 13:50:43,41.8727734716667,-87.6215733616667,184,true
Park_Overhead_-49.jpg,Park_Overhead_,16338684,ac491e73f38804494461cc04cd7d6ebc845ce571e2652e3a378054e37ca15a40,5467,3582,2020:06:28 13:50:46,41.872752195,-87.621579945,184,true
Park_Overhead_-5.jpg,Park_Overhead_,15174786,d27c30d7c12d4e2ec1021a393c6a9216cddd656c233be036fd88d1e47355fab0,5467,3582,2020:06:28 13:48:01,41.871915305,-87.621441305,184,true
Park_Overhead_-50.jpg,Park_Overhead_,16325928,c70941496b1e5274f78f87a5cba276d4554424a5b7440fd1b716773436b20cd8,5467,3582,2020:06:28 13:50:49,41.872725,-87.6215775,184,true
Park_Overhead_-51.jpg,Park_Overhead_,16336480,e8c180efbd5d480377d4f4291f26c9f3af96c2bd0c64aade955a5aabb636986c,5467,3582,2020:06:28 13:50:52,41.872716695,-87.6215573333333,184,true
Park_Overhead_-52.jpg,Park_Overhead_,16428562,e370d0906298a18e78b5db4d97b3c9001b43662ed527094ee9dff9a6442d97c6,5467,3582,2020:06:28 13:50:55,41.872714055,-87.6215133616667,184,true
Park_Overhead_-53.jpg,Park_Overhead_,16695168,030f7c1e4a5e11d61a5f2a5505e8474f807672bae18da69b468f2abbabd511f6,5467,3582,2020:06:28 13:50:58,41.8727126666667,-87.621471305,185,true
Park_Overhead_-54.jpg,Park_Overhead_,16563512,79c346affc9527ab3606be2c6bf0f8ebdc0eb062ac3c083bfa9339f08cee4b58,5467,3582,2020:06:28 13:51:02,41.87271075,-87.6214297216667,185,true
Park_Overhead_-55.jpg,Park_Overhead_,16245377,e2659c7a1f62eeaf48c8cc3abb211f456c96f30d9d7ca922b9aa91a505c27071,5467,3582,2020:06:28 13:51:04,41.872707695,-87.621407445,185,true
Park_Overhead_-56.jpg,Park_Overhead_,16363013,0e193a061c68cf797dc4c8593c319d6f4a73833ba97a792e6514bf4e7e9b09c7,5467,3582,2020:06:28 13:51:08,41.8727118616667,-87.621380055,185,true
Park_Overhead_-57.jpg,Park_Overhead_,16389192,244e0e0dbd2cc436459424fb9d14b53624e3444c599122802a93cf40a0a21082,5467,3582,2020:06:28 13:51:10,41.8727125283333,-87.621356195,185,true
Park_Overhead_-58.jpg,Park_Overhead_,16426856,f7abe7710d59367ae5f4bc28013d01f759c9f017e4781e77ddf51c38d3710571,5467,3582,2020:06:28 13:51:13,41.872712555,-87.6213376666667,185,true
Park_Overhead_-59.jpg,Park_Overhead_,15991195,94ec2912c392d88230201fc089fd422cfb44de945caf053d73a565a987b3f843,5467,3582,2020:06:28 13:51:16,41.8727053616667,-87.6212738883333,185,true
Park_Overhead_-6.jpg,Park_Overhead_,15096254,4329df7b5a9ba4f3327499e0e1b508ff32c31ba57e0619f3ce2f361a13d4d88d,5467,3582,2020:06:28 13:48:04,41.871888695,-87.6214505,184,true
Park_Overhead_-60.jpg,Park_Overhead_,15921621,538980180ebd5bdf0073dcd12d6cf548dbf18aed288aa9394f22576b1a181b6e,5467,3582,2020:06:28 13:51:19,41.8726996383333,-87.6212280283333,185,true
Park_Overhead_-61.jpg,Park_Overhead_,15724088,eb91c4a90373a92ee72d76794882d41b7d4fa7b9e61fa0e2030fbeae782c0161,5467,3582,2020:06:28 13:51:23,41.8726939716667,-87.621192945,185,true
Park_Overhead_-62.jpg,Park_Overhead_,16067064,a0df4ed077733437feb928baedae398fdb15b046200e8ed534d441538a8ec03e,5467,3582,2020:06:28 13:51:26,41.87268975,-87.6211683616667,185,true
Park_Overhead_-63.jpg,Park_Overhead_,16585482,875519e765d3a50919a469e9e528e4bee7f5ae1bdf444a5a9c8ddf0618363606,5467,3582,2020:06:28 13:51:29,41.872702305,-87.62119675,185,true
Park_Overhead_-64.jpg,Park_Overhead_,15764174,f98512960973acb9b26a24e17268b57d067db829f3f875cf372d4abf3e2c5151,5467,3582,2020:06:28 13:51:32,41.87272575,-87.6212431116667,185,true
Park_Overhead_-65.jpg,Park_Overhead_,16689133,fc514ec9e44a24bb9969185f5d6f8fc8cdabf4bb23761d956669efa3a3e3ef03,5467,3582,2020:06:28 13:51:35,41.8727354166667,-87.6212555283333,185,true
Park_Overhead_-66.jpg,Park_Overhead_,16404577,f319aad20d362aad9e01472543c7bd26d9049d368981fceb15f3585770b6dcfb,5467,3582,2020:06:28 13:51:38,41.8727164166667,-87.621313445,185,true
Park_Overhead_-67.jpg,Park_Overhead_,16207335,d026971f9b78af18646a9af72476f1795a568954521bbf923fb203346776e4d0,5467,3582,2020:06:28 13:51:41,41.87270475,-87.621367695,185,true
Park_Overhead_-68.jpg,Park_Overhead_,16149508,5d1f12b13286039e3bad9ba1033ef2d32839f5d94bc9a639c8cd7ffb4bd1ef46,5467,3582,2020:06:28 13:51:44,41.8727369166667,-87.621389,185,true
Park_Overhead_-69.jpg,Park_Overhead_,16065667,7cbf3913bfc64262b3ce421f15a0b797258408780cd1965bb939cbca1c9a2300,5467,3582,2020:06:28 13:51:47,41.8727355283333,-87.6213933616667,184,true
Park_Overhead_-7.jpg,Park_Overhead_,14324670,de4a8657310fee544e4d6c04df779bc3932c6e8dba15ca91c8e4c4b0eef9efc7,5467,3582,2020:06:28 13:48:07,41.8718835,-87.621449805,184,true
Park_Overhead_-70.jpg,Park_Overhead_,16449821,d295ef2aecefe6f10c3866ec63ce6760cbdc5c4f0cda84b62a04af81f965f217,5467,3582,2020:06:28 13:51:50,41.8727054166667,-87.6213748883333,185,true
Park_Overhead_-71.jpg,Park_Overhead_,16481969,1f855f345279dca5da541909e2db60460ab209da0f4d3f828eaa68ecc5d31ca8,5467,3582,2020:06:28 13:51:53,41.8726791383333,-87.6213425283333,185,true
Park_Overhead_-72.jpg,Park_Overhead_,16626434,1abf70021ba2fc99f9ae8ca5bee659edb4a26ff0724e09f22567ff89a1a4f6f6,5467,3582,2020:06:28 13:51:56,41.8726221383333,-87.621331555,185,true
Park_Overhead_-73.jpg,Park_Overhead_,16378971,54165b2b7346d66ee88123a0c8475f930904b50c7abf7e9b73cc8b74f9b9f320,5467,3582,2020:06:28 13:51:59,41.872584,-87.6213462783333,184,true
Park_Overhead_-74.jpg,Park_Overhead_,16434141,586de7b62ea62996661d9db4f60c8eb9e18fbda54d25ce1dde042a7edad4144c,5467,3582,2020:06:28 13:52:02,41.872548195,-87.6213488333333,184,true
Park_Overhead_-75.jpg,Park_Overhead_,16357737,d732315fb9f8d909cab6c012eaaf815802e1ca7b0af7b4443bd865df67141bbe,5467,3582,2020:06:28 13:52:05,41.8725059716667,-87.621347195,185,true
Park_Overhead_-76.jpg,Park_Overhead_,16069713,ae3b3aea80edfb428268adb69708abb50640b79ab13884118baa8c3661fcd685,5467,3582,2020:06:28 13:52:08,41.8724660283333,-87.6213474716667,185,true
Park_Overhead_-77.jpg,Park_Overhead_,15992724,039f94ed67cc3ac0f55f9923b3476b4d3b2807d230ad59cc1ed1d80325eb3033,5467,3582,2020:06:28 13:52:11,41.8724066383333,-87.621346805,185,true
Park_Overhead_-78.jpg,Park_Overhead_,15745899,9ee45952e439b800c77139224712b184502f3202d1c8167fc20bce8a644b1204,5467,3582,2020:06:28 13:52:14,41.8723351116667,-87.6213494166667,185,true
Park_Overhead_-79.jpg,Park_Overhead_,16453981,79317c929bc3653af1f670aebdad4db198eb089c821daaa560db341def4feb6a,5467,3582,2020:06:28 13:52:17,41.8722999166667,-87.621348445,185,true
Park_Overhead_-8.jpg,Park_Overhead_,14724313,de58e07d7d9ea725a74ca7743fad961e99feb21889477cd1b957c52c10318c14,5467,3582,2020:06:28 13:48:10,41.8718843333333,-87.6214475833333,184,true
Park_Overhead_-80.jpg,Park_Overhead_,16357289,cdb0735e037c914e1d3dcd017c361216376a05d3715c9191189f4e1fdd950735,5467,3582,2020:06:28 13:52:20,41.8722719166667,-87.621343945,185,true
Park_Overhead_-81.jpg,Park_Overhead_,16191252,fe36e38084738fc4cc1aef450919300189a0254f75088e5b8d428d57be2bdb5c,5467,3582,2020:06:28 13:52:23,41.8722448333333,-87.62134075,185,true
Park_Overhead_-82.jpg,Park_Overhead_,16164688,18273c9951ed932a80f263d5d8064ac6eb628a233f4068a4b98baa65ab787546,5467,3582,2020:06:28 13:52:26,41.8722146666667,-87.6213381116667,186,true
Park_Overhead_-83.jpg,Park_Overhead_,16166127,904b54a443002a5d1907a07ca9b9e05e48f1c199b6f63c3d10e556067f2c7239,5467,3582,2020:06:28 13:52:29,41.8721569166667,-87.6213356383333,186,true
Park_Overhead_-84.jpg,Park_Overhead_,15421506,ac5e04e6de1fae89e67e07b2ea798981d4eb51b855ca921cfccd185de190186f,5467,3582,2020:06:28 13:52:32,41.8721362783333,-87.6213323883333,186,true
Park_Overhead_-85.jpg,Park_Overhead_,15895356,fd68300bdbe5d7dc721b86642d7fbcb36776fce8cc4907ff44a778935c26e1ff,5467,3582,2020:06:28 13:52:35,41.8720952783333,-87.6213391116667,186,true
Park_Overhead_-86.jpg,Park_Overhead_,15684964,184a4f5842a2def213526dcf6180575db754142564ce4754b9134bf7470a9f03,5467,3582,2020:06:28 13:52:38,41.8720281383333,-87.621357695,186,true
Park_Overhead_-87.jpg,Park_Overhead_,14591272,8f38666cfc842affc0347da4b32e3e75bc404224801da1912350256b57e386d9,5467,3582,2020:06:28 13:52:41,41.8719947783333,-87.6213709166667,187,true
Park_Overhead_-88.jpg,Park_Overhead_,15085627,3fb0ec413154f6f8b2d704411fbcf69e6d1182b5d54627bd98ac3d38ca520bd8,5467,3582,2020:06:28 13:52:44,41.8719768616667,-87.6213787216667,187,true
Park_Overhead_-89.jpg,Park_Overhead_,15082480,994654016e933fdcd08ad6fd56cc3db5c386bd00a37c446da6eaeccd18d78acf,5467,3582,2020:06:28 13:52:47,41.871937805,-87.621382805,187,true
Park_Overhead_-9.jpg,Park_Overhead_,14637101,50562316ad15541b59c93ee0573f7d4603b2e9d80997cda12d3e0ecddd324264,5467,3582,2020:06:28 13:48:13,41.8718908333333,-87.6214321116667,184,true
Park_Overhead_-90.jpg,Park_Overhead_,15330126,2ec7be41037fbce641795971e53a0f6cf56ec79eff0a5678ba6b3a3d4ad2a334,5467,3582,2020:06:28 13:52:50,41.871902195,-87.6213981666667,187,true
Park_Overhead_-91.jpg,Park_Overhead_,15232347,b9df4cfdc321c6ad81c64ca3f67380ba29b939081332b91caba30d17d292db2c,5467,3582,2020:06:28 13:52:53,41.8718557783333,-87.6214201666667,187,true
Park_Overhead_-92.jpg,Park_Overhead_,14707495,d390536396ee067f9de88428e4a1fb78f27fd3e21a787237dc46603d86f8e958,5467,3582,2020:06:28 13:52:56,41.8718323333333,-87.621432555,188,true
Park_Overhead_-93.jpg,Park_Overhead_,14423632,0502fb31ed4b1e1b25aee56d2ed178f1f1cfca2b752bf830bac43966362a0da3,5467,3582,2020:06:28 13:52:59,41.87187075,-87.6213902783333,188,true
Park_Overhead_-94.jpg,Park_Overhead_,14534014,a9bec3330b49ea6703127d87d4bedce893e5019a5debd1c121a042fd80a1e1fc,5467,3582,2020:06:28 13:53:02,41.8719083333333,-87.6213420833333,187,true
Park_Overhead_-95.jpg,Park_Overhead_,13459690,bb31d4858db53907659cf9362d1cf5d9d872617732d03726b20c5b286bce9887,5467,3582,2020:06:28 13:53:05,41.8719178333333,-87.6213303883333,193,true
Park_Overhead_-96.jpg,Park_Overhead_,15364755,05affd3af1a40977a063f8e9b78a53d115909cb9f1935a47475c1164362916d1,5467,3582,2020:06:28 13:53:08,41.8719134166667,-87.6213350283333,194,true
Park_Overhead_-97.jpg,Park_Overhead_,15432751,8ed61251743ee3fc25a7ce1c0c0607b9af17b34b2c1662d7357d5f273ff903e6,5467,3582,2020:06:28 13:53:11,41.8718912216667,-87.6213228333333,195,true
Park_Overhead_-98.jpg,Park_Overhead_,14654304,72e58f2b8b6a91a5453f8536d9e0bdf9119a80b8d6423f8c68830cf5c13b74ea,5467,3582,2020:06:28 13:53:14,41.8718822783333,-87.621321695,195,true
Park_Overhead_-99.jpg,Park_Overhead_,15316272,7a58ed074c9c11f5158429e8233f1a6929057d47fec2823018604f500c1fa4f7,5467,3582,2020:06:28 13:53:17,41.87188425,-87.6213095283333,195,true
Park_Trees_NEW-1.jpg,Park_Trees_NEW,18173447,4bab57bca24f3ed999b05486a0097d3d0bf701576ea0d124cdda08c1fdab8131,5467,3582,2020:06:28 13:51:56,41.8726221383333,-87.621331555,185,true
Park_Trees_NEW-10.jpg,Park_Trees_NEW,15929732,2f39f545c457abebaa1ffc07c460e8483a102af59e2d552bd5ea057e9e4acef9,5467,3582,2020:06:28 13:52:23,41.8722448333333,-87.62134075,185,true
Park_Trees_NEW-11.jpg,Park_Trees_NEW,17789217,52eb2a89af166b76dcfb019b5c9967a67e8b64a35a656149bb745498e4fe1923,5467,3582,2020:06:28 13:52:26,41.8722146666667,-87.6213381116667,186,true
Park_Trees_NEW-12.jpg,Park_Trees_NEW,17649405,41a841d2c6635d64acef3b678656e013f781feca5fd870579037351887da8363,5467,3582,2020:06:28 13:52:29,41.8721569166667,-87.6213356383333,186,true
Park_Trees_NEW-13.jpg,Park_Trees_NEW,16651581,d6b43ebcbaa3da6056437840a83fb3a7d0974f8d8d1c7931d4a0e32654d9f7b1,5467,3582,2020:06:28 13:52:32,41.8721362783333,-87.6213323883333,186,true
Park_Trees_NEW-14.jpg,Park_Trees_NEW,17017988,fffaf31de05ec0022028711c41f527877c9e1bb66a4d9b491c7ba1c803f6f7a8,5467,3582,2020:06:28 13:52:35,41.8720952783333,-87.6213391116667,186,true
Park_Trees_NEW-15.jpg,Park_Trees_NEW,16530236,1bedcca74ee56f8d30fc9e3de9d652094d3724b1518bb863c9a8cf281d76ac5c,5467,3582,2020:06:28 13:52:38,41.8720281383333,-87.621357695,186,true
Park_Trees_NEW-16.jpg,Park_Trees_NEW,15492577,231b7afb66537821d0c9e5e28b7ba833497e9f7548a1c17221623fc969a2e1b9,5467,3582,2020:06:28 13:52:41,41.8719947783333,-87.6213709166667,187,true
Park_Trees_NEW-17.jpg,Park_Trees_NEW,15161343,c574bf6068c8e51eaf244b11f3c0035469feb4dbde32e28770bcb4cf5b746609,5467,3582,2020:06:28 13:52:44,41.8719768616667,-87.6213787216667,187,true
Park_Trees_NEW-18.jpg,Park_Trees_NEW,15991195,83c5e94e17104a4e170a234647c15896535d1ad17c4de78f70cedd9b3ab82043,5467,3582,2020:06:28 13:52:47,41.871937805,-87.621382805,187,true
Park_Trees_NEW-19.jpg,Park_Trees_NEW,16103561,3082d6bcc4f4f0b75db22800eae8e1eb3ef4782cb5587370d0b982249fcedf54,5467,3582,2020:06:28 13:52:50,41.871902195,-87.6213981666667,187,true
Park_Trees_NEW-2.jpg,Park_Trees_NEW,17912755,addc6b989f1749a5c35e1f97a63f4bee607ab89504b7700eae83cf88f8bd0b6b,5467,3582,2020:06:28 13:51:59,41.872584,-87.6213462783333,184,true
Park_Trees_NEW-20.jpg,Park_Trees_NEW,15911216,c460d7862ed1e32d04b36cf088c7d1161b618c2c0e4d8cc569a8c6e29a42e751,5467,3582,2020:06:28 13:52:53,41.8718557783333,-87.6214201666667,187,true
Park_Trees_NEW-21.jpg,Park_Trees_NEW,15609801,7a8f091eea7a25fd32fe46fdcd148c825de8e1ae6972e7b85d073fd6ae3d9f23,5467,3582,2020:06:28 13:52:56,41.8718323333333,-87.621432555,188,true
Park_Trees_NEW-22.jpg,Park_Trees_NEW,16395706,0f4f3196994f99b2bd37d88fed538606426bce62b0b109fdef5d0a6fafc088fd,5467,3582,2020:06:28 13:52:59,41.87187075,-87.6213902783333,188,true
Park_Trees_NEW-23.jpg,Park_Trees_NEW,15802733,09e86b683c369b91e29d546fec7b9af370f70576bbc3d1fbb13a6028bc9e9d93,5467,3582,2020:06:28 13:53:02,41.8719083333333,-87.6213420833333,187,true
Park_Trees_NEW-24.jpg,Park_Trees_NEW,14596958,fe0306a3d27e14d6677d9ef5ad1b53805108e516d6b0d39c4b4c494bd2e86980,5467,3582,2020:06:28 13:53:05,41.8719178333333,-87.6213303883333,193,true
Park_Trees_NEW-3.jpg,Park_Trees_NEW,17978717,ab3c24cb2b97a0bf56039868fcd3c0e43b8f78cc6fd54b361d6fd1243d9f850a,5467,3582,2020:06:28 13:52:02,41.872548195,-87.6213488333333,184,true
Park_Trees_NEW-4.jpg,Park_Trees_NEW,18184050,08a8863807689f485c76b6abb5d6fff1b0eb26d470f99955cade82cf13f79c65,5467,3582,2020:06:28 13:52:05,41.8725059716667,-87.621347195,185,true
Park_Trees_NEW-5.jpg,Park_Trees_NEW,17845939,3b5b16d592e05185e41c8f00dd1364767938cef809c4f59b23a84615b9130859,5467,3582,2020:06:28 13:52:08,41.8724660283333,-87.6213474716667,185,true
Park_Trees_NEW-6.jpg,Park_Trees_NEW,17724319,4e4616d289d4f57f94895c13bf0caea347d069fd6886fa94b7e5bc581bf31427,5467,3582,2020:06:28 13:52:11,41.8724066383333,-87.621346805,185,true
Park_Trees_NEW-7.jpg,Park_Trees_NEW,17367737,cc35871604e47dd42afac67dc1ec6f9090ad60f32a4b12f176b81971269e722b,5467,3582,2020:06:28 13:52:14,41.8723351116667,-87.6213494166667,185,true
Park_Trees_NEW-8.jpg,Park_Trees_NEW,18186111,302066ad31f313167da016d0f9288ff8c77f78f9b149a1afce22afcf38b2acb6,5467,3582,2020:06:28 13:52:17,41.8722999166667,-87.621348445,185,true
Park_Trees_NEW-9.jpg,Park_Trees_NEW,17522665,ede10a170881f6ad0bd57cbaafcabd1447fb9ce8678e0d65046e2c07da345054,5467,3582,2020:06:28 13:52:20,41.8722719166667,-87.621343945,185,true
Sunday_Night_Buildings-1.jpg,Sunday_Night_Buildings,16830037,40486272fda34182a3114e0e5d17d80c621dea94244865bc3a5d57012b44c31d,5467,3582,2020:06:28 19:33:50,41.8698941666667,-87.6236412216667,209,true
Sunday_Night_Buildings-10.jpg,Sunday_Night_Buildings,17009488,3e7bedc79525ebd5f12a8cfd88f77fa23ec9cf3ae983a8b59d28d59b5d60d0ca,5467,3582,2020:06:28 19:34:18,41.8706268883333,-87.6236859166667,210,true
Sunday_Night_Buildings-100.jpg,Sunday_Night_Buildings,17515360,fdde9a3f16fdedd56017b84451ffb158d16b4639ce698e230654b7b925c21a53,5467,3582,2020:06:28 19:39:32,41.87100275,-87.623843445,213,true
Sunday_Night_Buildings-101.jpg,Sunday_Night_Buildings,17276710,1d30e45fcba370b19f1155a5e83027d915bd111d60133990dfcd253c09dd7b38,5467,3582,2020:06:28 19:39:35,41.870921305,-87.6238519166667,213,true
Sunday_Night_Buildings-102.jpg,Sunday_Night_Buildings,15527415,b63790ea4fa7488416859ad584967931a0e890cda7acc19cb1b6ac99aef93e8f,5467,3582,2020:06:28 19:39:38,41.8708668616667,-87.6238339166667,213,true
Sunday_Night_Buildings-103.jpg,Sunday_Night_Buildings,16403774,82f53c89302705b735c3632df99d9eb26b1c75766765e5b1e0b26af2dff9a737,5467,3582,2020:06:28 19:39:41,41.870808805,-87.623817195,213,true
Sunday_Night_Buildings-104.jpg,Sunday_Night_Buildings,16564564,4e80cb0550911ba01893a248cec1370a1977b8b5e758251642df71ebad078b1e,5467,3582,2020:06:28 19:39:44,41.87073725,-87.62381875,212,true
Sunday_Night_Buildings-105.jpg,Sunday_Night_Buildings,16557931,226f6180cea39321766d22e90eb99e97be050620b005375917d7c564b9dc5566,5467,3582,2020:06:28 19:39:47,41.8706752783333,-87.623819195,212,true
Sunday_Night_Buildings-106.jpg,Sunday_Night_Buildings,16006569,de40a66a1c646258df8f1c26a2600c5f7fb955d4128ed7c00d54aa74c6bf5865,5467,3582,2020:06:28 19:39:50,41.870623945,-87.6238042783333,211,true
Sunday_Night_Buildings-107.jpg,Sunday_Night_Buildings,16566402,e3dae956a2c34edb484c99f3be3ed08602bf6ad90edf0ebac0c99b698f4d6e7f,5467,3582,2020:06:28 19:39:53,41.8705493616667,-87.6237954716667,211,true
Sunday_Night_Buildings-108.jpg,Sunday_Night_Buildings,15308381,6ce10b80dc127c1cb1086efc9dcf67445a4a0019aeee901ef2d100067d09c60c,5467,3582,2020:06:28 19:39:56,41.8704779166667,-87.6237932216667,211,true
Sunday_Night_Buildings-109.jpg,Sunday_Night_Buildings,15069501,0953dd52c28eae737a9147699971a7a3e54be4cbba510e742da1c93d85079d55,5467,3582,2020:06:28 19:39:59,41.8703993333333,-87.623796055,211,true
Sunday_Night_Buildings-11.jpg,Sunday_Night_Buildings,17601669,5e808ec45672d5ed126dde9f0017859f4bbbcaf37d742a3fdce2735c66a54310,5467,3582,2020:06:28 19:34:21,41.8706879716667,-87.6237246666667,211,true
Sunday_Night_Buildings-110.jpg,Sunday_Night_Buildings,15224658,7b49a5340831e8261be744522da6d829baf02a9b775b8706133080fde02039ef,5467,3582,2020:06:28 19:40:02,41.87031825,-87.6237992783333,211,true
Sunday_Night_Buildings-111.jpg,Sunday_Night_Buildings,15313486,5d0512af862b844358a6067f830e633d22d5920ac172a12adabc2083aed5dc7b,5467,3582,2020:06:28 19:40:05,41.870231555,-87.6238035,211,true
Sunday_Night_Buildings-112.jpg,Sunday_Night_Buildings,15901362,83851f7ea3285d85025e604991c31a32e9d91a16372dc587beef074d1504df5a,5467,3582,2020:06:28 19:40:08,41.870151695,-87.623806445,211,true
Sunday_Night_Buildings-113.jpg,Sunday_Night_Buildings,16447249,f6ebb169308f69d20f95007f644938657e60e995e0a8839b77e325bfc15960c7,5467,3582,2020:06:28 19:40:12,41.8700840283333,-87.6237790283333,211,true
Sunday_Night_Buildings-114.jpg,Sunday_Night_Buildings,16386317,b1f3a09c73826cdbb94fd15bb9ecc2be82f1c0db434a7fce864f2016b99b3ff7,5467,3582,2020:06:28 19:40:15,41.8700175283333,-87.62375,211,true
Sunday_Night_Buildings-115.jpg,Sunday_Night_Buildings,16372640,5a92b144259a3c7c42053bd27c98de382219c35c18f340d9b92a9b01a9984b59,5467,3582,2020:06:28 19:40:18,41.8699488616667,-87.6237166666667,211,true
Sunday_Night_Buildings-116.jpg,Sunday_Night_Buildings,16249231,2ccb9b1323c687c98d833a5312ef52068a36b0e65a27d1fd07efe4f6dc8c1f2b,5467,3582,2020:06:28 19:40:21,41.869872805,-87.6237099716667,211,true
Sunday_Night_Buildings-117.jpg,Sunday_Night_Buildings,16259060,b8e661f8d4bb3c33f7b07c140ad3a274345d87ccd22568066b98957065f156ec,5467,3582,2020:06:28 19:40:24,41.8697931383333,-87.62371325,211,true
Sunday_Night_Buildings-118.jpg,Sunday_Night_Buildings,16260542,db901d2d7e545bcae5b14fbf4809294e85b6fbfbe2e9edfce52c2f325205c9a1,5467,3582,2020:06:28 19:40:27,41.8697103616667,-87.6237167216667,211,true
Sunday_Night_Buildings-119.jpg,Sunday_Night_Buildings,15920557,036c4d4a2eb12881a017843f1731e4781b79babfd11d271e6e89b60464e0771b,5467,3582,2020:06:28 19:40:30,41.869633305,-87.6237079166667,211,true
Sunday_Night_Buildings-12.jpg,Sunday_Night_Buildings,17231627,602f26593ad821cc4c6653d255b52ab9594209e7b0b8f4c3adefb10eaa608892,5467,3582,2020:06:28 19:34:24,41.8707053333333,-87.6237824716667,211,true
Sunday_Night_Buildings-120.jpg,Sunday_Night_Buildings,15791228,860718b3b95c820e28c4ef617df31832e2a6ced72ea1e92c99e25598e0bf39e8,5467,3582,2020:06:28 19:40:33,41.8695558333333,-87.6237061116667,211,true
Sunday_Night_Buildings-121.jpg,Sunday_Night_Buildings,15497265,e7341cbdd31916c034a90da90c26c3d9915722d62fec6bd0af026633bbb2e45c,5467,3582,2020:06:28 19:40:36,41.869476695,-87.6237156116667,211,true
Sunday_Night_Buildings-122.jpg,Sunday_Night_Buildings,15371624,655a7fb0d69f8fef4c2505820ef9ce810be131cdadaeb538621ad227e6139ffb,5467,3582,2020:06:28 19:40:39,41.8693977216667,-87.6237300283333,211,true
Sunday_Night_Buildings-123.jpg,Sunday_Night_Buildings,15477328,a99b74929584df84ae62cb4c02e8d9773275f207544bce172ff948d72e3647ce,5467,3582,2020:06:28 19:40:42,41.8693181383333,-87.6237365283333,211,true
Sunday_Night_Buildings-124.jpg,Sunday_Night_Buildings,16106525,794323b943384c7d594f92b39676b428d4c70a173e01f0d75294d92ba9bb08a5,5467,3582,2020:06:28 19:40:45,41.8692354716667,-87.623742805,211,true
Sunday_Night_Buildings-125.jpg,Sunday_Night_Buildings,15643498,419139c8fd63a1d54ea800d0c5c5bb59a9462be13758991ba815589ed7609726,5467,3582,2020:06:28 19:40:48,41.8691550833333,-87.6237460283333,211,true
Sunday_Night_Buildings-126.jpg,Sunday_Night_Buildings,15483709,a7c97d3cae717cdac6446c9dd6ef5a076c6abc6f168c588805bc8f9c9465d2ed,5467,3582,2020:06:28 19:40:51,41.869074805,-87.623748445,211,true
Sunday_Night_Buildings-127.jpg,Sunday_Night_Buildings,15495897,c6fa056edeb3fe0611d29e88c73ba006be7643f7574aeb6f6d46e9a7a00bcafd,5467,3582,2020:06:28 19:40:54,41.868994305,-87.6237524716667,211,true
Sunday_Night_Buildings-128.jpg,Sunday_Night_Buildings,15616648,a04950d2da4f93296339e33800d11d899a60fd1ec0ca2396f9a9a4fc6c8772f2,5467,3582,2020:06:28 19:40:57,41.8689139716667,-87.6237581116667,211,true
Sunday_Night_Buildings-129.jpg,Sunday_Night_Buildings,15790188,38bdfcda16c1d32f4a65b24841119620752e7454e4bd3a5b9d5e9615190da5b6,5467,3582,2020:06:28 19:41:00,41.8688344166667,-87.62376325,211,true
Sunday_Night_Buildings-13.jpg,Sunday_Night_Buildings,16417564,6a2e9d1fca66d3ffe225b285048b3480624c403999afb6c4d895cf9092332264,5467,3582,2020:06:28 19:34:27,41.8706751116667,-87.6238041666667,211,true
Sunday_Night_Buildings-130.jpg,Sunday_Night_Buildings,15544695,4ef2c47e0ebcc4a9637c121c9910646108c8b90d8d37f88fa9961231cd05e7d5,5467,3582,2020:06:28 19:41:03,41.868750305,-87.6237687216667,211,true
Sunday_Night_Buildings-131.jpg,Sunday_Night_Buildings,15788751,a039cd81551682b457a875ec55f068728c4c1471a7ff8f8c536f2f592c518f4b,5467,3582,2020:06:28 19:41:06,41.8686684716667,-87.6237757783333,211,true
Sunday_Night_Buildings-132.jpg,Sunday_Night_Buildings,15288871,ebd75cc1ea2eff5f2c052ccd290cf34345f6a2a431f02e797a8399b63994e817,5467,3582,2020:06:28 19:41:09,41.8685872783333,-87.623779945,211,true
Sunday_Night_Buildings-133.jpg,Sunday_Night_Buildings,15235426,4ef97140f99d28669dcb9bb663cf300da52b8dec97551010aae06c3c1cdb4393,5467,3582,2020:06:28 19:41:12,41.868508695,-87.6237591666667,211,true
Sunday_Night_Buildings-134.jpg,Sunday_Night_Buildings,15256742,ca64fd92ce33806e6ed649ae32b392366c1e66d236219bd8a9f7233f6be91d7b,5467,3582,2020:06:28 19:41:15,41.8684331383333,-87.6237520833333,211,true
Sunday_Night_Buildings-135.jpg,Sunday_Night_Buildings,15268336,7a518322333c4542d1bfd79c36eebf0ed77258776201bc30763d03466e30e0d7,5467,3582,2020:06:28 19:41:18,41.868352305,-87.6237665,211,true
Sunday_Night_Buildings-136.jpg,Sunday_Night_Buildings,15518701,827bff86192223c83b6fcb5155bcecb99f42c930d0e10122736cc53f3a4a313a,5467,3582,2020:06:28 19:41:21,41.86827375,-87.6237719716667,211,true
Sunday_Night_Buildings-137.jpg,Sunday_Night_Buildings,16024153,c22d0e4036bff93493936d8ba21cf6d0f690974ab3130616800821a06013c123,5467,3582,2020:06:28 19:41:24,41.8681953616667,-87.6237666383333,212,true
Sunday_Night_Buildings-138.jpg,Sunday_Night_Buildings,16305728,61a786e3c75493baa93ef35fbbab81be8ee576b1f075216e8ab776327a91a952,5467,3582,2020:06:28 19:41:27,41.8681149716667,-87.623766695,212,true
Sunday_Night_Buildings-139.jpg,Sunday_Night_Buildings,16407164,ef2b6b3a4dbcf1becc8ab7f1a0891804ea2efffccb73c91ab216d3e3f1886085,5467,3582,2020:06:28 19:41:30,41.868031945,-87.623753805,212,true
Sunday_Night_Buildings-14.jpg,Sunday_Night_Buildings,16465688,fe5ecd26515c3c060763055862cf2c0e3959c950efa166a4da6640ab55fe8723,5467,3582,2020:06:28 19:34:30,41.870679,-87.6238088333333,211,true
Sunday_Night_Buildings-140.jpg,Sunday_Night_Buildings,16376415,c5767dbc5f6a9de854c73479b28b1a3c405a18963e7c6d7c78c4b24dc8b81dfa,5467,3582,2020:06:28 19:41:33,41.8679492783333,-87.6237536383333,212,true
Sunday_Night_Buildings-141.jpg,Sunday_Night_Buildings,16255481,6a4a2dabbe5add1a8fd25efd503795131345fd1da06ab029cec8cea11121fd2b,5467,3582,2020:06:28 19:41:36,41.867867805,-87.623754445,212,true
Sunday_Night_Buildings-142.jpg,Sunday_Night_Buildings,16090853,6bcc88bb2be3ec35601311f8074376a5065f3f269a6ddd5127451468394e7b66,5467,3582,2020:06:28 19:41:39,41.8677858616667,-87.6237545,212,true
Sunday_Night_Buildings-143.jpg,Sunday_Night_Buildings,16580503,7895644213398c7a3c19822e17e113e250ccc1e230783d586c033dc0fb4e3397,5467,3582,2020:06:28 19:41:42,41.867706,-87.6237595833333,212,true
Sunday_Night_Buildings-144.jpg,Sunday_Night_Buildings,15986289,b3ba29d672bb006c2faa99cbb79a48a70811e611b9bd047528c004e4d3b50313,5467,3582,2020:06:28 19:41:45,41.8676219716667,-87.6237792216667,212,true
Sunday_Night_Buildings-145.jpg,Sunday_Night_Buildings,16720079,e7d60c60d2dac60a065e8011452d98be100e15e919c3e89246c333ed60fb4eb1,5467,3582,2020:06:28 19:41:48,41.8675428616667,-87.6237926383333,213,true
Sunday_Night_Buildings-146.jpg,Sunday_Night_Buildings,16655925,7a297ce7a7f37922721680aa508dc8456b5a9fbe1559b477396897039292c8c8,5467,3582,2020:06:28 19:41:51,41.867464695,-87.6238011116667,213,true
Sunday_Night_Buildings-147.jpg,Sunday_Night_Buildings,16246867,5e2fab8a0699a813eedb57d2e90202d68713fe9a3facdd13806bf942f15a36c5,5467,3582,2020:06:28 19:41:54,41.86738375,-87.6238055283333,213,true
Sunday_Night_Buildings-148.jpg,Sunday_Night_Buildings,15714696,41ebebfd3ef6aa774aa79ada28577dac7418b9c1e400dd17d071d3539889eab2,5467,3582,2020:06:28 19:41:57,41.8673165,-87.6237956666667,214,true
Sunday_Night_Buildings-149.jpg,Sunday_Night_Buildings,16086469,b1a230cfa9b68b8a042d1496d2daa2a9415df3875c3e4ff363c70ee4f8ad609b,5467,3582,2020:06:28 19:42:00,41.867320805,-87.623791445,214,true
Sunday_Night_Buildings-15.jpg,Sunday_Night_Buildings,16500044,121ed6e873cfb261a1c0ccb51c693b4d8c165077f9830c9a1ddd5908444cede4,5467,3582,2020:06:28 19:34:33,41.8707450283333,-87.6238081666667,211,true
Sunday_Night_Buildings-150.jpg,Sunday_Night_Buildings,14920546,d3d58dbd742ead155b798ae9798a1e97990c703dc495a0b3fae0dde22fb72ce4,5467,3582,2020:06:28 19:42:03,41.867361195,-87.6237973616667,214,true
Sunday_Night_Buildings-151.jpg,Sunday_Night_Buildings,15395452,6d912c0a814db877f69bc4a5d3c3b888612ce3bf8f02de2930635d0f6c593306,5467,3582,2020:06:28 19:42:06,41.8673829716667,-87.6238024166667,213,true
Sunday_Night_Buildings-152.jpg,Sunday_Night_Buildings,15799845,56137a043379eecbbf4b190ba633e4cf9c2d0c484e5faac23cebef73ea8094f0,5467,3582,2020:06:28 19:42:09,41.8674204716667,-87.6238183883333,213,true
Sunday_Night_Buildings-153.jpg,Sunday_Night_Buildings,16209689,9c44e1b30607dd3d0b42c5d502031bdc1e6566945544e0c16ed9445db8bbac9e,5467,3582,2020:06:28 19:42:12,41.8674635833333,-87.6238627216667,213,true
Sunday_Night_Buildings-154.jpg,Sunday_Night_Buildings,16159484,ca3364d9956b3b9fe85ef0971386ea4fe8480da1d16dca72e7b04d3427b3ac75,5467,3582,2020:06:28 19:42:15,41.867517195,-87.6239046383333,213,true
Sunday_Night_Buildings-155.jpg,Sunday_Night_Buildings,15951546,27020448e503f918a7cb591d367978700308b3d94501919ae54ff574055ca909,5467,3582,2020:06:28 19:42:18,41.867588555,-87.6239420833333,213,true
Sunday_Night_Buildings-156.jpg,Sunday_Night_Buildings,16068199,392a1532e050fcef5f88cbb3219687b2c03dc68cbe8a55ff04df95d5d275f36a,5467,3582,2020:06:28 19:44:07,41.867579195,-87.6241495833333,211,true
Sunday_Night_Buildings-157.jpg,Sunday_Night_Buildings,16381273,7f613037c5fb97accb2f1e619174883cc2b205ea6e82d79655b287428be0df07,5467,3582,2020:06:28 19:44:10,41.8676237783333,-87.6241555283333,210,true
Sunday_Night_Buildings-158.jpg,Sunday_Night_Buildings,16403754,1adb399b95a352060e0322daa980b0eaf56329bb209699b3915ecc2e1bb11950,5467,3582,2020:06:28 19:44:13,41.8676447783333,-87.6241725,210,true
Sunday_Night_Buildings-159.jpg,Sunday_Night_Buildings,16116146,3e2c2c6828f1885c9ec6fc32d448cd1d4c86e0d7d5f136ffdb59d114a5c00529,5467,3582,2020:06:28 19:44:16,41.867653055,-87.6241675283333,210,true
Sunday_Night_Buildings-16.jpg,Sunday_Night_Buildings,16868008,beecf41b3689a9c5bf64928e5f83cfbfefb498f82954f91036fad2c05ae4a46b,5467,3582,2020:06:28 19:34:36,41.8708268883333,-87.6238045,212,true
Sunday_Night_Buildings-160.jpg,Sunday_Night_Buildings,15912866,29b1cd9e61f7b7edc61f41a76cbaf46320651d78be456d9de08d20f6e793f1fa,5467,3582,2020:06:28 19:44:19,41.8677050283333,-87.624149805,210,true
Sunday_Night_Buildings-161.jpg,Sunday_Night_Buildings,15743662,d99b9935e38d20b8cf2282c022641e76cc89fd0f8ff658e8489bb2938ce16b45,5467,3582,2020:06:28 19:44:22,41.8677388333333,-87.62415225,210,true
Sunday_Night_Buildings-162.jpg,Sunday_Night_Buildings,15870745,7adbea5009bf22a6ecf76520d9cdac7a4578e21c50fb71d85551cef86783b8cc,5467,3582,2020:06:28 19:44:25,41.8677796116667,-87.6241523616667,210,true
Sunday_Night_Buildings-163.jpg,Sunday_Night_Buildings,16567527,f6d350e36ae686790d35f1c6158f9b5b95415bef2c591a1a1ac525c58d583d4f,5467,3582,2020:06:28 19:44:28,41.8678234166667,-87.6241593616667,210,true
Sunday_Night_Buildings-164.jpg,Sunday_Night_Buildings,16589376,eaf21975e094cda413c8aaeb21d2d5110eecca11a8a9d19db7a9408a88cc5c6d,5467,3582,2020:06:28 19:44:31,41.8678895,-87.6241838883333,210,true
Sunday_Night_Buildings-165.jpg,Sunday_Night_Buildings,16337915,661bbe7ce58f0552451de9daa8a39aa563f06aab873ba4b0e99ae2ff7a15df08,5467,3582,2020:06:28 19:44:34,41.8679678883333,-87.6241765,210,true
Sunday_Night_Buildings-166.jpg,Sunday_Night_Buildings,16458506,0e2b5d203a9eaea2e5f4503965e361d047353b5bb46b29ee1a43c3ff044d3700,5467,3582,2020:06:28 19:44:37,41.868042305,-87.62417225,210,true
Sunday_Night_Buildings-167.jpg,Sunday_Night_Buildings,16913318,6ef2fb59f32df549e88a351a72257ab938b3202965004e862a6f49c7020e0c2b,5467,3582,2020:06:28 19:44:40,41.8681236666667,-87.6241692216667,210,true
Sunday_Night_Buildings-168.jpg,Sunday_Night_Buildings,17158428,2fc129186b6c30eb6ca28fba8046af4ea4e940451192e15fc0526d1e117b5e06,5467,3582,2020:06:28 19:44:43,41.8681978883333,-87.624166305,210,true
Sunday_Night_Buildings-169.jpg,Sunday_Night_Buildings,17144755,dbefccf519a2d7abbab266528750a40f5929016991d4b9f0a4738685ee3a28ce,5467,3582,2020:06:28 19:44:46,41.8682588616667,-87.624165305,210,true
Sunday_Night_Buildings-17.jpg,Sunday_Night_Buildings,16686015,9b0973e75f90d8e0ff3c15eb1f982fe46af984c1275b7958a4d12e8515c0e1f4,5467,3582,2020:06:28 19:34:39,41.8709033333333,-87.6238033616667,213,true
Sunday_Night_Buildings-170.jpg,Sunday_Night_Buildings,17146104,2a6846085422289186510ce4356549d2d77074efbde03d556b3d8ca755d9a096,5467,3582,2020:06:28 19:44:49,41.8683331383333,-87.624152305,211,true
Sunday_Night_Buildings-171.jpg,Sunday_Night_Buildings,16882784,1d84b3091f639fd71e45e666e251df92e91b9356eea16a4818b76fd29d3ef748,5467,3582,2020:06:28 19:44:52,41.8684171116667,-87.6241371383333,212,true
Sunday_Night_Buildings-172.jpg,Sunday_Night_Buildings,16673875,d691dc1e7bc4f39aa55fcd77f715a5695af5f607153c6a7e8e138e163243fe3d,5467,3582,2020:06:28 19:44:55,41.868495305,-87.6241226383333,212,true
Sunday_Night_Buildings-173.jpg,Sunday_Night_Buildings,16069538,00c5069de4621aac50a7d33fa37daeffe7becf048232a1c430e39a636a6537ad,5467,3582,2020:06:28 19:44:58,41.8685739716667,-87.62411375,212,true
Sunday_Night_Buildings-174.jpg,Sunday_Night_Buildings,16617752,be596d347412ec967e4b222e6dbe2811241363d650df23577cf9be480e5d303e,5467,3582,2020:06:28 19:45:01,41.8686581383333,-87.624117555,212,true
Sunday_Night_Buildings-175.jpg,Sunday_Night_Buildings,16563585,4de9b1053f4604fa7e32aec6407d5677b3639ad11b0c48e1fc56d6c786fbe53e,5467,3582,2020:06:28 19:45:04,41.8687383883333,-87.6241146383333,212,true
Sunday_Night_Buildings-176.jpg,Sunday_Night_Buildings,16682337,a1886a03adab51d57aaddac8496438d65ab53c40000a9f562190b47b460234bf,5467,3582,2020:06:28 19:45:07,41.8688191116667,-87.6241104716667,212,true
Sunday_Night_Buildings-177.jpg,Sunday_Night_Buildings,16679341,7a5773b6c7ac95d075d55a939819e2551d7697d0cf7de0db9bd3b795aabb756c,5467,3582,2020:06:28 19:45:10,41.8689032783333,-87.6241065833333,211,true
Sunday_Night_Buildings-178.jpg,Sunday_Night_Buildings,16867694,5f36e7b452a8526075e446e4aee157057e41de883a001df394a3add65745edca,5467,3582,2020:06:28 19:45:13,41.8689848616667,-87.624105695,211,true
Sunday_Night_Buildings-179.jpg,Sunday_Night_Buildings,17540234,54dc1dfe4d9d6a6694c7580ae2565b1ad4fa136592aeae3d5f8d94955e0419ae,5467,3582,2020:06:28 19:45:16,41.86905225,-87.6241125283333,211,true
Sunday_Night_Buildings-18.jpg,Sunday_Night_Buildings,16160537,131b9562c853866b7f2cc64a5f939fcba3fea9bbbb1bd2b675964ff07bbdc71c,5467,3582,2020:06:28 19:34:42,41.8709836666667,-87.6238049716667,212,true
Sunday_Night_Buildings-180.jpg,Sunday_Night_Buildings,17996266,38aa6b0b3e70b778f95ee1db815a129cf8d96de501db1ac462815c7827d84717,5467,3582,2020:06:28 19:45:19,41.869069805,-87.6241292216667,211,true
Sunday_Night_Buildings-181.jpg,Sunday_Night_Buildings,17912900,e01e15b01bc159f0e85c9fa7721cfea16298ebb03f2ef3aeb55a8b89fff5b91f,5467,3582,2020:06:28 19:45:22,41.8690720283333,-87.624145055,211,true
Sunday_Night_Buildings-182.jpg,Sunday_Night_Buildings,17836481,d83904292da203ccc6a24c3af685ffcef00cd74e03152c9e54bb60586f079df7,5467,3582,2020:06:28 19:45:25,41.86904475,-87.6241528616667,210,true
Sunday_Night_Buildings-183.jpg,Sunday_Night_Buildings,17058112,b82c20755b56b4bfdf4fffcd5ef876002654ef024c0ae16d90e9e42dbf6a6dfb,5467,3582,2020:06:28 19:45:29,41.86907175,-87.624152,210,true
Sunday_Night_Buildings-184.jpg,Sunday_Night_Buildings,17233884,b1d37a3fc6cc5ffa489f7afb80b787775e1cbe161818cea7a28570ddce7032c3,5467,3582,2020:06:28 19:45:32,41.8691396666667,-87.6241470833333,210,true
Sunday_Night_Buildings-185.jpg,Sunday_Night_Buildings,17154086,055c1107ed2158c14c79d194a181bfa2778b172d893f80bda599d287a28e7eb1,5467,3582,2020:06:28 19:45:35,41.8692191666667,-87.62414175,209,true
Sunday_Night_Buildings-186.jpg,Sunday_Night_Buildings,17565220,927b8632129486ca746b073eab96f23917db1d8d0877efd0e5cc1b75cb30a3d0,5467,3582,2020:06:28 19:45:38,41.869300305,-87.6241345833333,208,true
Sunday_Night_Buildings-187.jpg,Sunday_Night_Buildings,17620547,8e79c7371e633227631f3c26ebb8435a11108803851a8a0a5f46ce4c99522d2c,5467,3582,2020:06:28 19:45:44,41.869464555,-87.6241295283333,204,true
Sunday_Night_Buildings-188.jpg,Sunday_Night_Buildings,18436328,6a1a22c94bacad1b4852a2a39bdafebd3ef259745b431469820f6c01eb4921a8,5467,3582,2020:06:28 19:45:47,41.869545305,-87.624125,203,true
Sunday_Night_Buildings-189.jpg,Sunday_Night_Buildings,18089010,c05d3cd44b7cc0327b553bd33bfb37f303341505a16b4d506aac17a1a8158b6c,5467,3582,2020:06:28 19:45:50,41.8696255,-87.6241216666667,203,true
Sunday_Night_Buildings-19.jpg,Sunday_Night_Buildings,16644202,e802e88d837ca831e084f5e8fb2d9bf9956967b23196910db7d3fbab15fc03ff,5467,3582,2020:06:28 19:34:45,41.8710640833333,-87.6238020283333,212,true
Sunday_Night_Buildings-190.jpg,Sunday_Night_Buildings,18585426,972b9a97032935fc5422b90ef9cc5552feb0dbfd9d87facc105cf9c97c0aba0b,5467,3582,2020:06:28 19:45:53,41.8697058616667,-87.6241195833333,203,true
Sunday_Night_Buildings-191.jpg,Sunday_Night_Buildings,18628879,03f4fde6d82003630425599876b20400b237b9eca4a415c9fec6eac24f9f81c1,5467,3582,2020:06:28 19:45:56,41.8697865283333,-87.624119055,203,true
Sunday_Night_Buildings-192.jpg,Sunday_Night_Buildings,18470512,b791041ded3faa55ba0a249cf510aa1ff91030c37372f79052ade09d2351050b,5467,3582,2020:06:28 19:45:59,41.8698702216667,-87.624119695,204,true
Sunday_Night_Buildings-193.jpg,Sunday_Night_Buildings,18294395,2479949a246fc36706e24abc1596d505ce45facabc4810942857f3070d6847f5,5467,3582,2020:06:28 19:46:02,41.8699514716667,-87.6241169166667,204,true
Sunday_Night_Buildings-194.jpg,Sunday_Night_Buildings,17999008,d6dfa2432529c31892fcbdcb87f8c28af0668c84069d035dd1c4b249dbd07276,5467,3582,2020:06:28 19:46:05,41.8700335283333,-87.6241156116667,204,true
Sunday_Night_Buildings-195.jpg,Sunday_Night_Buildings,17934619,fabe94834b4092b1a6651d5e8628126cbd97fa9fef246716acdff6eb06be6554,5467,3582,2020:06:28 19:46:08,41.8701100283333,-87.624109,205,true
Sunday_Night_Buildings-196.jpg,Sunday_Night_Buildings,17696413,cf094b8d12e8e67215cbbb74848aa421be3b0573c2272f673f33f78fa6bb498f,5467,3582,2020:06:28 19:46:11,41.8701545,-87.62411325,205,true
Sunday_Night_Buildings-197.jpg,Sunday_Night_Buildings,16996011,e2b6ffa40f6b9bd13f35f4d5e876ec70034421d5794130bbebdd3eb5b63802e1,5467,3582,2020:06:28 19:46:14,41.870226805,-87.624107695,205,true
Sunday_Night_Buildings-198.jpg,Sunday_Night_Buildings,16692800,20543753be0e52c436ebf724ed6b17c88123163f1ecb95840305bd3453f18e55,5467,3582,2020:06:28 19:46:17,41.8703053883333,-87.624105695,205,true
Sunday_Night_Buildings-199.jpg,Sunday_Night_Buildings,17012246,c4dabede192adef73eb35fba5a54e48620259ee98e793538067ff4370bf84006,5467,3582,2020:06:28 19:46:20,41.8703821383333,-87.6241068883333,205,true
Sunday_Night_Buildings-2.jpg,Sunday_Night_Buildings,17071278,903858b7c0255e33a6c35dc71f0d576cb85354ea2b93a65335efb6714004a780,5467,3582,2020:06:28 19:33:53,41.8699774716667,-87.6236409166667,209,true
Sunday_Night_Buildings-20.jpg,Sunday_Night_Buildings,16628957,79b255717b7425ead92f677a4505bb96e447ba4b983093be625b682c4da813db,5467,3582,2020:06:28 19:34:48,41.8711221383333,-87.6237556383333,212,true
Sunday_Night_Buildings-200.jpg,Sunday_Night_Buildings,17685106,f7c03aa157369b422217c6211756834779c1749e3b71e9e4f787ca7ea7771474,5467,3582,2020:06:28 19:46:23,41.8704604716667,-87.624110555,205,true
Sunday_Night_Buildings-201.jpg,Sunday_Night_Buildings,17541491,5644fdda28c93779ba67a6f64584a29a4e7a13302345fa579129a5ca67af83ad,5467,3582,2020:06:28 19:46:26,41.8705304166667,-87.6241161666667,205,true
Sunday_Night_Buildings-202.jpg,Sunday_Night_Buildings,17400932,d00b9ee4713a1ab37f8e7523bbc8fa0025b7cc5af19582bd4f7761da5488fefb,5467,3582,2020:06:28 19:46:29,41.8706055,-87.6241312216667,205,true
Sunday_Night_Buildings-203.jpg,Sunday_Night_Buildings,17456766,da103764a428a51b41863b41962e0744656571a1750997784450d82c769f231a,5467,3582,2020:06:28 19:46:32,41.8706864716667,-87.624133445,205,true
Sunday_Night_Buildings-204.jpg,Sunday_Night_Buildings,17243472,eee8fe97db6afa405c92a236a2960e84c3ff06fa09aeaaef3a2e9fac9ea273a9,5467,3582,2020:06:28 19:46:35,41.87076375,-87.6241345,204,true
Sunday_Night_Buildings-205.jpg,Sunday_Night_Buildings,17635353,0c9b421515b7201b862cc386e13f2633bce8462e3ded1515d431b5468c84b200,5467,3582,2020:06:28 19:46:38,41.8708166666667,-87.6241320833333,205,true
Sunday_Night_Buildings-206.jpg,Sunday_Night_Buildings,17955934,b4dfbe051b4d0b9d0a8bd3efb6a4cd2517e663eeb60bd70eaa2a99c7728b358a,5467,3582,2020:06:28 19:46:41,41.8708893883333,-87.6241259166667,204,true
Sunday_Night_Buildings-207.jpg,Sunday_Night_Buildings,19598978,48d78d8d7ad185367b46580edb1e97ffd46141d4d78f5fc601ac9332b267a51e,5467,3582,2020:06:28 19:46:44,41.8709348883333,-87.6241399166667,204,true
Sunday_Night_Buildings-208.jpg,Sunday_Night_Buildings,18945260,1fb810e22781549fe42ce66b1606804f56ac60927a9ccde79c678ae610910d51,5467,3582,2020:06:28 19:46:47,41.870976445,-87.6241564716667,204,true
Sunday_Night_Buildings-209.jpg,Sunday_Night_Buildings,18476812,1fa051b0b65c8ace792652637a5c4cffbf047a27cda5e588a7ee19764937fcc8,5467,3582,2020:06:28 19:46:50,41.871045,-87.624156195,205,true
Sunday_Night_Buildings-21.jpg,Sunday_Night_Buildings,17449975,719e45f62b3219cf4bc24c6ba9564e3b75cb108c9e45d4cc62a102461fd1d34b,5467,3582,2020:06:28 19:34:51,41.8711388616667,-87.623686805,212,true
Sunday_Night_Buildings-210.jpg,Sunday_Night_Buildings,18658648,538bc3a0a7e7baf223937976d1cd8b4b08a622841edfe22c30a1213c88096488,5467,3582,2020:06:28 19:46:53,41.8711230283333,-87.6241524166667,204,true
Sunday_Night_Buildings-211.jpg,Sunday_Night_Buildings,18507496,ab5c42d1007fba358050484f7cd2a8c9b7a9c31aa67edc257fce081922db60dd,5467,3582,2020:06:28 19:46:56,41.8712026666667,-87.6241451116667,205,true
Sunday_Night_Buildings-212.jpg,Sunday_Night_Buildings,18511817,617bf5df4eab7c6535c8c56bdea012d1f438347e300abff416c5051b508a0784,5467,3582,2020:06:28 19:46:59,41.8712828333333,-87.6241337216667,205,true
Sunday_Night_Buildings-213.jpg,Sunday_Night_Buildings,19344100,82d51fb1102a21527ad6b264bed3cc7ea3f9a660f5b66cb60a5f7d2ce253401c,5467,3582,2020:06:28 19:47:02,41.871322805,-87.624133695,205,true
Sunday_Night_Buildings-214.jpg,Sunday_Night_Buildings,19932507,2fb27f6ba5b3c38a6443d9a97f768b4a5112641355f06071f0813c8039cbb46b,5467,3582,2020:06:28 19:47:05,41.871330695,-87.6241270833333,205,true
Sunday_Night_Buildings-215.jpg,Sunday_Night_Buildings,19624770,61d09870b199f8a667c4f997cfae021d9debc774402d1ea108e4a5ee9acba89d,5467,3582,2020:06:28 19:47:08,41.871329305,-87.6241228883333,205,true
Sunday_Night_Buildings-216.jpg,Sunday_Night_Buildings,18061854,e676af6b533150681f5a836522519ab8b3250fba00d4e34560e1d1b2c7cb2fca,5467,3582,2020:06:28 19:47:11,41.8713301666667,-87.6241201116667,206,true
Sunday_Night_Buildings-22.jpg,Sunday_Night_Buildings,17543322,b1bf6f9ddba6a360dae6d3a9f04e56a0bd90965b1dbaa13af2b08e3e924749d9,5467,3582,2020:06:28 19:34:54,41.8711689716667,-87.623662945,212,true
Sunday_Night_Buildings-23.jpg,Sunday_Night_Buildings,17765892,32b9e7d6ba173afe43d38eaa1abdff3f22d429f36d57c2944524d87abf664a34,5467,3582,2020:06:28 19:34:57,41.8712349716667,-87.6236763333333,212,true
Sunday_Night_Buildings-24.jpg,Sunday_Night_Buildings,17845659,d2681bc0e9b5bad4c6d2164503043ecf44bb5b7c2e311cc4d15803e58079f1ab,5467,3582,2020:06:28 19:35:00,41.8712591116667,-87.6237335283333,212,true
Sunday_Night_Buildings-25.jpg,Sunday_Night_Buildings,16969562,f204bebb4f907136c50a36fceed5fb2ffbfb2bf24f0a251886891141e4ec10b9,5467,3582,2020:06:28 19:35:03,41.8712735833333,-87.6237859716667,212,true
Sunday_Night_Buildings-26.jpg,Sunday_Night_Buildings,16768158,7fdcd43b94d45c219e53080f570d8e74bd280cda0e6b5cc46575645baba53737,5467,3582,2020:06:28 19:35:06,41.8713335283333,-87.6237988883333,211,true
Sunday_Night_Buildings-27.jpg,Sunday_Night_Buildings,16623593,118e5a32de74f2252427ead8c31e3b25bf7d6e7c2207c964a81b2d211a63c6d0,5467,3582,2020:06:28 19:35:09,41.8714139716667,-87.623797695,212,true
Sunday_Night_Buildings-28.jpg,Sunday_Night_Buildings,16514639,f3acd898e82e9e8105606f55577a431a1b380d7ec7ae8739074d84fbf61f06f0,5467,3582,2020:06:28 19:35:12,41.871474,-87.6237949716667,212,true
Sunday_Night_Buildings-29.jpg,Sunday_Night_Buildings,15995503,3a191f665b59a72d3ef603a36d348425996279a417276b63a8767c7c61577207,5467,3582,2020:06:28 19:35:15,41.8714977216667,-87.6238403333333,212,true
Sunday_Night_Buildings-3.jpg,Sunday_Night_Buildings,17006975,1defd33ab2a639c7cdb49e3a367ad2052984c1879ddc2634ff4ce8af912a637d,5467,3582,2020:06:28 19:33:56,41.8700576383333,-87.6236472783333,209,true
Sunday_Night_Buildings-30.jpg,Sunday_Night_Buildings,15590559,cada409a0b92468b149128df117e5ea4b86e1ed8960f336ab26c576762a3881c,5467,3582,2020:06:28 19:35:18,41.871556055,-87.6238637783333,212,true
Sunday_Night_Buildings-31.jpg,Sunday_Night_Buildings,15113061,ad764926ed624746b94048f5f1d6a96b305098ebd3de2eec14d16f230543fabb,5467,3582,2020:06:28 19:35:21,41.8716333883333,-87.6238653883333,212,true
Sunday_Night_Buildings-32.jpg,Sunday_Night_Buildings,15091627,48d24d11400389a9eaa5edf9c8957aa115fd27ce4ab071f39b78ff998f9afa90,5467,3582,2020:06:28 19:35:24,41.8717147783333,-87.623868055,212,true
Sunday_Night_Buildings-33.jpg,Sunday_Night_Buildings,15133792,e8631007b1c61ba61c03e1319df5e9aa1fa36739fc1869091b39511acabe6874,5467,3582,2020:06:28 19:35:27,41.8717994166667,-87.623868055,212,true
Sunday_Night_Buildings-34.jpg,Sunday_Night_Buildings,15199297,b02ca533acd150b97e1450bdc9a4f64a6f0eb7095e5f3ea388279bf1f77377d5,5467,3582,2020:06:28 19:35:30,41.871881445,-87.6238666383333,212,true
Sunday_Night_Buildings-35.jpg,Sunday_Night_Buildings,15337615,734d014f509861a39d17acd89d85fd448947700143985341d92a3a8284e056cd,5467,3582,2020:06:28 19:35:33,41.871962195,-87.6238635283333,212,true
Sunday_Night_Buildings-36.jpg,Sunday_Night_Buildings,15476531,3c3cfa7cb3673ea8b4cba55a31b868f126d937b94dd28b37ce4cabc328881411,5467,3582,2020:06:28 19:35:36,41.8720439716667,-87.6238606116667,212,true
Sunday_Night_Buildings-37.jpg,Sunday_Night_Buildings,15891006,29765dbb565c31a6e9f525637464e01caf504f6327fb7285f73c35fde52e0c41,5467,3582,2020:06:28 19:35:39,41.872125945,-87.6238584166667,212,true
Sunday_Night_Buildings-38.jpg,Sunday_Night_Buildings,16005296,715a04a2fd11e86595d6fefc6d6754b58cf82e33f91f58f64a12bba9224161a9,5467,3582,2020:06:28 19:35:42,41.8722076666667,-87.6238563616667,213,true
Sunday_Night_Buildings-39.jpg,Sunday_Night_Buildings,15954284,553281d3507b7404bafb379e0c0b1a50c9d503e3af7528d7038f9dd1be741e32,5467,3582,2020:06:28 19:35:45,41.872291805,-87.6238532216667,213,true
Sunday_Night_Buildings-4.jpg,Sunday_Night_Buildings,17414591,4b2e74df78716c128f1437e9a99f9a247edb79278308b1b3b8703a783041a814,5467,3582,2020:06:28 19:33:59,41.870138945,-87.6236528616667,209,true
Sunday_Night_Buildings-40.jpg,Sunday_Night_Buildings,15618115,6e8b45ef5bed42ea02acd9fef0e242addb7ab6f9385c59f5a0efb372813d6b03,5467,3582,2020:06:28 19:35:48,41.8723727216667,-87.6238502783333,213,true
Sunday_Night_Buildings-41.jpg,Sunday_Night_Buildings,15858812,02ffabfcd4765e36b15c309342fd0a9cd06aaa172adf547460c22f4ea8a92d63,5467,3582,2020:06:28 19:35:51,41.8724532783333,-87.6238471383333,213,true
Sunday_Night_Buildings-42.jpg,Sunday_Night_Buildings,15868868,eac35358afc901507ff072fac9f5be7a34e633fa7598f03976611ac5a422903c,5467,3582,2020:06:28 19:35:54,41.8725339166667,-87.6238451666667,213,true
Sunday_Night_Buildings-43.jpg,Sunday_Night_Buildings,16179371,5aeedc027467feff2c67ff838b9fcd6a8f2dc0a1edd60313e18da71482242340,5467,3582,2020:06:28 19:35:57,41.8726180833333,-87.6238423616667,213,true
Sunday_Night_Buildings-44.jpg,Sunday_Night_Buildings,16119020,e5b73c564311148c4e9b905b9affec5b2dcde0563172f226b0cd012dd6261193,5467,3582,2020:06:28 19:36:00,41.8726961116667,-87.6238406116667,213,true
Sunday_Night_Buildings-45.jpg,Sunday_Night_Buildings,15969288,24f76dc982623c0e4a5b0206ba337fe0bf87b3fb35ebe1912ab1a38360936e0f,5467,3582,2020:06:28 19:36:03,41.8727772216667,-87.6238413616667,213,true
Sunday_Night_Buildings-46.jpg,Sunday_Night_Buildings,16190411,58580890e553547d8caf24a800c1ea32dc0066511fc573bb6b23bd825fcdcae8,5467,3582,2020:06:28 19:36:06,41.872859195,-87.6238409166667,213,true
Sunday_Night_Buildings-47.jpg,Sunday_Night_Buildings,16359657,00396fa2e81753da53c4b9e8ceecbd669d43271ee5d957197873090346303426,5467,3582,2020:06:28 19:36:09,41.872921305,-87.6238408616667,214,true
Sunday_Night_Buildings-48.jpg,Sunday_Night_Buildings,15880835,613702f7a1fe415e6a9ba7f4224d7862e39537c2372429d49aa7c8d816e9cf31,5467,3582,2020:06:28 19:36:12,41.872992445,-87.6238420833333,214,true
Sunday_Night_Buildings-49.jpg,Sunday_Night_Buildings,15497286,703103050fb9ffad28d46f4b3f70799574da8fc31f3abe4401b00bb4d9999dd5,5467,3582,2020:06:28 19:36:15,41.8730717216667,-87.6238424716667,214,true
Sunday_Night_Buildings-5.jpg,Sunday_Night_Buildings,16977218,c4b817f2a5e6b290925ce13e08f7ceba6b3dd7cca653de1b36a77f1f74a068d4,5467,3582,2020:06:28 19:34:02,41.87021975,-87.6236604716667,209,true
Sunday_Night_Buildings-50.jpg,Sunday_Night_Buildings,15368154,b877276a1afbfa13f600ebe87d0495b8a052c53a9582724b205903644f1bb746,5467,3582,2020:06:28 19:36:18,41.8731535283333,-87.6238433883333,214,true
Sunday_Night_Buildings-51.jpg,Sunday_Night_Buildings,15198744,7e438374e027c9696e0efd815176567770a63c2eaafbdd893fc135fa6db33121,5467,3582,2020:06:28 19:36:21,41.873234695,-87.6238434166667,214,true
Sunday_Night_Buildings-52.jpg,Sunday_Night_Buildings,14939492,75a2c5a346c125bb6360172a465ea4985354873bc45b831296a08a9dc51f7d4c,5467,3582,2020:06:28 19:36:24,41.8733184166667,-87.6238467783333,213,true
Sunday_Night_Buildings-53.jpg,Sunday_Night_Buildings,15020840,0f6c79594db463dba5a6a7ac89ff2f03f1835360479ca8639524e2860d1ef3f6,5467,3582,2020:06:28 19:36:27,41.8733985283333,-87.6238575,213,true
Sunday_Night_Buildings-54.jpg,Sunday_Night_Buildings,15607511,25df308d4d348c385bb8bdbbcfbf66381ee918eef10dbfae84d62642e3fdb4cc,5467,3582,2020:06:28 19:36:30,41.8734795283333,-87.6238586666667,213,true
Sunday_Night_Buildings-55.jpg,Sunday_Night_Buildings,16688301,c7b89ca6ec6f6c0fccbf72d31fb98fc7a51d6199064d608aff49cba2a7efa9e3,5467,3582,2020:06:28 19:36:33,41.8735601666667,-87.6238561666667,213,true
Sunday_Night_Buildings-56.jpg,Sunday_Night_Buildings,17679196,d9b37319ac9ae97def82d831bce13e3580fdbd1e543952c8b119872b9c3d5d78,5467,3582,2020:06:28 19:36:36,41.873611805,-87.6238532216667,213,true
Sunday_Night_Buildings-57.jpg,Sunday_Night_Buildings,17500623,bbc23c3e969d7e568bb54746d20fc2d4c2f4f7739821e895d3495b10a71f9e59,5467,3582,2020:06:28 19:36:39,41.8736725283333,-87.6238502216667,213,true
Sunday_Night_Buildings-58.jpg,Sunday_Night_Buildings,16889411,7625fa0cd9bf5c273c5f6c71acc3b0ee6a908d66bac9099443713614354df1ba,5467,3582,2020:06:28 19:36:42,41.8737428883333,-87.6238485833333,213,true
Sunday_Night_Buildings-59.jpg,Sunday_Night_Buildings,17617619,9b5a529a39abcd7aab99e3980f8b8a060dd93dd215955fd4527abb3f12758037,5467,3582,2020:06:28 19:36:45,41.8737698616667,-87.6238462783333,213,true
Sunday_Night_Buildings-6.jpg,Sunday_Night_Buildings,16377540,5b5ca69ed46893ff8e091b77f00f292d35686f2db2473093e3424ecc615ca90a,5467,3582,2020:06:28 19:34:05,41.8703040283333,-87.6236688616667,209,true
Sunday_Night_Buildings-60.jpg,Sunday_Night_Buildings,17040563,ba1538fa0cf7f65f5206d572fff445da41d8a7d25f6233309f2b1eaf0e15bfa7,5467,3582,2020:06:28 19:37:31,41.8737793883333,-87.623863805,208,true
Sunday_Night_Buildings-61.jpg,Sunday_Night_Buildings,16999080,17da99f003effce063c30d1de8f5008ea014bd52d25cc17ea4c7072a8371c5e4,5467,3582,2020:06:28 19:37:35,41.873745945,-87.6238638883333,207,true
Sunday_Night_Buildings-62.jpg,Sunday_Night_Buildings,16781508,a92e5b4d7f318582c44b523c2fd8093000b168bcc889a5d19ad5ba23fcb122c5,5467,3582,2020:06:28 19:37:38,41.873684805,-87.6238627783333,209,true
Sunday_Night_Buildings-63.jpg,Sunday_Night_Buildings,16858354,965db0238d79270bb7e3173c2912be42e5ff6fb860b7b0a5bfa001093802f556,5467,3582,2020:06:28 19:37:41,41.8736140283333,-87.6238650283333,209,true
Sunday_Night_Buildings-64.jpg,Sunday_Night_Buildings,17124316,e1b62110d391260389ab71fc7b3adc794b956b327507a408715a13453cde1085,5467,3582,2020:06:28 19:37:44,41.873580055,-87.6238657216667,210,true
Sunday_Night_Buildings-65.jpg,Sunday_Night_Buildings,16799401,d21a4b6379fbe91a6f466756f78f070f38db583a7a4b8ed88c79bbd6c7891333,5467,3582,2020:06:28 19:37:47,41.8735224166667,-87.623867195,211,true
Sunday_Night_Buildings-66.jpg,Sunday_Night_Buildings,16605838,855c51e2e121565328cdd1e6c884216ca88d9b66e003873fa0786039c234d6b6,5467,3582,2020:06:28 19:37:50,41.873444695,-87.6238694716667,211,true
Sunday_Night_Buildings-67.jpg,Sunday_Night_Buildings,17641987,208ca127f9bac03ac092e9f6953ef64a9883ef1de8f95cfb2f296fe996877592,5467,3582,2020:06:28 19:37:53,41.8733646116667,-87.623868055,211,true
Sunday_Night_Buildings-68.jpg,Sunday_Night_Buildings,17627241,5e7955ecf8d4f6a523637b2f8406b31921fbfdd8df668cda0587ee318a3e3cc2,5467,3582,2020:06:28 19:37:56,41.8732839716667,-87.6238706383333,211,true
Sunday_Night_Buildings-69.jpg,Sunday_Night_Buildings,17910968,ad2d11ce4a6bfcff2a7f3150ea8cc21727376cc468d99782c328fbf93fb2bbfd,5467,3582,2020:06:28 19:37:59,41.873203695,-87.62387175,211,true
Sunday_Night_Buildings-7.jpg,Sunday_Night_Buildings,16248281,89bd7367079e3e22f45abeb55c8ec53e9d0eebf8c21c2f29c45ec4a1c6cf7b9a,5467,3582,2020:06:28 19:34:08,41.8703903616667,-87.623664945,210,true
Sunday_Night_Buildings-70.jpg,Sunday_Night_Buildings,18070100,87240605ec6c709889c33f1f0de2a0392605824d157fa74957ef38a41a5f0974,5467,3582,2020:06:28 19:38:02,41.8731228616667,-87.6238674716667,211,true
Sunday_Night_Buildings-71.jpg,Sunday_Night_Buildings,17885432,d49f37967560476eb3439491b8dbbfab05c3bfcf1ba82b5e32836d5a7136412b,5467,3582,2020:06:28 19:38:05,41.8730403883333,-87.6238631383333,211,true
Sunday_Night_Buildings-72.jpg,Sunday_Night_Buildings,17164303,10d33b46a6adb90e1a8d868a38130fa031a486607a2f21d7021a9172d0618a64,5467,3582,2020:06:28 19:38:08,41.8729598333333,-87.6238635283333,211,true
Sunday_Night_Buildings-73.jpg,Sunday_Night_Buildings,18240263,6adca70fdd35abdf867223aada4b0fdba2bf0865cddb4b6d497a0392bc12fb14,5467,3582,2020:06:28 19:38:11,41.8728800283333,-87.6238620833333,211,true
Sunday_Night_Buildings-74.jpg,Sunday_Night_Buildings,18112737,835f389a48aaa6aaebde01c37bd7510d6e470cdd843c32ff9cdaebebcd0eff56,5467,3582,2020:06:28 19:38:14,41.872800305,-87.623859305,211,true
Sunday_Night_Buildings-75.jpg,Sunday_Night_Buildings,18092319,d20f54120c5825b20847d12ccf7d9c359b58993c531daf482ac9ffa42babee8f,5467,3582,2020:06:28 19:38:17,41.8727175283333,-87.623860445,211,true
Sunday_Night_Buildings-76.jpg,Sunday_Night_Buildings,18038497,efbb134525f33f75a61314c8c53144e7d1cd8d8caa5e058887f21f86eac399a5,5467,3582,2020:06:28 19:38:20,41.8726372783333,-87.6238686116667,211,true
Sunday_Night_Buildings-77.jpg,Sunday_Night_Buildings,18034462,9727f0e6cecf10f7a98f2d719ead84f4d6870ac523038483fb66c61ed515f4be,5467,3582,2020:06:28 19:38:23,41.87255725,-87.6238766116667,212,true
Sunday_Night_Buildings-78.jpg,Sunday_Night_Buildings,18216248,d1e441f81b247ce4a21eff9c176856e56393f834fe11f013ec5fc81cd0b6f3d7,5467,3582,2020:06:28 19:38:26,41.8724771666667,-87.6238829166667,212,true
Sunday_Night_Buildings-79.jpg,Sunday_Night_Buildings,17883332,42ca980431ce4d59d486315d8d9895d3a1a8e56326092714f6db44aa80df23a5,5467,3582,2020:06:28 19:38:29,41.87239675,-87.6238852216667,212,true
Sunday_Night_Buildings-8.jpg,Sunday_Night_Buildings,16241928,9b0c73ec07f25b2dfada4b458a4ac5b03f84516f2fed41fe6d0fbbc147b60981,5467,3582,2020:06:28 19:34:12,41.8704712783333,-87.6236598883333,210,true
Sunday_Night_Buildings-80.jpg,Sunday_Night_Buildings,18468719,54a95efedebe91ad683c3a151800bb2bd75056be2538c4cdaa03a95b06021a10,5467,3582,2020:06:28 19:38:32,41.8723238883333,-87.623874945,212,true
Sunday_Night_Buildings-81.jpg,Sunday_Night_Buildings,18454814,70bc970cb6bf2c2f6b375dab4a3478acc4919377c2cfc36c2467312accef448f,5467,3582,2020:06:28 19:38:35,41.8723039166667,-87.623826195,212,true
Sunday_Night_Buildings-82.jpg,Sunday_Night_Buildings,18037048,a39210af6bf41076c2b4d2f7572563db4be89df09441f24fb8ca20a647cf3a3a,5467,3582,2020:06:28 19:38:38,41.8723346116667,-87.6238024716667,212,true
Sunday_Night_Buildings-83.jpg,Sunday_Night_Buildings,17987760,01f7b0d05fc7c473ad9afe30ade3163086ee091aad6f147ceae4ae182beb34c3,5467,3582,2020:06:28 19:38:41,41.8723319716667,-87.6237906116667,212,true
Sunday_Night_Buildings-84.jpg,Sunday_Night_Buildings,17855861,673afb25b3350c0069bbea29c4a1f8ebe0f91a2ea87191a2b9a840a11ed1f7b0,5467,3582,2020:06:28 19:38:44,41.872269445,-87.6237834166667,212,true
Sunday_Night_Buildings-85.jpg,Sunday_Night_Buildings,18839441,301e3fffeebbf21993c858961aa1685e5aac0a4471c6b79d678964b8f411403f,5467,3582,2020:06:28 19:38:47,41.8721895,-87.6237863333333,212,true
Sunday_Night_Buildings-86.jpg,Sunday_Night_Buildings,18814325,5ec100d490059d346dd1cf20a57f1abb581e7d0f3dcd37e6d7d45276354b4ea7,5467,3582,2020:06:28 19:38:50,41.872115195,-87.623789305,213,true
Sunday_Night_Buildings-87.jpg,Sunday_Night_Buildings,18571387,4f3548c49e52bde5149b19609e63473282549cf53f5319fcdb6998b110b959cb,5467,3582,2020:06:28 19:38:53,41.8720329716667,-87.6237984716667,213,true
Sunday_Night_Buildings-88.jpg,Sunday_Night_Buildings,18044574,725ebb9993830ac963d004b86a6734b2b2223cc17e0b618ba3974e63fd43ffd4,5467,3582,2020:06:28 19:38:56,41.871952555,-87.6238023616667,213,true
Sunday_Night_Buildings-89.jpg,Sunday_Night_Buildings,17695160,c294c7420eadf633b25d8704a25fd511e41306283b3e8b38d64a905007fe5261,5467,3582,2020:06:28 19:38:59,41.8718700833333,-87.6238052216667,213,true
Sunday_Night_Buildings-9.jpg,Sunday_Night_Buildings,16907191,309f425cab3d19130f59ec03094637d8cc9bfd722ede3ac56557855a86c2125c,5467,3582,2020:06:28 19:34:15,41.8705519716667,-87.6236601383333,210,true
Sunday_Night_Buildings-90.jpg,Sunday_Night_Buildings,17184547,58810b9b9a44f07a322f019b2854d18b1a0a158a59593403acfddcc9ec7de4e3,5467,3582,2020:06:28 19:39:02,41.8717883333333,-87.6238053616667,213,true
Sunday_Night_Buildings-91.jpg,Sunday_Night_Buildings,16796619,6a391d7c2fd365c7d1c428de81a23c9ab376f5e96c103d214f1d59a7ff12147d,5467,3582,2020:06:28 19:39:05,41.8717044716667,-87.623804055,213,true
Sunday_Night_Buildings-92.jpg,Sunday_Night_Buildings,16200070,ddd2c360299f31b8f309be09bafa9b8262099c9c4c9a9b6a43609fff9e9d83e3,5467,3582,2020:06:28 19:39:08,41.8716275833333,-87.6238039166667,213,true
Sunday_Night_Buildings-93.jpg,Sunday_Night_Buildings,15943081,312344b9920b21e8e05b3d8c280389db3ed17eefd5f9abef69039d899c916eac,5467,3582,2020:06:28 19:39:11,41.8715617216667,-87.6237996383333,213,true
Sunday_Night_Buildings-94.jpg,Sunday_Night_Buildings,15783672,1a761d2c66ee95fd9e8df9013d65054bcc663d6c06eb4ebd3dd4909235b83c8f,5467,3582,2020:06:28 19:39:14,41.8714837783333,-87.62380325,213,true
Sunday_Night_Buildings-95.jpg,Sunday_Night_Buildings,15510481,42e7bf26301d7917f444733488e7445637f8b45ed67a3ee57e6c2eb7a6b46bdb,5467,3582,2020:06:28 19:39:17,41.871403805,-87.6238162216667,213,true
Sunday_Night_Buildings-96.jpg,Sunday_Night_Buildings,15812397,35004e9a3f718f5ec02a0295f56799f165734101b5610e9a9508e18643e3ac19,5467,3582,2020:06:28 19:39:20,41.8713240833333,-87.6238286116667,213,true
Sunday_Night_Buildings-97.jpg,Sunday_Night_Buildings,16026137,b601ca2e965d40ca89e68376a9d9086ac347d49241e5ac308b5f928d10ca47d2,5467,3582,2020:06:28 19:39:23,41.8712415283333,-87.623835055,213,true
Sunday_Night_Buildings-98.jpg,Sunday_Night_Buildings,16295700,1210e0408e9cd3a921cf52579ce2821be26fccd94cd3419f00eff113b3d1bce6,5467,3582,2020:06:28 19:39:26,41.871161445,-87.6238328616667,213,true
Sunday_Night_Buildings-99.jpg,Sunday_Night_Buildings,17070004,61210c9881b1bc01ff1c5ac9d58579ca136284b7b3e51de8e875fef30354475b,5467,3582,2020:06:28 19:39:29,41.8710819166667,-87.6238355283333,213,true
Sunday_Night_Street-1.jpg,Sunday_Night_Street,15152289,232aa88688e474841b6f19454e2b54ce5f89754d460c6ca2fbdabe248f91ca8f,5467,3582,2020:06:28 19:48:56,41.8733366383333,-87.6242366666667,211,true
Sunday_Night_Street-10.jpg,Sunday_Night_Street,16132257,15292211d145d2f0f3e6c5c656fd06bf0fe5ced39626eabd1edef88a39f82fb0,5467,3582,2020:06:28 19:49:24,41.8726583333333,-87.624220445,216,true
Sunday_Night_Street-11.jpg,Sunday_Night_Street,16292240,543369031d3f4567ffb4e6ddc54e397ccca256a09b8643a46f583b42f4b931c7,5467,3582,2020:06:28 19:49:27,41.872578695,-87.6242195,216,true
Sunday_Night_Street-12.jpg,Sunday_Night_Street,15989948,738981ebe496619297cb92c5ad3885187a52f06b06329df3bd7759b93d98d6f3,5467,3582,2020:06:28 19:49:30,41.87249825,-87.624218555,216,true
Sunday_Night_Street-13.jpg,Sunday_Night_Street,16005102,cde7f39f9b44b887399b1636d4e655973fdbcb87dac726c75316e6dac65e1ad2,5467,3582,2020:06:28 19:49:33,41.872418305,-87.624208695,215,true
Sunday_Night_Street-14.jpg,Sunday_Night_Street,15864260,e1bc487ad8c93e1bf01347053138e2ecf6687f446f64b43e41f2ce2020d7aafd,5467,3582,2020:06:28 19:49:36,41.8723395,-87.6242021666667,215,true
Sunday_Night_Street-15.jpg,Sunday_Night_Street,15721995,9bc9af32b885afc592283748e4ff7df069a1672dda72406de0e27e4988065b64,5467,3582,2020:06:28 19:49:39,41.8722611666667,-87.624197805,215,true
Sunday_Night_Street-16.jpg,Sunday_Night_Street,15544783,022a8daeedb693cb15546ddae8450c7f1bbe2fdd679fe938e1823cd2a8c954ec,5467,3582,2020:06:28 19:49:42,41.8721803616667,-87.6241857216667,216,true
Sunday_Night_Street-17.jpg,Sunday_Night_Street,15434301,aa7feb8adc8cd33d78f678241c8065dc0ec51c9cb99b7105835c4af224ccc4c5,5467,3582,2020:06:28 19:49:45,41.8721042216667,-87.6241871116667,216,true
Sunday_Night_Street-2.jpg,Sunday_Night_Street,14976850,3a396f56712b121005330a739834ff6e87a112601645140dda87f2b52e35cc0e,5467,3582,2020:06:28 19:48:59,41.8733001666667,-87.6242332783333,211,true
Sunday_Night_Street-3.jpg,Sunday_Night_Street,15131038,4f5c1de60db16004fd5b49b7b5bb359ff9ced8efaf2160fea24010d53712d441,5467,3582,2020:06:28 19:49:02,41.873231055,-87.6242163333333,211,true
Sunday_Night_Street-4.jpg,Sunday_Night_Street,15550694,c0f0761883d54ed9acabafc5e840c6964df4604d68ce1e16009e467e13647176,5467,3582,2020:06:28 19:49:06,41.87315,-87.624206695,212,true
Sunday_Night_Street-5.jpg,Sunday_Night_Street,15842509,7c44e3ba006d567ee901df387d61b4c7845c3125b0d25f48227776a760ce633e,5467,3582,2020:06:28 19:49:09,41.8730706666667,-87.6242111383333,213,true
Sunday_Night_Street-6.jpg,Sunday_Night_Street,16123882,8125b838ea7ade2292a8ff6c9a07473cd225939ddb884b740d1a605f84ef22a5,5467,3582,2020:06:28 19:49:12,41.87298775,-87.624211945,216,true
Sunday_Night_Street-7.jpg,Sunday_Night_Street,15605224,9f0866664ebc9d05647ad200f7d2ca1a6ae7c67938167614191ebd4a4f8adaf6,5467,3582,2020:06:28 19:49:15,41.872906695,-87.6242179166667,216,true
Sunday_Night_Street-8.jpg,Sunday_Night_Street,15726789,b264eecdfea4917216efe8607e6e0fba1d5073a74bc3f3ebe4947131b31d8f40,5467,3582,2020:06:28 19:49:18,41.8728231666667,-87.6242303883333,216,true
Sunday_Night_Street-9.jpg,Sunday_Night_Street,16013621,415799fc3430c5515318c949c9b2f021ff1b03beba05503e963a0ee2fd65e9cc,5467,3582,2020:06:28 19:49:21,41.8727419716667,-87.6242367216667,215,true
